unsigned char ___resources_MSXAUDIO_NMS1205_ROM[] = {
  0xc3, 0xbb, 0x04, 0x00, 0x00, 0x00, 0x00, 0x00, 0xc3, 0x0e, 0x04, 0x00,
  0xc3, 0x18, 0x02, 0x00, 0xc3, 0x1a, 0x04, 0x00, 0xc3, 0x33, 0x02, 0x00,
  0xc3, 0x60, 0x07, 0x00, 0xc3, 0x73, 0x02, 0x00, 0xc3, 0x65, 0x07, 0x00,
  0xc3, 0x1e, 0x03, 0x00, 0x00, 0x00, 0x00, 0x00, 0x00, 0x00, 0x00, 0x00,
  0xc3, 0x61, 0x02, 0x00, 0xc3, 0xc7, 0x01, 0x00, 0xc3, 0x00, 0x33, 0x00,
  0x00, 0x00, 0x00, 0x00, 0x00, 0x00, 0x00, 0x00, 0x00, 0x00, 0x00, 0x00,
  0x00, 0x00, 0x00, 0x00, 0x00, 0x00, 0x00, 0x00, 0x00, 0x00, 0x00, 0x00,
  0x00, 0x00, 0x00, 0x00, 0x00, 0x00, 0x00, 0x00, 0x00, 0x00, 0x00, 0x00,
  0x00, 0x00, 0x00, 0x00, 0x00, 0x00, 0xcd, 0xd6, 0xfd, 0xed, 0x45, 0x00,
  0x00, 0x00, 0x00, 0x00, 0x00, 0x00, 0x00, 0x00, 0x00, 0x00, 0x00, 0x00,
  0x00, 0x00, 0x00, 0x00, 0x00, 0x00, 0x00, 0x00, 0x41, 0x55, 0x44, 0x49,
  0x4f, 0x20, 0x62, 0x79, 0x20, 0x46, 0x52, 0x53, 0x00, 0x00, 0x00, 0x00,
  0xc3, 0xb1, 0x05, 0xc3, 0x0e, 0x04, 0xc3, 0x1a, 0x04, 0xc3, 0x60, 0x07,
  0xc3, 0x65, 0x07, 0xc3, 0xd4, 0x07, 0xc3, 0xd9, 0x07, 0xc3, 0xf6, 0x07,
  0xc3, 0xf9, 0x07, 0xc3, 0x72, 0x04, 0xc3, 0xbb, 0x04, 0xc3, 0x7d, 0x05,
  0xc3, 0x97, 0x03, 0xc3, 0x67, 0x05, 0xc9, 0xc9, 0xc9, 0xc9, 0xc9, 0xc9,
  0xc9, 0xc9, 0xc9, 0xc9, 0xc9, 0xc9, 0xc9, 0xc9, 0xc9, 0xc9, 0xc9, 0xc9,
  0xc9, 0xc9, 0xc9, 0xc9, 0xc9, 0xc9, 0xc9, 0xc9, 0xc9, 0xc9, 0xc9, 0xc9,
  0xc9, 0xc9, 0xc9, 0xc9, 0xc9, 0xc9, 0xc9, 0xc9, 0xc9, 0xc9, 0xc9, 0xc9,
  0xc9, 0xc9, 0xc9, 0xc9, 0xc9, 0xc9, 0xc9, 0xc9, 0xc9, 0xc9, 0xc9, 0xc9,
  0x00, 0x00, 0x00, 0x00, 0x00, 0x00, 0x00, 0x00, 0x00, 0x00, 0x00, 0x00,
  0x00, 0x00, 0x00, 0x00, 0x00, 0x00, 0x00, 0x00, 0x00, 0x00, 0x00, 0x00,
  0x00, 0x00, 0x00, 0x00, 0x00, 0x00, 0x00, 0x00, 0x00, 0x00, 0x00, 0x00,
  0x00, 0x00, 0x00, 0x00, 0x00, 0x00, 0x00, 0x00, 0x00, 0x00, 0x00, 0x00,
  0x00, 0x00, 0x00, 0x00, 0x00, 0x00, 0x00, 0x00, 0x00, 0x00, 0x00, 0x00,
  0x00, 0x00, 0x00, 0x00, 0x00, 0x00, 0x00, 0x00, 0x00, 0x00, 0x00, 0x00,
  0x00, 0x00, 0x00, 0x00, 0x00, 0x00, 0x00, 0x00, 0x00, 0x00, 0x00, 0x00,
  0x00, 0x00, 0x00, 0x00, 0x00, 0x00, 0x00, 0x00, 0x00, 0x00, 0x00, 0x00,
  0x00, 0x00, 0x00, 0x00, 0x00, 0x00, 0x00, 0x00, 0x00, 0x00, 0x00, 0x00,
  0x00, 0x00, 0x00, 0x00, 0x00, 0x00, 0x00, 0x00, 0x00, 0x00, 0x00, 0x00,
  0x00, 0x00, 0x00, 0x00, 0x00, 0x00, 0x00, 0x00, 0x00, 0x00, 0x00, 0x00,
  0x00, 0x00, 0x00, 0x00, 0x00, 0x00, 0x00, 0x00, 0x00, 0x00, 0x00, 0x00,
  0x00, 0x00, 0x00, 0x00, 0x00, 0x00, 0x00, 0x00, 0x00, 0x00, 0x00, 0x00,
  0x00, 0x00, 0x00, 0x00, 0x00, 0x00, 0x00, 0x00, 0x00, 0x00, 0x00, 0x00,
  0x00, 0x00, 0x00, 0x00, 0x00, 0x00, 0x00, 0x00, 0x00, 0x00, 0x00, 0x00,
  0x00, 0x00, 0x00, 0x00, 0x00, 0x00, 0x00, 0x00, 0x00, 0x00, 0x00, 0x00,
  0x00, 0x00, 0x00, 0x00, 0x00, 0x00, 0x00, 0x00, 0x00, 0x00, 0x00, 0x00,
  0x00, 0x00, 0x00, 0x00, 0x00, 0xe9, 0x85, 0x6f, 0xd0, 0x24, 0xc9, 0xf3,
  0xdb, 0xa8, 0x4f, 0x57, 0x7c, 0x07, 0x07, 0xe6, 0x03, 0x28, 0x07, 0x47,
  0x7a, 0x0f, 0x0f, 0x10, 0xfc, 0x57, 0x7a, 0xe6, 0x03, 0x57, 0xe5, 0x21,
  0xc1, 0xfc, 0x85, 0x6f, 0xcb, 0x7e, 0xe1, 0xc4, 0xec, 0x01, 0x7a, 0xc9,
  0x7a, 0x0f, 0x0f, 0xe6, 0xc0, 0x5f, 0x79, 0xe6, 0x3f, 0xb3, 0xd3, 0xa8,
  0x3a, 0xff, 0xff, 0xee, 0xff, 0x5f, 0x79, 0xd3, 0xa8, 0x7c, 0x07, 0x07,
  0x3d, 0xe6, 0x03, 0x28, 0x07, 0x47, 0x7b, 0x0f, 0x0f, 0x10, 0xfc, 0x5f,
  0x7b, 0xe6, 0x0c, 0xf6, 0x80, 0xb2, 0x57, 0xc9, 0xcd, 0x3e, 0x03, 0xfa,
  0x28, 0x02, 0xdb, 0xa8, 0x57, 0xa1, 0xb0, 0xcd, 0x80, 0xf3, 0x7b, 0xc9,
  0xe5, 0xcd, 0x63, 0x03, 0xe3, 0xc5, 0xcd, 0x18, 0x02, 0x18, 0x1b, 0xd5,
  0xcd, 0x3e, 0x03, 0xfa, 0x43, 0x02, 0xd1, 0xdb, 0xa8, 0x57, 0xa1, 0xb0,
  0xc3, 0x85, 0xf3, 0xe3, 0xe5, 0xcd, 0x63, 0x03, 0xd1, 0xe3, 0xc5, 0xcd,
  0x33, 0x02, 0xc1, 0xe3, 0xf5, 0x78, 0xe6, 0x3f, 0xb1, 0xd3, 0xa8, 0x7d,
  0x32, 0xff, 0xff, 0x78, 0xd3, 0xa8, 0xf1, 0xe1, 0xc9, 0xe3, 0xf5, 0xd5,
  0x7e, 0xf5, 0xfd, 0xe1, 0x23, 0x5e, 0x23, 0x56, 0x23, 0xd5, 0xdd, 0xe1,
  0xd1, 0xf1, 0xe3, 0xd9, 0x08, 0xfd, 0xe5, 0xf1, 0xdd, 0xe5, 0xe1, 0xcd,
  0x3e, 0x03, 0xfa, 0x8a, 0x02, 0xdb, 0xa8, 0xf5, 0xa1, 0xb0, 0xd9, 0xc3,
  0x8c, 0xf3, 0xf5, 0xe6, 0x03, 0xc5, 0x47, 0x3a, 0x0e, 0x3b, 0xe6, 0x03,
  0xb8, 0xc1, 0x20, 0x05, 0x7c, 0xe6, 0xc0, 0x28, 0x39, 0xf1, 0xcd, 0x63,
  0x03, 0xf5, 0xfd, 0xe1, 0xe5, 0xc5, 0x4f, 0x06, 0x00, 0x7d, 0xa4, 0xb2,
  0x21, 0xc5, 0xfc, 0x09, 0x77, 0xe5, 0x08, 0xd9, 0xcd, 0x73, 0x02, 0xd9,
  0x08, 0xe1, 0xc1, 0xd1, 0xed, 0x57, 0xf5, 0x78, 0xe6, 0x3f, 0xb1, 0xf3,
  0xd3, 0xa8, 0x7b, 0x32, 0xff, 0xff, 0x78, 0xd3, 0xa8, 0x73, 0xf1, 0xe2,
  0xd3, 0x02, 0xfb, 0x08, 0xd9, 0xc9, 0x26, 0x40, 0xcd, 0xc7, 0x01, 0xf5,
  0x3a, 0x0e, 0x3b, 0x26, 0x40, 0xcd, 0x1e, 0x03, 0xe1, 0xf1, 0xe5, 0x6f,
  0xe6, 0x03, 0xe5, 0xf5, 0x21, 0xc5, 0xfc, 0x85, 0x6f, 0xf1, 0xe3, 0x0f,
  0x0f, 0x57, 0xdb, 0xa8, 0x4f, 0xe6, 0x3f, 0xb2, 0x67, 0xd3, 0xa8, 0x3a,
  0xff, 0xff, 0x2f, 0x47, 0x7d, 0xe6, 0x0c, 0x0f, 0x0f, 0x5f, 0x78, 0xe6,
  0xfc, 0xb3, 0x5f, 0xc3, 0x21, 0x40, 0x70, 0xf1, 0xe1, 0xf5, 0x7c, 0x26,
  0x40, 0xcd, 0x1e, 0x03, 0x18, 0xb0, 0xcd, 0x3e, 0x03, 0xfa, 0x2b, 0x03,
  0xdb, 0xa8, 0xa1, 0xb0, 0xd3, 0xa8, 0xc9, 0xe5, 0xcd, 0x63, 0x03, 0x4f,
  0x06, 0x00, 0x7d, 0xa4, 0xb2, 0x21, 0xc5, 0xfc, 0x09, 0x77, 0xe1, 0x79,
  0x18, 0xe0, 0xf3, 0xf5, 0x7c, 0x07, 0x07, 0xe6, 0x03, 0x5f, 0x3e, 0xc0,
  0x07, 0x07, 0x1d, 0xf2, 0x48, 0x03, 0x5f, 0x2f, 0x4f, 0xf1, 0xf5, 0xe6,
  0x03, 0x3c, 0x47, 0x3e, 0xab, 0xc6, 0x55, 0x10, 0xfc, 0x57, 0xa3, 0x47,
  0xf1, 0xa7, 0xc9, 0xf5, 0x7a, 0xe6, 0xc0, 0x4f, 0xf1, 0xf5, 0x57, 0xdb,
  0xa8, 0x47, 0xe6, 0x3f, 0xb1, 0xd3, 0xa8, 0x7a, 0x0f, 0x0f, 0xe6, 0x03,
  0x57, 0x3e, 0xab, 0xc6, 0x55, 0x15, 0xf2, 0x7b, 0x03, 0xa3, 0x57, 0x7b,
  0x2f, 0x67, 0x3a, 0xff, 0xff, 0x2f, 0x6f, 0xa4, 0xb2, 0x32, 0xff, 0xff,
  0x78, 0xd3, 0xa8, 0xf1, 0xe6, 0x03, 0xc9, 0xf3, 0xf5, 0xc5, 0xd5, 0xe5,
  0x3a, 0x91, 0x33, 0x57, 0xed, 0x4b, 0x16, 0x40, 0x1f, 0x30, 0x02, 0x0c,
  0x0c, 0x1e, 0x04, 0xed, 0x59, 0xcb, 0x22, 0x30, 0x09, 0xdb, 0xe6, 0x57,
  0xdb, 0xe6, 0x92, 0xb8, 0x38, 0xfa, 0x06, 0x80, 0xed, 0x78, 0x0c, 0xed,
  0x41, 0x87, 0x87, 0x30, 0x04, 0x21, 0x40, 0x33, 0x34, 0x87, 0x30, 0x04,
  0x21, 0x44, 0x33, 0x34, 0x87, 0x30, 0x04, 0x21, 0x50, 0x33, 0x34, 0x3a,
  0xe4, 0x32, 0xe6, 0x02, 0x20, 0x12, 0x3e, 0x04, 0xd3, 0xc2, 0x0e, 0xc3,
  0xdb, 0xc2, 0xed, 0x41, 0xe6, 0x10, 0x28, 0x04, 0x21, 0x54, 0x33, 0x34,
  0xcd, 0x08, 0x33, 0x38, 0x0a, 0xcd, 0xab, 0x34, 0x87, 0x30, 0x04, 0x21,
  0x48, 0x33, 0x34, 0xcd, 0x10, 0x33, 0x3a, 0x00, 0x34, 0xa7, 0xcc, 0x34,
  0x04, 0xe1, 0xd1, 0xc1, 0xf1, 0xc9, 0xf3, 0xf5, 0x3a, 0x00, 0x34, 0x3c,
  0x32, 0x00, 0x34, 0xf1, 0xfb, 0xc9, 0xf3, 0xf5, 0x3a, 0x00, 0x34, 0xa7,
  0x28, 0x0f, 0x3d, 0x32, 0x00, 0x34, 0x20, 0x09, 0xc5, 0xd5, 0xe5, 0xcd,
  0x34, 0x04, 0xe1, 0xd1, 0xc1, 0xf1, 0xfb, 0xc9, 0x3e, 0x01, 0x32, 0x00,
  0x34, 0xf3, 0xaf, 0x21, 0x50, 0x33, 0xb6, 0x20, 0x22, 0x21, 0x54, 0x33,
  0xb6, 0x20, 0x1c, 0x2a, 0x60, 0x33, 0xb6, 0x20, 0x16, 0x2a, 0x62, 0x33,
  0xb6, 0x20, 0x10, 0x2a, 0x64, 0x33, 0xb6, 0x20, 0x0a, 0x2a, 0x66, 0x33,
  0xb6, 0x20, 0x04, 0x32, 0x00, 0x34, 0xc9, 0x35, 0x4e, 0x23, 0x7e, 0x23,
  0x66, 0x6f, 0xfb, 0xb4, 0x79, 0xc4, 0xc1, 0x01, 0x18, 0xc7, 0xf3, 0x21,
  0x02, 0x34, 0xcb, 0x4e, 0x20, 0x2d, 0xfe, 0x08, 0xd0, 0xdd, 0xe5, 0xfd,
  0xe5, 0x21, 0x00, 0x34, 0x34, 0x21, 0x02, 0x34, 0xcb, 0xc6, 0x87, 0x21,
  0xab, 0x04, 0xcd, 0xc2, 0x01, 0x7e, 0x23, 0x66, 0x6f, 0xfb, 0xcd, 0xc1,
  0x01, 0xfb, 0x21, 0x02, 0x34, 0xcb, 0x86, 0xcd, 0x1a, 0x04, 0xfd, 0xe1,
  0xdd, 0xe1, 0xc9, 0xaf, 0x3f, 0xfb, 0xc9, 0xe0, 0x09, 0x73, 0x0b, 0xc5,
  0x19, 0xf7, 0x1e, 0x65, 0x05, 0x65, 0x05, 0x65, 0x05, 0x65, 0x05, 0xfe,
  0x40, 0xd0, 0xf3, 0xdd, 0xe5, 0xfd, 0xe5, 0x21, 0x00, 0x34, 0x34, 0x23,
  0x34, 0x87, 0x21, 0xe5, 0x04, 0xcd, 0xc2, 0x01, 0x7e, 0x23, 0x66, 0x6f,
  0xfb, 0xcd, 0xc1, 0x01, 0xfb, 0x21, 0x01, 0x34, 0x35, 0xcd, 0x1a, 0x04,
  0xfd, 0xe1, 0xdd, 0xe1, 0xc9, 0xd7, 0x27, 0x5a, 0x28, 0x8f, 0x28, 0xdd,
  0x28, 0x43, 0x20, 0xf1, 0x26, 0x60, 0x27, 0x1d, 0x20, 0xf6, 0x25, 0x74,
  0x26, 0x5c, 0x25, 0x7b, 0x24, 0x87, 0x24, 0x31, 0x2a, 0x6d, 0x2b, 0xa6,
  0x2a, 0x08, 0x08, 0x27, 0x08, 0x3e, 0x08, 0x34, 0x08, 0xcb, 0x08, 0x64,
  0x09, 0xc8, 0x1f, 0xef, 0x08, 0x01, 0x09, 0x33, 0x2d, 0x3c, 0x23, 0x8d,
  0x23, 0xcd, 0x1a, 0xe5, 0x1a, 0x16, 0x1b, 0x45, 0x1b, 0xcc, 0x0b, 0xa6,
  0x0b, 0x3f, 0x0c, 0xca, 0x0b, 0xa4, 0x0b, 0x2d, 0x0c, 0xe2, 0x0d, 0x14,
  0x0d, 0xe2, 0x0d, 0x30, 0x0d, 0x83, 0x24, 0x1e, 0x21, 0x83, 0x09, 0x65,
  0x05, 0x65, 0x05, 0x65, 0x05, 0xe4, 0x19, 0x06, 0x1a, 0x26, 0x1a, 0xa3,
  0x1c, 0xb4, 0x1c, 0x0e, 0x1d, 0x7e, 0x1d, 0xa5, 0x1d, 0xce, 0x1d, 0xf5,
  0x1d, 0x65, 0x05, 0x65, 0x05, 0x65, 0x05, 0x65, 0x05, 0x65, 0x05, 0x65,
  0x05, 0xaf, 0xc9, 0xf3, 0x21, 0x01, 0x34, 0x34, 0x2b, 0x34, 0xfb, 0xdd,
  0xe5, 0xcd, 0xbc, 0x0c, 0xdd, 0xe1, 0x2b, 0x35, 0xcd, 0x1a, 0x04, 0xa7,
  0xc9, 0xf3, 0x3a, 0x02, 0x34, 0xe6, 0x02, 0x20, 0x1a, 0x21, 0x00, 0x34,
  0x34, 0xfb, 0xdd, 0xe5, 0xfd, 0xe5, 0xcd, 0x1a, 0x1f, 0xfd, 0xe1, 0xdd,
  0xe1, 0x21, 0x02, 0x34, 0xcb, 0x8e, 0xcd, 0x1a, 0x04, 0xa7, 0xc9, 0xfb,
  0x37, 0xc9, 0x3a, 0x91, 0x33, 0x07, 0xd0, 0xdb, 0xe6, 0x57, 0xdb, 0xe6,
  0x92, 0xb8, 0x38, 0xfa, 0xc9, 0xf3, 0xdd, 0xe5, 0xfd, 0xe5, 0xcd, 0xd4,
  0x05, 0xdd, 0x21, 0x00, 0x30, 0xfd, 0x21, 0x80, 0x32, 0xcd, 0xa4, 0x06,
  0xdd, 0x21, 0x20, 0x30, 0xfd, 0x21, 0xc0, 0x32, 0xcd, 0xa4, 0x06, 0xfd,
  0xe1, 0xdd, 0xe1, 0xc9, 0x3a, 0x91, 0x33, 0xf5, 0x3a, 0xa4, 0x32, 0xf5,
  0x3a, 0xe4, 0x32, 0xf5, 0x2a, 0x2d, 0x74, 0xe5, 0x2a, 0x2f, 0x74, 0xe5,
  0x21, 0x00, 0x30, 0x11, 0x01, 0x30, 0x01, 0xff, 0x06, 0x75, 0xed, 0xb0,
  0xe1, 0x22, 0x2f, 0x74, 0xe1, 0x22, 0x2d, 0x74, 0xf1, 0x32, 0xe4, 0x32,
  0xf1, 0x32, 0xa4, 0x32, 0xf1, 0x32, 0x91, 0x33, 0x3e, 0x20, 0x32, 0x96,
  0x34, 0x32, 0xa5, 0x34, 0x21, 0x70, 0x06, 0x11, 0xa8, 0x34, 0x01, 0x0c,
  0x00, 0xed, 0xb0, 0x3a, 0x0c, 0x3b, 0x32, 0xb2, 0x34, 0x3c, 0x32, 0xac,
  0x34, 0x3a, 0x0d, 0x3b, 0x32, 0xaf, 0x34, 0x3c, 0x32, 0xa9, 0x34, 0x21,
  0x7c, 0x06, 0x11, 0x00, 0x33, 0x01, 0x20, 0x00, 0xed, 0xb0, 0x21, 0x9c,
  0x06, 0x11, 0x60, 0x33, 0x01, 0x08, 0x00, 0xed, 0xb0, 0x21, 0x67, 0x05,
  0x22, 0x45, 0x33, 0x21, 0xc6, 0x25, 0x22, 0x51, 0x33, 0x21, 0xd3, 0x25,
  0x22, 0x55, 0x33, 0x21, 0x21, 0x11, 0x22, 0x80, 0x33, 0x21, 0xa1, 0x15,
  0x22, 0x84, 0x33, 0x21, 0x00, 0x37, 0x22, 0x82, 0x33, 0x21, 0x7b, 0x34,
  0x22, 0x79, 0x34, 0xc9, 0xd3, 0x00, 0xc9, 0xdb, 0x00, 0xc9, 0xd3, 0x00,
  0xc9, 0xdb, 0x00, 0xc9, 0xcd, 0x97, 0x03, 0xfb, 0xc9, 0xb0, 0xc2, 0xfa,
  0xaf, 0xc9, 0xfe, 0x0f, 0x28, 0x1f, 0x78, 0xfe, 0xc9, 0x28, 0x2f, 0xb7,
  0x79, 0x28, 0x04, 0xb7, 0xaf, 0xc9, 0x78, 0x19, 0xf6, 0x90, 0xdd, 0x77,
  0x44, 0x33, 0x40, 0x33, 0x48, 0x33, 0x4c, 0x33, 0x3e, 0x09, 0x0e, 0x18,
  0xe7, 0x0c, 0xcd, 0xd9, 0x07, 0xe6, 0x07, 0xf6, 0x08, 0xfd, 0x77, 0x19,
  0x0e, 0x19, 0xe7, 0xaf, 0x0e, 0x02, 0xe7, 0x3e, 0xbf, 0xfd, 0x77, 0x03,
  0x0c, 0xe7, 0x3e, 0x01, 0x0e, 0x07, 0xe7, 0xaf, 0xe7, 0x0c, 0xe7, 0x3e,
  0x78, 0xfd, 0x77, 0x04, 0x0e, 0x04, 0xe7, 0x3e, 0x80, 0xe7, 0xaf, 0xfd,
  0x77, 0x16, 0x0e, 0x16, 0xe7, 0x3e, 0x04, 0xfd, 0x77, 0x17, 0x0c, 0xe7,
  0xaf, 0x0e, 0xbd, 0xe7, 0x3d, 0x0e, 0x12, 0xe7, 0xcd, 0xce, 0x23, 0xfd,
  0x77, 0x23, 0x06, 0x09, 0x0e, 0x00, 0x21, 0x49, 0x07, 0xc5, 0xfd, 0x7e,
  0x24, 0xdd, 0x77, 0x1b, 0xdd, 0x71, 0x1c, 0x7e, 0x23, 0xdd, 0x77, 0x1d,
  0xaf, 0x0e, 0xb0, 0xcd, 0x9a, 0x07, 0x3e, 0x20, 0x0e, 0x20, 0xcd, 0x9a,
  0x07, 0xdd, 0x77, 0x00, 0x0e, 0x23, 0xcd, 0x9a, 0x07, 0xdd, 0x77, 0x08,
  0x3e, 0x0c, 0x0e, 0x80, 0xcd, 0x9a, 0x07, 0xdd, 0x77, 0x03, 0x0e, 0x83,
  0xcd, 0x9a, 0x07, 0xdd, 0x77, 0x0b, 0x01, 0x40, 0x00, 0xdd, 0x09, 0xc1,
  0x0c, 0x10, 0xbe, 0x21, 0x27, 0xfa, 0x11, 0x28, 0xfa, 0x01, 0x8f, 0x00,
  0x36, 0x00, 0xed, 0xb0, 0xc9, 0x00, 0x01, 0x02, 0x08, 0x09, 0x0a, 0x10,
  0x11, 0x12, 0x3a, 0x0e, 0x7b, 0x26, 0x80, 0xc3, 0x24, 0x00, 0xcd, 0x52,
  0x07, 0xc3, 0x90, 0x81, 0xcd, 0x65, 0x07, 0xfb, 0xc9, 0xc5, 0xd5, 0x5f,
  0x51, 0xed, 0x4b, 0x16, 0x40, 0xfd, 0x7e, 0x24, 0x1f, 0x30, 0x05, 0x1f,
  0x38, 0x1a, 0x0c, 0x0c, 0xf3, 0xed, 0x51, 0xcd, 0xa2, 0x05, 0x0c, 0xed,
  0x59, 0x7a, 0xfe, 0x1b, 0x38, 0x02, 0x06, 0x06, 0xcd, 0xa2, 0x05, 0x7b,
  0xd1, 0xc1, 0xb7, 0xc9, 0x7b, 0xd1, 0xc1, 0x37, 0xc9, 0xcd, 0x9a, 0x07,
  0xfb, 0xc9, 0xf3, 0x37, 0xdd, 0xcb, 0x1b, 0x56, 0xc0, 0xa7, 0xc5, 0xd5,
  0x5f, 0x79, 0xfe, 0xa0, 0x30, 0x05, 0xdd, 0x86, 0x1d, 0x18, 0x03, 0xdd,
  0x86, 0x1c, 0xdd, 0xcb, 0x1b, 0x46, 0x57, 0xed, 0x4b, 0x16, 0x40, 0x28,
  0xbb, 0x0c, 0x0c, 0x18, 0xb7, 0xdd, 0x86, 0x1c, 0xf3, 0xed, 0x79, 0xcd,
  0xa2, 0x05, 0x0c, 0xed, 0x59, 0x06, 0x06, 0xcd, 0xa2, 0x05, 0xfb, 0xc9,
  0xcd, 0xd9, 0x07, 0xfb, 0xc9, 0xc5, 0xd5, 0xed, 0x4b, 0x16, 0x40, 0xfd,
  0x7e, 0x24, 0x1f, 0x30, 0x05, 0x1f, 0x38, 0x0b, 0x0c, 0x0c, 0xf3, 0xed,
  0x79, 0xcd, 0xa2, 0x05, 0x0c, 0xed, 0x78, 0xd1, 0xc1, 0xc9, 0xfb, 0x18,
  0x01, 0xf3, 0xfd, 0x7e, 0x24, 0x1f, 0x38, 0x03, 0xdb, 0xc0, 0xc9, 0x1f,
  0xd8, 0xdb, 0xc2, 0xc9, 0xfd, 0x21, 0x80, 0x32, 0x79, 0x0e, 0x63, 0x1f,
  0x30, 0x02, 0xcb, 0xb1, 0x1f, 0x30, 0x02, 0xcb, 0xa9, 0x3a, 0x84, 0x32,
  0xe6, 0x1c, 0xb1, 0x32, 0x84, 0x32, 0x0e, 0x04, 0xdf, 0xa7, 0xc9, 0xfd,
  0x21, 0x80, 0x32, 0x79, 0x32, 0x82, 0x32, 0x0e, 0x02, 0xdf, 0xa7, 0xc9,
  0x79, 0xcb, 0x3f, 0x21, 0x4b, 0x08, 0xcd, 0xc2, 0x01, 0x4e, 0xfd, 0x21,
  0x80, 0x32, 0x79, 0x32, 0x83, 0x32, 0x0e, 0x03, 0xdf, 0xa7, 0xc9, 0x00,
  0x00, 0x00, 0x00, 0x00, 0x00, 0x00, 0x00, 0x00, 0x00, 0x00, 0x00, 0x00,
  0x00, 0x00, 0x00, 0x0c, 0x1a, 0x27, 0x32, 0x3d, 0x46, 0x4e, 0x56, 0x5d,
  0x64, 0x6a, 0x6f, 0x74, 0x79, 0x7e, 0x82, 0x86, 0x8a, 0x8d, 0x90, 0x93,
  0x96, 0x99, 0x9c, 0x9e, 0xa1, 0xa3, 0xa5, 0xa7, 0xa9, 0xab, 0xad, 0xaf,
  0xb0, 0xb2, 0xb3, 0xb5, 0xb6, 0xb8, 0xb9, 0xba, 0xbb, 0xbd, 0xbe, 0xbf,
  0xc0, 0xc1, 0xc2, 0xc3, 0xc4, 0xc5, 0xc6, 0xc7, 0xc7, 0xc8, 0xc9, 0xca,
  0xca, 0xcb, 0xcc, 0xcd, 0xcd, 0xce, 0xcf, 0xcf, 0xd0, 0xd0, 0xd1, 0xd1,
  0xd2, 0xd3, 0xd3, 0xd4, 0xd4, 0xd5, 0xd5, 0xd6, 0xd6, 0xd6, 0xd7, 0xd7,
  0xd8, 0xd8, 0xd9, 0xd9, 0xd9, 0xda, 0xda, 0xda, 0xdb, 0xdb, 0xdb, 0xdc,
  0xdc, 0xdc, 0xdd, 0xdd, 0xdd, 0xde, 0xde, 0xde, 0xdf, 0xdf, 0xdf, 0xdf,
  0xe0, 0xe0, 0xe0, 0xe0, 0xe1, 0xe1, 0xe1, 0xfd, 0x21, 0x80, 0x32, 0x3a,
  0xa2, 0x32, 0xe6, 0xe0, 0x0e, 0xbd, 0xdf, 0xfd, 0x21, 0xc0, 0x32, 0x3a,
  0xe2, 0x32, 0xe6, 0xe0, 0xdf, 0x06, 0x12, 0xdd, 0x21, 0x00, 0x30, 0xc5,
  0xcd, 0x3f, 0x0c, 0xc1, 0x10, 0xf9, 0xc9, 0x79, 0xe6, 0xc0, 0x4f, 0xfd,
  0x7e, 0x22, 0xe6, 0x3f, 0xb1, 0xfd, 0x77, 0x22, 0x0e, 0xbd, 0xdf, 0xa7,
  0xc9, 0x3a, 0x13, 0x7b, 0xe6, 0x02, 0x28, 0x30, 0xfd, 0xe5, 0x3a, 0x92,
  0x33, 0xe6, 0x01, 0xfd, 0x21, 0x27, 0xfa, 0xdd, 0x21, 0x00, 0x30, 0x06,
  0x09, 0x28, 0x02, 0x06, 0x06, 0xc5, 0xd5, 0xfd, 0x73, 0x05, 0xfd, 0x72,
  0x06, 0xcd, 0x08, 0x0f, 0x01, 0x10, 0x00, 0xfd, 0x09, 0x0e, 0x40, 0xdd,
  0x09, 0xd1, 0xc1, 0x10, 0xe8, 0xfd, 0xe1, 0xc9, 0xfd, 0x73, 0x20, 0xfd,
  0x72, 0x21, 0xfd, 0x7e, 0x24, 0x0f, 0x0f, 0x38, 0x1d, 0x0f, 0x38, 0x1a,
  0x06, 0x09, 0xdd, 0x21, 0x00, 0x30, 0xcb, 0x6f, 0x28, 0x04, 0xdd, 0x21,
  0x20, 0x30, 0xc5, 0xcd, 0x08, 0x0f, 0xc1, 0x11, 0x40, 0x00, 0xdd, 0x19,
  0x10, 0xf4, 0xa7, 0xc9, 0x79, 0xe6, 0x1f, 0x57, 0x2f, 0x5f, 0x0e, 0xbd,
  0xfd, 0x21, 0x80, 0x32, 0xfd, 0x7e, 0x22, 0x47, 0xa3, 0xcd, 0x65, 0x07,
  0xfb, 0x78, 0xb2, 0xfd, 0x77, 0x22, 0xcd, 0x65, 0x07, 0xfb, 0xc9, 0xc5,
  0xdd, 0xe5, 0x51, 0x01, 0x80, 0x01, 0xdd, 0x09, 0xcb, 0x62, 0xc4, 0xca,
  0x09, 0x01, 0x40, 0x00, 0xdd, 0x09, 0xcb, 0x42, 0xc4, 0xb4, 0x09, 0xcb,
  0x5a, 0xc4, 0xca, 0x09, 0x01, 0x40, 0x00, 0xdd, 0x09, 0xcb, 0x52, 0xc4,
  0xb4, 0x09, 0xcb, 0x4a, 0xc4, 0xca, 0x09, 0x7a, 0xdd, 0xe1, 0xc1, 0xc9,
  0xdd, 0xcb, 0x1b, 0x56, 0xc0, 0xdd, 0x7e, 0x01, 0xe6, 0xc0, 0xb3, 0xdd,
  0x77, 0x01, 0x0e, 0x40, 0xf3, 0xcd, 0xa2, 0x07, 0xfb, 0xc9, 0xdd, 0xcb,
  0x1b, 0x56, 0xc0, 0xdd, 0x7e, 0x09, 0xe6, 0xc0, 0xb3, 0xdd, 0x77, 0x09,
  0x0e, 0x43, 0xf3, 0xcd, 0xa2, 0x07, 0xfb, 0xc9, 0xcb, 0x51, 0x28, 0x06,
  0x16, 0x00, 0x7b, 0xe6, 0x3f, 0x5f, 0xed, 0x53, 0x03, 0x34, 0x21, 0x01,
  0x00, 0x22, 0x05, 0x34, 0x21, 0x07, 0x34, 0x22, 0x8c, 0x34, 0xc5, 0x0e,
  0xfb, 0x3a, 0xa4, 0x32, 0xa1, 0x32, 0xa4, 0x32, 0x06, 0x09, 0xdd, 0x21,
  0x00, 0x30, 0x11, 0x40, 0x00, 0xdd, 0x7e, 0x1b, 0xa1, 0xdd, 0x77, 0x1b,
  0xdd, 0x19, 0x10, 0xf5, 0x3a, 0xe4, 0x32, 0xcb, 0x4f, 0x28, 0x07, 0xf6,
  0x04, 0x32, 0xe4, 0x32, 0x18, 0x15, 0xa1, 0x32, 0xe4, 0x32, 0x06, 0x09,
  0xdd, 0x21, 0x20, 0x30, 0xdd, 0x7e, 0x1b, 0xa1, 0xdd, 0x77, 0x1b, 0xdd,
  0x19, 0x10, 0xf5, 0xcd, 0xcb, 0x08, 0xcd, 0xc5, 0x19, 0xc1, 0xc5, 0xcb,
  0x41, 0x28, 0x18, 0x06, 0x09, 0x0e, 0xa3, 0xdd, 0x21, 0x00, 0x30, 0xdd,
  0xe5, 0xc5, 0xcd, 0x14, 0x0d, 0xc1, 0xdd, 0xe1, 0x11, 0x40, 0x00, 0xdd,
  0x19, 0x10, 0xf0, 0xc1, 0xc5, 0xcb, 0x49, 0x28, 0x18, 0x06, 0x09, 0x0e,
  0xa3, 0xdd, 0x21, 0x20, 0x30, 0xdd, 0xe5, 0xc5, 0xcd, 0x14, 0x0d, 0xc1,
  0xdd, 0xe1, 0x11, 0x40, 0x00, 0xdd, 0x19, 0x10, 0xf0, 0xc1, 0x79, 0xe6,
  0x01, 0x07, 0x07, 0x67, 0x3a, 0xa4, 0x32, 0xe6, 0x02, 0x07, 0xb4, 0x67,
  0x79, 0xe6, 0x02, 0x07, 0x6f, 0x3a, 0xe4, 0x32, 0xe6, 0x02, 0x07, 0xb5,
  0x6f, 0x06, 0x09, 0x11, 0x40, 0x00, 0xdd, 0x21, 0x00, 0x30, 0xdd, 0x7e,
  0x1b, 0xe6, 0xfb, 0xb4, 0xdd, 0x77, 0x1b, 0xdd, 0x7e, 0x3b, 0xe6, 0xfb,
  0xb5, 0xdd, 0x77, 0x3b, 0xdd, 0x19, 0x10, 0xea, 0xdd, 0x21, 0x80, 0x32,
  0xdd, 0x7e, 0x24, 0xe6, 0xfb, 0xb4, 0xdd, 0x77, 0x24, 0xdd, 0x7e, 0x64,
  0xe6, 0xfb, 0xb5, 0xdd, 0x77, 0x64, 0x79, 0xe6, 0x04, 0x21, 0x00, 0x00,
  0x28, 0x03, 0x21, 0x01, 0x20, 0x06, 0xc0, 0xdd, 0x7e, 0x22, 0xa0, 0xb4,
  0xdd, 0x77, 0x22, 0xdd, 0x7e, 0x62, 0xa0, 0xb4, 0xdd, 0x77, 0x62, 0x3a,
  0x92, 0x33, 0xe6, 0xfe, 0xb5, 0x32, 0x92, 0x33, 0xdd, 0x7e, 0x22, 0x0e,
  0xbd, 0xcd, 0x60, 0x07, 0xfd, 0x21, 0x80, 0x32, 0x0e, 0x00, 0xcd, 0xef,
  0x08, 0x11, 0x00, 0x00, 0xcd, 0x01, 0x09, 0xfd, 0x21, 0xc0, 0x32, 0x0e,
  0x00, 0xcd, 0xef, 0x08, 0x11, 0x00, 0x00, 0xcd, 0x01, 0x09, 0xcd, 0x4e,
  0x0b, 0xcd, 0xc5, 0x19, 0x3a, 0xa2, 0x32, 0xe6, 0x20, 0xc8, 0x06, 0x03,
  0x0e, 0xa0, 0xdd, 0x21, 0x80, 0x31, 0xdd, 0xe5, 0xc5, 0xcd, 0x14, 0x0d,
  0xc1, 0xdd, 0xe1, 0x11, 0x20, 0x00, 0xdd, 0x19, 0xdd, 0xe5, 0xc5, 0xcd,
  0x14, 0x0d, 0xc1, 0xdd, 0xe1, 0x11, 0x20, 0x00, 0xdd, 0x19, 0x0c, 0x10,
  0xe1, 0xc9, 0x06, 0x09, 0x3a, 0x92, 0x33, 0xe6, 0x01, 0x28, 0x02, 0x06,
  0x06, 0xc5, 0xdd, 0x21, 0x00, 0x30, 0xcd, 0x66, 0x0b, 0xc1, 0xdd, 0x21,
  0x20, 0x30, 0xc5, 0xcd, 0x73, 0x0b, 0xc1, 0x11, 0x40, 0x00, 0xdd, 0x19,
  0x10, 0xf4, 0xc9, 0xdd, 0xe5, 0xcd, 0x3f, 0x0c, 0xdd, 0xe1, 0x0e, 0x15,
  0x1e, 0x08, 0xcd, 0xe2, 0x0d, 0x0e, 0x17, 0x1e, 0x00, 0xcd, 0xe2, 0x0d,
  0x0e, 0x14, 0x1e, 0x00, 0xcd, 0xe2, 0x0d, 0x0e, 0x18, 0x11, 0x00, 0x40,
  0xcd, 0xe2, 0x0d, 0x0e, 0x12, 0x11, 0x00, 0x00, 0xcd, 0xe2, 0x0d, 0x0e,
  0x00, 0xc3, 0x14, 0x0d, 0x06, 0x00, 0xdd, 0x70, 0x1e, 0xfd, 0x21, 0x80,
  0x32, 0xcd, 0xba, 0x0b, 0xdd, 0xcb, 0x1b, 0x56, 0xcc, 0x11, 0x0f, 0xfb,
  0xa7, 0xc9, 0xdd, 0xcb, 0x1b, 0x56, 0xc0, 0xcb, 0xba, 0xdd, 0x73, 0x18,
  0xdd, 0x72, 0x19, 0xc3, 0x24, 0x0f, 0x06, 0x00, 0xdd, 0xcb, 0x1b, 0x56,
  0xfd, 0x21, 0x80, 0x32, 0x20, 0x26, 0xcd, 0xfe, 0x0b, 0xdd, 0xcb, 0x14,
  0xee, 0x3e, 0xa0, 0xed, 0x4b, 0x16, 0x40, 0xdd, 0x5e, 0x1f, 0xdd, 0xcb,
  0x1b, 0x46, 0x28, 0x02, 0x0c, 0x0c, 0xcd, 0xc1, 0x07, 0x06, 0x01, 0x0d,
  0xdd, 0x5e, 0x14, 0x3e, 0xb0, 0xc3, 0xc1, 0x07, 0x37, 0xc9, 0x79, 0xe6,
  0x0f, 0xdd, 0xbe, 0x17, 0xf5, 0xdd, 0x77, 0x17, 0xcb, 0xba, 0xdd, 0x73,
  0x18, 0xdd, 0x72, 0x19, 0xf3, 0xcd, 0x6b, 0x0c, 0xfb, 0xcd, 0x24, 0x0f,
  0xf1, 0xc4, 0x3d, 0x10, 0xdd, 0x7e, 0x03, 0x0e, 0x80, 0xcd, 0x9a, 0x07,
  0xfb, 0xdd, 0x7e, 0x0b, 0x0e, 0x83, 0xc3, 0x95, 0x07, 0xdd, 0x36, 0x1e,
  0x00, 0xcd, 0x38, 0x0c, 0xfb, 0xfb, 0xa7, 0xc9, 0xdd, 0xcb, 0x1b, 0x56,
  0xc0, 0x18, 0x2c, 0xdd, 0x36, 0x1e, 0x00, 0xcd, 0x4d, 0x0c, 0x11, 0x20,
  0x00, 0xdd, 0x19, 0xfb, 0xc9, 0xdd, 0x7e, 0x1b, 0xe6, 0x06, 0xc0, 0xdd,
  0x7e, 0x03, 0xf6, 0x0f, 0x0e, 0x80, 0xdd, 0x56, 0x1d, 0xf3, 0xcd, 0xb4,
  0x0c, 0xdd, 0x7e, 0x0b, 0xf6, 0x0f, 0x0e, 0x83, 0xcd, 0xb4, 0x0c, 0xc5,
  0xd5, 0xdd, 0x56, 0x1d, 0x06, 0x05, 0xdd, 0xcb, 0x1b, 0x6e, 0x20, 0x08,
  0x06, 0x07, 0xdd, 0xcb, 0x00, 0x6e, 0x20, 0x0c, 0xdd, 0x7e, 0x0b, 0xe6,
  0xf0, 0xb0, 0x0e, 0x83, 0xf3, 0xcd, 0xb4, 0x0c, 0x06, 0x05, 0xdd, 0xcb,
  0x1b, 0x6e, 0x20, 0x08, 0x06, 0x07, 0xdd, 0xcb, 0x08, 0x6e, 0x20, 0x0c,
  0xdd, 0x7e, 0x03, 0xe6, 0xf0, 0xb0, 0x0e, 0x80, 0xf3, 0xcd, 0xb4, 0x0c,
  0xdd, 0xcb, 0x14, 0xae, 0xdd, 0x5e, 0x14, 0x3e, 0xb0, 0xc3, 0xaf, 0x07,
  0xc5, 0xd5, 0x5f, 0x79, 0x82, 0xc3, 0xb2, 0x07, 0x06, 0x09, 0xdd, 0x21,
  0x00, 0x30, 0xdd, 0x7e, 0x1e, 0xa7, 0x28, 0x0c, 0xdd, 0x35, 0x1e, 0x20,
  0x07, 0xdd, 0xe5, 0xcd, 0x2d, 0x0c, 0xdd, 0xe1, 0x11, 0x40, 0x00, 0xdd,
  0x19, 0x10, 0xe7, 0xc9, 0xdd, 0x73, 0x12, 0xdd, 0x72, 0x13, 0x18, 0x2d,
  0xdd, 0xcb, 0x14, 0xae, 0xcb, 0x6b, 0x28, 0x04, 0xdd, 0xcb, 0x14, 0xee,
  0xdd, 0x7e, 0x14, 0x0e, 0xb0, 0xc3, 0x95, 0x07, 0x7b, 0xe6, 0x3f, 0xdd,
  0x77, 0x15, 0x18, 0x06, 0x7b, 0xe6, 0x0f, 0xdd, 0x77, 0x17, 0xc3, 0x3d,
  0x10, 0xcb, 0xba, 0xdd, 0x73, 0x18, 0xdd, 0x72, 0x19, 0xc3, 0x08, 0x0f,
  0xdd, 0xcb, 0x1b, 0x56, 0xc0, 0x79, 0xcb, 0x7f, 0x28, 0x1c, 0xe6, 0x7f,
  0xfe, 0x20, 0x3f, 0xd0, 0xfe, 0x24, 0xd0, 0xdd, 0x77, 0x1a, 0xfd, 0x2a,
  0x80, 0x33, 0x18, 0x1e, 0xdd, 0xcb, 0x1b, 0x56, 0xc0, 0xc5, 0xfd, 0xe1,
  0x18, 0x1f, 0xfe, 0x40, 0xd0, 0xdd, 0x77, 0x1a, 0xfd, 0x2a, 0x80, 0x33,
  0xfe, 0x20, 0x38, 0x06, 0xe6, 0x1f, 0xfd, 0x2a, 0x82, 0x33, 0x87, 0x87,
  0x6f, 0x26, 0x00, 0x29, 0x29, 0x29, 0xeb, 0xfd, 0x19, 0xfd, 0x5e, 0x08,
  0xfd, 0x56, 0x09, 0x0e, 0x10, 0xcd, 0xda, 0x0d, 0xfd, 0xcb, 0x0a, 0x46,
  0x1e, 0xff, 0x0e, 0x03, 0xc4, 0xda, 0x0d, 0xfd, 0x5e, 0x10, 0x0e, 0x00,
  0xcd, 0xda, 0x0d, 0xfd, 0x5e, 0x18, 0x0e, 0x08, 0xcd, 0xda, 0x0d, 0xfd,
  0x5e, 0x11, 0x0e, 0x01, 0xcd, 0xda, 0x0d, 0xfd, 0x5e, 0x19, 0x0e, 0x09,
  0xcd, 0xda, 0x0d, 0xfd, 0x5e, 0x12, 0x0e, 0x02, 0xcd, 0xda, 0x0d, 0xfd,
  0x5e, 0x1a, 0x0e, 0x0a, 0xcd, 0xda, 0x0d, 0xfd, 0x5e, 0x13, 0x0e, 0x03,
  0xcd, 0xda, 0x0d, 0xfd, 0x5e, 0x1b, 0x0e, 0x0b, 0xcd, 0xda, 0x0d, 0xfd,
  0x7e, 0x14, 0xe6, 0xf0, 0xdd, 0x77, 0x04, 0xfd, 0x7e, 0x1c, 0xe6, 0xf0,
  0xdd, 0x77, 0x0c, 0xfd, 0x7e, 0x11, 0xe6, 0x3f, 0xdd, 0x77, 0x05, 0xfd,
  0x7e, 0x19, 0xe6, 0x3f, 0xdd, 0x77, 0x0d, 0xfd, 0x5e, 0x0a, 0x0e, 0x16,
  0xcd, 0xda, 0x0d, 0xc3, 0x3d, 0x10, 0xfd, 0xe5, 0xcd, 0xe2, 0x0d, 0xfd,
  0xe1, 0xc9, 0xdd, 0xcb, 0x1b, 0x56, 0xc0, 0x79, 0xfe, 0x19, 0xd0, 0x21,
  0xfb, 0x0d, 0x87, 0xcd, 0xc2, 0x01, 0x7e, 0x23, 0x66, 0x6f, 0xcd, 0xc1,
  0x01, 0xa7, 0xc9, 0x2d, 0x0e, 0x3d, 0x0e, 0x5f, 0x0e, 0x6f, 0x0e, 0x80,
  0x0e, 0x90, 0x0e, 0xf9, 0x0d, 0xf9, 0x0d, 0x35, 0x0e, 0x4e, 0x0e, 0x67,
  0x0e, 0x77, 0x0e, 0x88, 0x0e, 0x98, 0x0e, 0xf9, 0x0d, 0xf9, 0x0d, 0xa1,
  0x0e, 0xf9, 0x0d, 0xdc, 0x0c, 0xf9, 0x0d, 0xe4, 0x0c, 0xf8, 0x0c, 0xd4,
  0x0e, 0x00, 0x0d, 0x09, 0x0d, 0x7b, 0xdd, 0x77, 0x00, 0x0e, 0x20, 0x18,
  0x48, 0x7b, 0xdd, 0x77, 0x08, 0x0e, 0x23, 0x18, 0x40, 0x7b, 0xe6, 0xc0,
  0x4f, 0xdd, 0x7e, 0x01, 0xe6, 0x3f, 0xb1, 0xdd, 0x77, 0x01, 0x0e, 0x40,
  0x18, 0x2f, 0x7b, 0xe6, 0xc0, 0x4f, 0xdd, 0x7e, 0x09, 0xe6, 0x3f, 0xb1,
  0xdd, 0x77, 0x09, 0x0e, 0x43, 0x18, 0x1e, 0x7b, 0xdd, 0x77, 0x02, 0x0e,
  0x60, 0x18, 0x16, 0x7b, 0xdd, 0x77, 0x0a, 0x0e, 0x63, 0x18, 0x0e, 0x7b,
  0xdd, 0x77, 0x03, 0x0e, 0x80, 0x18, 0x06, 0x7b, 0xdd, 0x77, 0x0b, 0x0e,
  0x83, 0xc3, 0x95, 0x07, 0x7b, 0xe6, 0xf0, 0xdd, 0x77, 0x04, 0x18, 0x16,
  0x7b, 0xe6, 0xc0, 0xdd, 0x77, 0x0c, 0x18, 0x0e, 0x7b, 0xe6, 0x3f, 0xdd,
  0x77, 0x05, 0x18, 0x06, 0x7b, 0xe6, 0x3f, 0xdd, 0x77, 0x0d, 0xc3, 0x3d,
  0x10, 0x3a, 0x13, 0x7b, 0xe6, 0x02, 0x20, 0x07, 0xdd, 0x73, 0x10, 0xdd,
  0x72, 0x11, 0xc9, 0xfd, 0xe5, 0xd5, 0xdd, 0xe5, 0xe1, 0x11, 0x00, 0x30,
  0xb7, 0xed, 0x52, 0xeb, 0xcb, 0x3a, 0xcb, 0x1b, 0xcb, 0x3a, 0xcb, 0x1b,
  0xfd, 0x21, 0x27, 0xfa, 0xfd, 0x19, 0xd1, 0xfd, 0x73, 0x07, 0xfd, 0x72,
  0x08, 0xfd, 0xe1, 0xc9, 0xdd, 0x4e, 0x1b, 0xcb, 0xa1, 0x7b, 0xe6, 0x10,
  0xb1, 0xdd, 0x77, 0x1b, 0x7b, 0xe6, 0x0f, 0x4f, 0xdd, 0x7e, 0x16, 0xe6,
  0xf0, 0xb1, 0xdd, 0x77, 0x16, 0x0e, 0xc0, 0xcd, 0x95, 0x07, 0xcb, 0x6b,
  0x28, 0x12, 0x4b, 0xdd, 0xcb, 0x1b, 0x46, 0xfd, 0x21, 0x80, 0x32, 0x28,
  0x04, 0xfd, 0x21, 0xc0, 0x32, 0xcd, 0xef, 0x08, 0xa7, 0xdd, 0xcb, 0x1b,
  0x56, 0xc0, 0xcd, 0x24, 0x0f, 0xdd, 0x5e, 0x14, 0x3e, 0xb0, 0xf3, 0xcd,
  0x1f, 0x0f, 0xdd, 0x5e, 0x1f, 0x3e, 0xa0, 0xc5, 0xd5, 0xc3, 0xaf, 0x07,
  0x3a, 0x13, 0x7b, 0xe6, 0x02, 0x28, 0x31, 0xfd, 0xe5, 0xdd, 0xe5, 0xe1,
  0x11, 0x00, 0x30, 0xb7, 0xed, 0x52, 0xeb, 0xcb, 0x3a, 0xcb, 0x1b, 0xcb,
  0x3a, 0xcb, 0x1b, 0xfd, 0x21, 0x27, 0xfa, 0xfd, 0x19, 0xfd, 0x6e, 0x05,
  0xfd, 0x66, 0x06, 0xdd, 0x5e, 0x18, 0xdd, 0x56, 0x19, 0x19, 0xfd, 0x5e,
  0x07, 0xfd, 0x56, 0x08, 0xfd, 0xe1, 0x18, 0x28, 0xdd, 0x6e, 0x10, 0xdd,
  0x66, 0x11, 0xdd, 0xcb, 0x1b, 0x66, 0x20, 0x1d, 0xdd, 0x5e, 0x18, 0xdd,
  0x56, 0x19, 0x19, 0xdd, 0x5e, 0x12, 0xdd, 0x56, 0x13, 0x19, 0xed, 0x5b,
  0xa0, 0x32, 0xdd, 0xcb, 0x1b, 0x46, 0x28, 0x04, 0xed, 0x5b, 0xe0, 0x32,
  0x19, 0x11, 0x29, 0x05, 0x19, 0x7c, 0xa7, 0xf2, 0x9e, 0x0f, 0xfe, 0xc4,
  0x30, 0x07, 0xd6, 0x0c, 0xfa, 0x92, 0x0f, 0x18, 0x05, 0xc6, 0x0c, 0xfa,
  0x99, 0x0f, 0x67, 0x4d, 0x2e, 0x00, 0x11, 0x04, 0xf4, 0xd6, 0x3c, 0x38,
  0x03, 0x67, 0x2e, 0x14, 0x19, 0xda, 0xac, 0x0f, 0xed, 0x52, 0x45, 0x7c,
  0x84, 0x84, 0x21, 0x19, 0x10, 0xcd, 0xc2, 0x01, 0x78, 0x5e, 0x23, 0x56,
  0x23, 0x66, 0x2e, 0x00, 0x45, 0x29, 0x30, 0x01, 0x09, 0x29, 0x30, 0x01,
  0x09, 0x29, 0x30, 0x01, 0x09, 0x29, 0x30, 0x01, 0x09, 0x29, 0x30, 0x01,
  0x09, 0x29, 0x30, 0x01, 0x09, 0x29, 0x30, 0x01, 0x09, 0x29, 0x30, 0x01,
  0x09, 0x6c, 0x60, 0x19, 0xcb, 0x3c, 0xcb, 0x1d, 0xcb, 0x3c, 0xcb, 0x1d,
  0x30, 0x06, 0x23, 0xcb, 0x54, 0x28, 0x01, 0x2b, 0xd6, 0x08, 0x30, 0x08,
  0xcb, 0x3c, 0xcb, 0x1d, 0xc6, 0x04, 0x20, 0xf8, 0xfe, 0x20, 0x38, 0x02,
  0x3e, 0x1c, 0xb4, 0x67, 0xdd, 0x7e, 0x14, 0xe6, 0x20, 0xb4, 0xdd, 0x77,
  0x14, 0xdd, 0x75, 0x1f, 0xc9, 0x00, 0x08, 0x79, 0x79, 0x08, 0x81, 0xfa,
  0x08, 0x89, 0x83, 0x09, 0x91, 0x14, 0x0a, 0x99, 0xad, 0x0a, 0xa3, 0x50,
  0x0b, 0xac, 0xfc, 0x0b, 0xb6, 0xb2, 0x0c, 0xc2, 0x74, 0x0d, 0xcd, 0x41,
  0x0e, 0xd9, 0x1a, 0x0f, 0xe6, 0xdd, 0xcb, 0x1b, 0x56, 0xc0, 0xdd, 0x56,
  0x15, 0xdd, 0x46, 0x17, 0x78, 0xdd, 0xb6, 0x04, 0x21, 0x81, 0x10, 0xcd,
  0xc2, 0x01, 0x7e, 0xdd, 0xcb, 0x16, 0x46, 0x28, 0x01, 0x82, 0xdd, 0x86,
  0x05, 0xfe, 0x40, 0x38, 0x02, 0x3e, 0x3f, 0x5f, 0xcd, 0xb9, 0x09, 0x78,
  0xdd, 0xb6, 0x0c, 0x21, 0x81, 0x10, 0xcd, 0xc2, 0x01, 0x7e, 0xdd, 0x86,
  0x0d, 0x82, 0xfe, 0x40, 0x38, 0x02, 0x3e, 0x3f, 0x5f, 0xa7, 0xc3, 0xcf,
  0x09, 0x07, 0x07, 0x07, 0x07, 0x07, 0x07, 0x07, 0x07, 0x07, 0x07, 0x07,
  0x07, 0x07, 0x07, 0x07, 0x07, 0x08, 0x08, 0x08, 0x08, 0x07, 0x07, 0x07,
  0x07, 0x07, 0x07, 0x07, 0x07, 0x07, 0x06, 0x06, 0x06, 0x09, 0x09, 0x08,
  0x08, 0x08, 0x08, 0x07, 0x07, 0x07, 0x07, 0x06, 0x06, 0x06, 0x06, 0x05,
  0x05, 0x0a, 0x0a, 0x09, 0x09, 0x09, 0x08, 0x08, 0x07, 0x07, 0x07, 0x06,
  0x06, 0x06, 0x05, 0x05, 0x04, 0x0b, 0x0b, 0x0a, 0x0a, 0x09, 0x09, 0x08,
  0x08, 0x07, 0x07, 0x06, 0x06, 0x05, 0x05, 0x04, 0x04, 0x0c, 0x0b, 0x0b,
  0x0a, 0x0a, 0x09, 0x08, 0x08, 0x07, 0x06, 0x06, 0x05, 0x05, 0x04, 0x03,
  0x03, 0x0d, 0x0c, 0x0c, 0x0b, 0x0a, 0x09, 0x09, 0x08, 0x07, 0x06, 0x06,
  0x05, 0x04, 0x03, 0x03, 0x02, 0x0e, 0x0d, 0x0c, 0x0b, 0x0b, 0x0a, 0x09,
  0x08, 0x07, 0x06, 0x05, 0x04, 0x04, 0x03, 0x02, 0x01, 0x0f, 0x0e, 0x0d,
  0x0c, 0x0b, 0x0a, 0x09, 0x08, 0x07, 0x06, 0x05, 0x04, 0x03, 0x02, 0x01,
  0x00, 0x00, 0x00, 0x00, 0x00, 0x00, 0x00, 0x00, 0x00, 0x00, 0x00, 0x00,
  0x00, 0x00, 0x00, 0x00, 0x00, 0x50, 0x69, 0x61, 0x6e, 0x6f, 0x20, 0x31,
  0x20, 0x00, 0x00, 0x08, 0x00, 0x00, 0x00, 0x00, 0x00, 0x03, 0x93, 0xf3,
  0x13, 0x00, 0x00, 0x00, 0x00, 0x01, 0x00, 0xf3, 0xf3, 0x80, 0x00, 0x00,
  0x00, 0x50, 0x69, 0x61, 0x6e, 0x6f, 0x20, 0x32, 0x20, 0x00, 0x0c, 0x08,
  0x00, 0x00, 0x00, 0x00, 0x00, 0x30, 0x0f, 0xd9, 0x10, 0x30, 0x00, 0x00,
  0x00, 0x10, 0x00, 0xb2, 0xf3, 0x70, 0x00, 0x00, 0x00, 0x56, 0x69, 0x6f,
  0x6c, 0x69, 0x6e, 0x20, 0x20, 0x00, 0x00, 0x0e, 0x00, 0x00, 0x00, 0x00,
  0x00, 0x61, 0x17, 0xf0, 0x00, 0x00, 0x00, 0x00, 0x00, 0x61, 0x0c, 0x7f,
  0x17, 0x80, 0x00, 0x00, 0x00, 0x46, 0x6c, 0x75, 0x74, 0x65, 0x20, 0x20,
  0x20, 0x00, 0x00, 0x0e, 0x00, 0x00, 0x00, 0x00, 0x00, 0x11, 0x07, 0xfa,
  0x70, 0x00, 0x00, 0x00, 0x00, 0x61, 0x00, 0x64, 0x17, 0x80, 0x00, 0x00,
  0x00, 0x43, 0x6c, 0x61, 0x72, 0x69, 0x6e, 0x65, 0x74, 0x00, 0x00, 0x0c,
  0x00, 0x00, 0x00, 0x00, 0x00, 0x22, 0x17, 0xf0, 0x00, 0x00, 0x00, 0x00,
  0x00, 0x21, 0x00, 0x76, 0x28, 0x80, 0x00, 0x00, 0x00, 0x4f, 0x62, 0x6f,
  0x65, 0x20, 0x20, 0x20, 0x20, 0x00, 0x00, 0x0a, 0x00, 0x00, 0x00, 0x00,
  0x00, 0x21, 0x0f, 0xf0, 0x00, 0x00, 0x00, 0x00, 0x00, 0x22, 0x00, 0x71,
  0x18, 0x80, 0x00, 0x00, 0x00, 0x54, 0x72, 0x75, 0x6d, 0x70, 0x65, 0x74,
  0x20, 0x00, 0x00, 0x0e, 0x00, 0x00, 0x00, 0x00, 0x00, 0x21, 0x16, 0x82,
  0x17, 0x00, 0x00, 0x00, 0x00, 0x61, 0x00, 0x80, 0x17, 0x80, 0x00, 0x00,
  0x00, 0x50, 0x69, 0x70, 0x65, 0x4f, 0x72, 0x67, 0x6e, 0x01, 0x00, 0x0c,
  0x00, 0x00, 0x00, 0x00, 0x00, 0x34, 0x37, 0x50, 0x76, 0x30, 0x00, 0x00,
  0x00, 0x30, 0x00, 0x30, 0x06, 0x80, 0x00, 0x00, 0x00, 0x58, 0x79, 0x6c,
  0x6f, 0x70, 0x68, 0x6f, 0x6e, 0x00, 0x00, 0x0a, 0x00, 0x00, 0x00, 0x00,
  0x00, 0x17, 0x18, 0x88, 0x66, 0x80, 0x00, 0x00, 0x00, 0x52, 0x00, 0xd9,
  0x24, 0x80, 0x00, 0x00, 0x00, 0x4f, 0x72, 0x67, 0x61, 0x6e, 0x20, 0x20,
  0x20, 0x00, 0x00, 0x0c, 0x00, 0x00, 0x00, 0x00, 0x00, 0x23, 0x26, 0x90,
  0x00, 0x00, 0x00, 0x00, 0x00, 0x21, 0x0c, 0x90, 0x07, 0x80, 0x00, 0x00,
  0x00, 0x47, 0x75, 0x69, 0x74, 0x61, 0x72, 0x20, 0x20, 0x00, 0x00, 0x0c,
  0x00, 0x00, 0x00, 0x00, 0x00, 0x13, 0x0f, 0xfd, 0x23, 0x00, 0x01, 0x00,
  0x00, 0x41, 0x00, 0xf4, 0x23, 0x80, 0x00, 0x00, 0x00, 0x53, 0x61, 0x6e,
  0x74, 0x6f, 0x6f, 0x6c, 0x20, 0x00, 0xf9, 0x0c, 0x00, 0x00, 0x00, 0x00,
  0x00, 0x19, 0x0c, 0xc7, 0x11, 0x10, 0x00, 0x00, 0x00, 0x53, 0x03, 0xf5,
  0x03, 0x60, 0x00, 0x00, 0x00, 0x45, 0x6c, 0x65, 0x63, 0x67, 0x75, 0x69,
  0x74, 0x00, 0x00, 0x06, 0x00, 0x00, 0x00, 0x00, 0x00, 0x21, 0x82, 0xf1,
  0xf0, 0x00, 0x00, 0x00, 0x00, 0x01, 0x00, 0xe4, 0x23, 0x80, 0x00, 0x00,
  0x00, 0x43, 0x6c, 0x61, 0x76, 0x69, 0x63, 0x6f, 0x64, 0x00, 0xed, 0x0c,
  0x00, 0x00, 0x00, 0x00, 0x00, 0x03, 0x11, 0xd2, 0xf4, 0x20, 0x00, 0x00,
  0x00, 0x09, 0x08, 0xb4, 0xf5, 0x60, 0x00, 0x00, 0x00, 0x48, 0x61, 0x72,
  0x70, 0x73, 0x69, 0x63, 0x64, 0x00, 0x00, 0x00, 0x00, 0x00, 0x00, 0x00,
  0x00, 0x23, 0x7c, 0xff, 0x10, 0x00, 0x00, 0x00, 0x00, 0x01, 0x0c, 0xb4,
  0xf4, 0x80, 0x00, 0x00, 0x00, 0x48, 0x61, 0x72, 0x70, 0x73, 0x63, 0x64,
  0x32, 0x00, 0x00, 0x0c, 0x00, 0x00, 0x00, 0x00, 0x00, 0x01, 0x11, 0xc0,
  0x01, 0x20, 0x00, 0x00, 0x00, 0x01, 0x08, 0xb4, 0xf6, 0x80, 0x00, 0x00,
  0x00, 0x56, 0x69, 0x62, 0x72, 0x61, 0x70, 0x68, 0x6e, 0x00, 0x00, 0x0e,
  0x00, 0x00, 0x00, 0x00, 0x00, 0x97, 0x19, 0xff, 0x22, 0x00, 0x00, 0x00,
  0x00, 0xc1, 0x00, 0xf4, 0x22, 0x80, 0x00, 0x00, 0x00, 0x4b, 0x6f, 0x74,
  0x6f, 0x20, 0x20, 0x20, 0x20, 0x00, 0x00, 0x0c, 0x00, 0x00, 0x00, 0x00,
  0x00, 0x13, 0x0c, 0xfc, 0x33, 0x30, 0x00, 0x00, 0x00, 0x11, 0x00, 0xd2,
  0x83, 0x80, 0x00, 0x00, 0x00, 0x54, 0x61, 0x69, 0x6b, 0x6f, 0x20, 0x20,
  0x20, 0x00, 0xf4, 0x0e, 0x00, 0x00, 0x00, 0x00, 0x00, 0x01, 0x0e, 0xca,
  0x44, 0x20, 0x00, 0x00, 0x00, 0x10, 0x00, 0xe6, 0x24, 0x80, 0x00, 0x00,
  0x00, 0x45, 0x6e, 0x67, 0x69, 0x6e, 0x65, 0x20, 0x20, 0x00, 0xe8, 0x6e,
  0x00, 0x00, 0x00, 0x00, 0x00, 0xe0, 0x1b, 0x11, 0x04, 0x40, 0x00, 0x00,
  0x00, 0xf4, 0x80, 0xf0, 0x08, 0x50, 0x00, 0x00, 0x00, 0x55, 0x46, 0x4f,
  0x20, 0x20, 0x20, 0x20, 0x20, 0x00, 0x0c, 0xee, 0x00, 0x00, 0x00, 0x00,
  0x00, 0xff, 0x19, 0x50, 0x05, 0x60, 0x00, 0x00, 0x00, 0x70, 0x00, 0x1f,
  0x01, 0x40, 0x00, 0x00, 0x00, 0x53, 0x79, 0x6e, 0x42, 0x65, 0x6c, 0x6c,
  0x20, 0x00, 0x00, 0x0e, 0x00, 0x00, 0x00, 0x00, 0x00, 0x13, 0x11, 0xfa,
  0x21, 0x30, 0x00, 0x00, 0x00, 0x11, 0x00, 0xf2, 0xf4, 0x80, 0x00, 0x00,
  0x00, 0x43, 0x68, 0x69, 0x6d, 0x65, 0x20, 0x20, 0x20, 0x00, 0x00, 0xea,
  0x00, 0x00, 0x00, 0x00, 0x00, 0xa6, 0x10, 0xfb, 0x11, 0x20, 0x00, 0x00,
  0x00, 0x42, 0x0b, 0xb9, 0x02, 0x60, 0x00, 0x00, 0x00, 0x53, 0x79, 0x6e,
  0x42, 0x61, 0x73, 0x73, 0x20, 0x00, 0x00, 0x0a, 0x00, 0x00, 0x00, 0x00,
  0x00, 0x61, 0x05, 0xc2, 0x40, 0x00, 0x00, 0x00, 0x00, 0x00, 0x00, 0xf6,
  0x44, 0x80, 0x00, 0x00, 0x00, 0x53, 0x79, 0x6e, 0x74, 0x68, 0x73, 0x69,
  0x7a, 0x00, 0x00, 0x04, 0x00, 0x00, 0x00, 0x00, 0x00, 0x21, 0x04, 0x85,
  0x70, 0x00, 0x01, 0x00, 0x00, 0x21, 0x0c, 0xa0, 0x07, 0x80, 0x00, 0x00,
  0x00, 0x53, 0x79, 0x6e, 0x50, 0x65, 0x72, 0x63, 0x75, 0x00, 0xf4, 0x0e,
  0x00, 0x00, 0x00, 0x00, 0x00, 0x01, 0x0b, 0xba, 0x25, 0x60, 0x00, 0x00,
  0x00, 0x03, 0x00, 0xd9, 0x06, 0x80, 0x00, 0x00, 0x00, 0x53, 0x79, 0x6e,
  0x52, 0x68, 0x79, 0x74, 0x68, 0x00, 0x0c, 0x0e, 0x00, 0x00, 0x00, 0x00,
  0x00, 0x40, 0x00, 0xfa, 0x37, 0x40, 0x00, 0x00, 0x00, 0x00, 0x00, 0xd9,
  0x04, 0x00, 0x00, 0x00, 0x00, 0x48, 0x61, 0x72, 0x6d, 0x44, 0x72, 0x75,
  0x6d, 0x00, 0xe1, 0x0e, 0x00, 0x00, 0x00, 0x00, 0x00, 0x02, 0x09, 0xcb,
  0x39, 0x60, 0x00, 0x00, 0x00, 0x03, 0x00, 0xff, 0x06, 0x80, 0x00, 0x00,
  0x00, 0x43, 0x6f, 0x77, 0x62, 0x65, 0x6c, 0x6c, 0x20, 0x00, 0xf4, 0x0a,
  0x00, 0x00, 0x00, 0x00, 0x00, 0x18, 0x09, 0xf8, 0x26, 0x20, 0x00, 0x00,
  0x00, 0x11, 0x00, 0xf5, 0x26, 0x60, 0x00, 0x00, 0x00, 0x43, 0x6c, 0x73,
  0x65, 0x48, 0x69, 0x68, 0x74, 0x00, 0x18, 0x0e, 0x00, 0x00, 0x00, 0x00,
  0x00, 0x0b, 0x09, 0xf0, 0x01, 0x80, 0x00, 0x00, 0x00, 0x04, 0x00, 0xf5,
  0x27, 0x80, 0x00, 0x00, 0x00, 0x53, 0x6e, 0x61, 0x72, 0x65, 0x44, 0x72,
  0x6d, 0x00, 0x00, 0x6e, 0x00, 0x00, 0x00, 0x00, 0x00, 0x40, 0x07, 0xd0,
  0x01, 0x80, 0x00, 0x00, 0x00, 0x40, 0x00, 0xd6, 0x27, 0x80, 0x00, 0x00,
  0x00, 0x42, 0x61, 0x73, 0x73, 0x44, 0x72, 0x75, 0x6d, 0x00, 0xf4, 0x0c,
  0x00, 0x00, 0x00, 0x00, 0x00, 0x00, 0x07, 0xcb, 0x36, 0x40, 0x00, 0x00,
  0x00, 0x01, 0x00, 0xe3, 0x25, 0x80, 0x00, 0x00, 0x00, 0x62, 0x61, 0x73,
  0x73, 0x64, 0x72, 0x75, 0x6d, 0xe0, 0x2c, 0x10, 0x00, 0x00, 0x00, 0x00,
  0x00, 0x07, 0x14, 0xee, 0xff, 0x00, 0x00, 0x00, 0x00, 0x21, 0x00, 0xf8,
  0xf8, 0x80, 0x00, 0x00, 0x00, 0x68, 0x68, 0x2c, 0x73, 0x64, 0x20, 0x20,
  0x20, 0x8c, 0x2f, 0x10, 0x00, 0x00, 0x00, 0x00, 0x00, 0x31, 0x00, 0xf8,
  0xf8, 0x00, 0x00, 0x00, 0x00, 0x01, 0x00, 0xf7, 0xf7, 0x80, 0x00, 0x00,
  0x00, 0x74, 0x6f, 0x6d, 0x2c, 0x63, 0x79, 0x20, 0x20, 0x84, 0x1c, 0x10,
  0x00, 0x00, 0x00, 0x00, 0x00, 0x25, 0x00, 0xf8, 0xf8, 0x00, 0x00, 0x00,
  0x00, 0x11, 0x00, 0xfa, 0x55, 0x80, 0x00, 0x00, 0x00, 0x63, 0x73, 0x6d,
  0x20, 0x20, 0x20, 0x20, 0x20, 0x00, 0x00, 0x81, 0x00, 0x00, 0x00, 0x00,
  0x00, 0x21, 0x3f, 0xff, 0x0a, 0x00, 0x00, 0x00, 0x00, 0x21, 0x3f, 0xff,
  0x0a, 0x00, 0x00, 0x00, 0x00, 0x45, 0x6c, 0x65, 0x63, 0x70, 0x69, 0x61,
  0x6e, 0x00, 0x00, 0x08, 0x00, 0x00, 0x00, 0x00, 0x00, 0x11, 0x08, 0xfa,
  0x20, 0x30, 0x00, 0x00, 0x00, 0x11, 0x00, 0xb2, 0xf4, 0x70, 0x00, 0x00,
  0x00, 0x57, 0x6f, 0x6f, 0x64, 0x42, 0x61, 0x73, 0x73, 0x00, 0x00, 0x06,
  0x00, 0x00, 0x00, 0x00, 0x00, 0x01, 0x4f, 0x94, 0x03, 0x00, 0x00, 0x00,
  0x00, 0x01, 0x00, 0xc2, 0x12, 0x80, 0x00, 0x00, 0x00, 0x53, 0x61, 0x6e,
  0x74, 0x6f, 0x6f, 0x6c, 0x32, 0x00, 0xed, 0x0e, 0x00, 0x00, 0x00, 0x00,
  0x00, 0x19, 0x15, 0xe7, 0x21, 0x80, 0x00, 0x00, 0x00, 0x53, 0x03, 0x95,
  0x03, 0x60, 0x00, 0x00, 0x00, 0x42, 0x72, 0x61, 0x73, 0x73, 0x20, 0x20,
  0x20, 0x00, 0x00, 0x6e, 0x00, 0x00, 0x00, 0x00, 0x00, 0x30, 0x19, 0x42,
  0x26, 0x40, 0x00, 0x00, 0x00, 0x70, 0x00, 0x62, 0x24, 0x60, 0x00, 0x00,
  0x00, 0x46, 0x6c, 0x75, 0x74, 0x65, 0x20, 0x32, 0x20, 0x00, 0x0c, 0x0e,
  0x00, 0x00, 0x00, 0x00, 0x00, 0x62, 0x25, 0x64, 0x12, 0x40, 0x00, 0x00,
  0x00, 0x71, 0x03, 0x43, 0x26, 0x80, 0x00, 0x00, 0x00, 0x43, 0x6c, 0x61,
  0x76, 0x69, 0x63, 0x64, 0x32, 0x00, 0x0c, 0x0a, 0x00, 0x00, 0x00, 0x00,
  0x00, 0x21, 0x0b, 0x90, 0x02, 0x50, 0x00, 0x00, 0x00, 0x03, 0x03, 0xd4,
  0xf5, 0x60, 0x00, 0x00, 0x00, 0x43, 0x6c, 0x61, 0x76, 0x69, 0x63, 0x64,
  0x33, 0x00, 0x0c, 0x0a, 0x00, 0x00, 0x00, 0x00, 0x00, 0x01, 0x0a, 0x90,
  0x03, 0x40, 0x00, 0x00, 0x00, 0x03, 0x03, 0xa4, 0xf5, 0x60, 0x00, 0x00,
  0x00, 0x4b, 0x6f, 0x74, 0x6f, 0x20, 0x32, 0x20, 0x20, 0x00, 0xed, 0x0a,
  0x00, 0x00, 0x00, 0x00, 0x00, 0x43, 0x0e, 0xb5, 0x84, 0x50, 0x00, 0x00,
  0x00, 0x53, 0x81, 0xe9, 0x04, 0x60, 0x00, 0x00, 0x00, 0x50, 0x69, 0x70,
  0x65, 0x4f, 0x72, 0x67, 0x32, 0x00, 0x00, 0x0c, 0x00, 0x00, 0x00, 0x00,
  0x00, 0x34, 0x26, 0x50, 0x76, 0x30, 0x00, 0x00, 0x00, 0x30, 0x00, 0x30,
  0x06, 0x80, 0x00, 0x00, 0x00, 0x50, 0x6f, 0x68, 0x64, 0x73, 0x50, 0x4c,
  0x41, 0x00, 0xed, 0x0c, 0x00, 0x00, 0x00, 0x00, 0x00, 0x73, 0x5a, 0x99,
  0x14, 0x60, 0x00, 0x00, 0x00, 0x33, 0x00, 0xf5, 0x15, 0x80, 0x00, 0x00,
  0x00, 0x52, 0x6f, 0x68, 0x64, 0x73, 0x50, 0x52, 0x41, 0x00, 0xed, 0x0a,
  0x00, 0x00, 0x00, 0x00, 0x00, 0x73, 0x16, 0xf9, 0x33, 0x60, 0x00, 0x00,
  0x00, 0x13, 0x00, 0xf5, 0x03, 0x50, 0x00, 0x00, 0x00, 0x4f, 0x72, 0x63,
  0x68, 0x20, 0x4c, 0x20, 0x20, 0x00, 0x0c, 0x0e, 0x00, 0x00, 0x00, 0x00,
  0x00, 0x61, 0x15, 0x76, 0x23, 0x40, 0x00, 0x00, 0x00, 0x21, 0x00, 0x54,
  0x06, 0x70, 0x00, 0x00, 0x00, 0x4f, 0x72, 0x63, 0x68, 0x20, 0x52, 0x20,
  0x20, 0x00, 0x00, 0x0e, 0x00, 0x00, 0x00, 0x00, 0x00, 0x63, 0x1b, 0x75,
  0x45, 0x60, 0x00, 0x00, 0x00, 0x70, 0x00, 0x4b, 0x15, 0x70, 0x00, 0x00,
  0x00, 0x53, 0x79, 0x6e, 0x56, 0x69, 0x6f, 0x6c, 0x20, 0x00, 0x0c, 0x0a,
  0x00, 0x00, 0x00, 0x00, 0x00, 0x61, 0x0a, 0x76, 0x12, 0x40, 0x00, 0x00,
  0x00, 0xa1, 0x02, 0x54, 0x07, 0x80, 0x00, 0x00, 0x00, 0x53, 0x79, 0x6e,
  0x4f, 0x72, 0x67, 0x61, 0x6e, 0x00, 0xf4, 0x0a, 0x00, 0x00, 0x00, 0x00,
  0x00, 0x61, 0x0d, 0x85, 0x14, 0x40, 0x00, 0x00, 0x00, 0x78, 0x08, 0xf2,
  0x03, 0x60, 0x00, 0x00, 0x00, 0x53, 0x79, 0x6e, 0x42, 0x72, 0x61, 0x73,
  0x73, 0x00, 0xf4, 0x0e, 0x00, 0x00, 0x00, 0x00, 0x00, 0x31, 0x15, 0xb6,
  0x03, 0x40, 0x00, 0x00, 0x00, 0x71, 0x00, 0xf9, 0x26, 0x60, 0x00, 0x00,
  0x00, 0x48, 0x6f, 0x72, 0x6e, 0x20, 0x20, 0x20, 0x20, 0x00, 0x00, 0x0c,
  0x00, 0x00, 0x00, 0x00, 0x00, 0x21, 0x14, 0x64, 0x10, 0x00, 0x00, 0x00,
  0x00, 0x21, 0x00, 0x65, 0x17, 0x80, 0x00, 0x00, 0x00, 0x53, 0x68, 0x61,
  0x6d, 0x69, 0x73, 0x65, 0x6e, 0x00, 0xed, 0x0c, 0x00, 0x00, 0x00, 0x00,
  0x00, 0x03, 0x14, 0xa7, 0x13, 0x50, 0x00, 0x00, 0x00, 0x0c, 0x03, 0xfc,
  0x15, 0x60, 0x00, 0x00, 0x00, 0x4d, 0x61, 0x67, 0x69, 0x63, 0x61, 0x6c,
  0x20, 0x00, 0xf4, 0x06, 0x00, 0x00, 0x00, 0x00, 0x00, 0x13, 0x80, 0x20,
  0x03, 0x60, 0x00, 0x00, 0x00, 0x32, 0x00, 0x85, 0xaf, 0x40, 0x00, 0x00,
  0x00, 0x48, 0x75, 0x77, 0x61, 0x77, 0x61, 0x20, 0x20, 0x00, 0x00, 0x0a,
  0x00, 0x00, 0x00, 0x00, 0x00, 0xf1, 0x17, 0x23, 0x14, 0x20, 0x00, 0x00,
  0x00, 0x31, 0x00, 0x40, 0x09, 0x80, 0x00, 0x00, 0x00, 0x57, 0x6e, 0x64,
  0x65, 0x72, 0x46, 0x6c, 0x74, 0x00, 0x00, 0xee, 0x00, 0x00, 0x00, 0x00,
  0x00, 0xf0, 0x17, 0x5a, 0x06, 0x40, 0x00, 0x00, 0x00, 0x74, 0x40, 0x43,
  0xfc, 0x80, 0x00, 0x00, 0x00, 0x48, 0x61, 0x72, 0x64, 0x72, 0x6f, 0x63,
  0x6b, 0x00, 0x00, 0x6c, 0x00, 0x00, 0x00, 0x00, 0x00, 0x20, 0x0d, 0xc1,
  0x56, 0x20, 0x00, 0x00, 0x00, 0x71, 0x02, 0xd5, 0x06, 0x60, 0x00, 0x00,
  0x00, 0x4d, 0x61, 0x63, 0x68, 0x69, 0x6e, 0x65, 0x20, 0x00, 0xf4, 0x0c,
  0x00, 0x00, 0x00, 0x00, 0x00, 0x30, 0x06, 0x40, 0x04, 0x80, 0x00, 0x00,
  0x00, 0x32, 0x00, 0x40, 0x74, 0x30, 0x00, 0x00, 0x00, 0x4d, 0x61, 0x63,
  0x68, 0x69, 0x6e, 0x65, 0x56, 0x00, 0xf4, 0x06, 0x00, 0x00, 0x00, 0x00,
  0x00, 0x30, 0x03, 0x40, 0x04, 0x80, 0x00, 0x00, 0x00, 0x32, 0x00, 0x40,
  0x74, 0x30, 0x00, 0x00, 0x00, 0x43, 0x6f, 0x6d, 0x69, 0x63, 0x20, 0x20,
  0x20, 0x00, 0xf4, 0x0e, 0x00, 0x00, 0x00, 0x00, 0x00, 0x01, 0x0d, 0x78,
  0x7f, 0x40, 0x00, 0x00, 0x00, 0x08, 0x00, 0xf8, 0xf9, 0x00, 0x00, 0x00,
  0x00, 0x53, 0x45, 0x5f, 0x43, 0x6f, 0x6d, 0x69, 0x63, 0x00, 0xe8, 0x6a,
  0x00, 0x00, 0x00, 0x00, 0x00, 0xc8, 0x0b, 0x76, 0x11, 0x40, 0x00, 0x00,
  0x00, 0xc0, 0x00, 0xf7, 0xf9, 0x00, 0x00, 0x00, 0x00, 0x53, 0x45, 0x5f,
  0x4c, 0x61, 0x73, 0x65, 0x72, 0x00, 0x30, 0x6e, 0x00, 0x00, 0x00, 0x00,
  0x00, 0x49, 0x0b, 0xb4, 0xff, 0x20, 0x00, 0x00, 0x00, 0x40, 0x00, 0xf9,
  0x05, 0x60, 0x00, 0x00, 0x00, 0x53, 0x45, 0x5f, 0x4e, 0x6f, 0x69, 0x73,
  0x65, 0x00, 0x24, 0xac, 0x00, 0x00, 0x00, 0x00, 0x00, 0xcd, 0x0c, 0xa2,
  0x00, 0x80, 0x00, 0x00, 0x00, 0x42, 0x00, 0xf0, 0x01, 0x80, 0x00, 0x00,
  0x00, 0x53, 0x45, 0x5f, 0x53, 0x74, 0x61, 0x72, 0x20, 0x00, 0x00, 0x6e,
  0x00, 0x00, 0x00, 0x00, 0x00, 0x51, 0x13, 0x13, 0x42, 0x40, 0x00, 0x00,
  0x00, 0x42, 0x00, 0x10, 0x01, 0x50, 0x00, 0x00, 0x00, 0x53, 0x45, 0x5f,
  0x53, 0x74, 0x61, 0x72, 0x32, 0x00, 0x24, 0x6e, 0x00, 0x00, 0x00, 0x00,
  0x00, 0x51, 0x13, 0x13, 0x42, 0x40, 0x00, 0x00, 0x00, 0x42, 0x00, 0x10,
  0x01, 0x50, 0x00, 0x00, 0x00, 0x45, 0x6e, 0x67, 0x69, 0x6e, 0x65, 0x20,
  0x32, 0x00, 0xe8, 0x0c, 0x00, 0x00, 0x00, 0x00, 0x00, 0x30, 0x12, 0x23,
  0x26, 0x40, 0x00, 0x00, 0x00, 0x34, 0x07, 0x70, 0x02, 0x50, 0x00, 0x00,
  0x00, 0x53, 0x69, 0x6c, 0x65, 0x6e, 0x63, 0x65, 0x20, 0x00, 0x00, 0x00,
  0x00, 0x00, 0x00, 0x00, 0x00, 0x00, 0xff, 0x00, 0xff, 0x00, 0x00, 0x00,
  0x00, 0x00, 0xff, 0x00, 0xff, 0x00, 0x00, 0x00, 0x00, 0x21, 0x01, 0x00,
  0xdd, 0x21, 0x00, 0x30, 0xc9, 0x3a, 0x03, 0x34, 0xa5, 0xc0, 0x3a, 0x04,
  0x34, 0xa4, 0xc9, 0x01, 0x40, 0x00, 0xdd, 0x09, 0x18, 0x06, 0x0c, 0x11,
  0x40, 0x00, 0xdd, 0x19, 0x29, 0x7c, 0xfe, 0x02, 0xc9, 0xcd, 0xa1, 0x19,
  0xcd, 0xa9, 0x19, 0x28, 0x05, 0xe5, 0xcd, 0x73, 0x0b, 0xe1, 0xcd, 0xbb,
  0x19, 0x38, 0xf1, 0x0e, 0x00, 0xcd, 0xb4, 0x1c, 0x11, 0x00, 0x00, 0xcd,
  0xa3, 0x1c, 0xaf, 0xc9, 0xcd, 0xa1, 0x19, 0x01, 0x00, 0x00, 0xcd, 0xa9,
  0x19, 0x28, 0x11, 0xdd, 0xe5, 0xe5, 0xc5, 0x21, 0x07, 0x34, 0x09, 0x36,
  0x00, 0xcd, 0x3f, 0x0c, 0xc1, 0xe1, 0xdd, 0xe1, 0xcd, 0xba, 0x19, 0x38,
  0xe5, 0xc9, 0xcd, 0xa1, 0x19, 0x01, 0x00, 0x00, 0xcd, 0xa9, 0x19, 0x28,
  0x0f, 0xdd, 0xe5, 0xe5, 0x21, 0x07, 0x34, 0x09, 0x36, 0x00, 0xcd, 0x2d,
  0x0c, 0xe1, 0xdd, 0xe1, 0xcd, 0xba, 0x19, 0x38, 0xe7, 0xc9, 0x2a, 0x03,
  0x34, 0x7d, 0xb4, 0xc8, 0x21, 0x01, 0x00, 0x01, 0x07, 0x34, 0x3a, 0x03,
  0x34, 0xa5, 0x20, 0x06, 0x3a, 0x04, 0x34, 0xa4, 0x28, 0x0a, 0x0a, 0xa7,
  0xf2, 0x48, 0x1a, 0xaa, 0xe6, 0x7f, 0x28, 0x62, 0x03, 0x29, 0x7c, 0xfe,
  0x02, 0x38, 0xe3, 0x2a, 0x05, 0x34, 0xed, 0x4b, 0x8c, 0x34, 0x3a, 0x03,
  0x34, 0xa5, 0x20, 0x06, 0x3a, 0x04, 0x34, 0xa4, 0x28, 0x04, 0x0a, 0x17,
  0x30, 0x2e, 0x03, 0x29, 0x7c, 0xfe, 0x02, 0x38, 0x06, 0x01, 0x07, 0x34,
  0x21, 0x01, 0x00, 0x3a, 0x05, 0x34, 0xbd, 0x20, 0xdd, 0x3a, 0x03, 0x34,
  0xa5, 0x20, 0x15, 0x3a, 0x04, 0x34, 0xa4, 0x20, 0x0f, 0x03, 0x29, 0x7c,
  0xfe, 0x02, 0x38, 0xed, 0x01, 0x07, 0x34, 0x21, 0x01, 0x00, 0x18, 0xe5,
  0xc5, 0x03, 0x29, 0x7c, 0xfe, 0x02, 0x38, 0x06, 0x01, 0x07, 0x34, 0x21,
  0x01, 0x00, 0x22, 0x05, 0x34, 0xed, 0x43, 0x8c, 0x34, 0xc1, 0x60, 0x69,
  0x72, 0x01, 0x07, 0x34, 0xaf, 0xed, 0x42, 0xcb, 0x3d, 0x1f, 0xcb, 0x3d,
  0x1f, 0x45, 0x4f, 0xdd, 0x21, 0x00, 0x30, 0xdd, 0x09, 0x4b, 0x7a, 0xa7,
  0xf2, 0x2d, 0x0c, 0xcd, 0xcd, 0x1a, 0xc3, 0xca, 0x0b, 0x7a, 0xd6, 0xbc,
  0x26, 0x0c, 0x38, 0x03, 0x94, 0x30, 0xfd, 0x84, 0x30, 0xfd, 0x2a, 0x79,
  0x34, 0x85, 0x6f, 0x5e, 0xcb, 0x7b, 0xc8, 0x15, 0xc9, 0x79, 0xfe, 0x16,
  0x3f, 0xd8, 0xfe, 0x0a, 0x38, 0x04, 0xc6, 0x6e, 0x18, 0x05, 0x87, 0x87,
  0x67, 0x87, 0x84, 0x21, 0xb0, 0x1b, 0xcd, 0xc2, 0x01, 0x11, 0x09, 0x00,
  0x19, 0x4e, 0xed, 0x52, 0x11, 0x7b, 0x34, 0xed, 0x53, 0x79, 0x34, 0x06,
  0x0c, 0x7e, 0x91, 0x12, 0x23, 0x13, 0x10, 0xf9, 0xa7, 0xc9, 0xcd, 0x9c,
  0x1b, 0xd8, 0xc5, 0x21, 0x13, 0x7b, 0xcb, 0x4e, 0x20, 0x0e, 0xed, 0x53,
  0x90, 0x34, 0xfd, 0x21, 0xc0, 0x32, 0x2a, 0x94, 0x34, 0xcd, 0x40, 0x1b,
  0xd1, 0xcd, 0x9c, 0x1b, 0xd8, 0xed, 0x53, 0x8e, 0x34, 0xfd, 0x21, 0x80,
  0x32, 0x2a, 0x92, 0x34, 0x19, 0xeb, 0xc3, 0x01, 0x09, 0xcd, 0x71, 0x1b,
  0xd8, 0xc5, 0x21, 0x13, 0x7b, 0xcb, 0x4e, 0x20, 0x0e, 0xed, 0x53, 0x94,
  0x34, 0xfd, 0x21, 0xc0, 0x32, 0x2a, 0x90, 0x34, 0xcd, 0x40, 0x1b, 0xd1,
  0xcd, 0x71, 0x1b, 0xd8, 0xed, 0x53, 0x92, 0x34, 0xfd, 0x21, 0x80, 0x32,
  0x2a, 0x8e, 0x34, 0x18, 0xcf, 0x7a, 0xa7, 0xf5, 0xfc, 0x94, 0x1b, 0x7a,
  0x63, 0x2e, 0x00, 0x11, 0x0f, 0x64, 0x29, 0x17, 0xba, 0x38, 0x03, 0xf1,
  0x37, 0xc9, 0x29, 0x17, 0xba, 0x38, 0x02, 0x92, 0x2c, 0x1d, 0xc2, 0x86,
  0x1b, 0xeb, 0xf1, 0xf0, 0xaf, 0x67, 0x6f, 0xed, 0x52, 0xeb, 0xa7, 0xc9,
  0x21, 0x34, 0xfe, 0x19, 0xd8, 0x21, 0x66, 0xfe, 0x19, 0x3f, 0xd8, 0x29,
  0x11, 0x3f, 0x1c, 0x19, 0x5e, 0x23, 0x56, 0xc9, 0xf1, 0x14, 0xfb, 0xe2,
  0x05, 0xec, 0x0f, 0xf6, 0x19, 0x00, 0xe7, 0x0a, 0x1a, 0xdd, 0x09, 0x35,
  0xf7, 0x23, 0xe6, 0x12, 0xd4, 0x00, 0x2c, 0xee, 0x1e, 0x05, 0x0a, 0x0f,
  0x05, 0x19, 0x00, 0x14, 0x0a, 0x00, 0x14, 0x0a, 0x1e, 0x05, 0x0a, 0x0f,
  0x05, 0x19, 0x00, 0x14, 0x0a, 0x00, 0x14, 0xfb, 0x00, 0xf6, 0x0a, 0x00,
  0xf6, 0x0a, 0x00, 0x05, 0xec, 0x00, 0x05, 0xfb, 0x1a, 0x01, 0x09, 0x0b,
  0xf7, 0x15, 0x01, 0x12, 0x06, 0x00, 0x10, 0xfc, 0x1a, 0x01, 0x09, 0x0b,
  0x05, 0x15, 0x01, 0x12, 0x06, 0x00, 0x10, 0x0a, 0x0f, 0x00, 0x05, 0x0a,
  0xfb, 0x14, 0xfb, 0x0a, 0x05, 0x00, 0x0f, 0xf6, 0x1a, 0xf8, 0x09, 0x27,
  0xf7, 0x23, 0xf3, 0x12, 0xfd, 0x00, 0x2c, 0xee, 0x00, 0x00, 0x00, 0x00,
  0x00, 0x00, 0x00, 0x00, 0x00, 0x00, 0x00, 0x00, 0x29, 0xdc, 0x33, 0x52,
  0x05, 0x24, 0xd7, 0x2e, 0xe1, 0x00, 0x56, 0x0a, 0x29, 0xdc, 0x33, 0x52,
  0x05, 0x24, 0xd7, 0x2e, 0xe1, 0x00, 0x56, 0xc7, 0xfe, 0xd2, 0xfe, 0xdd,
  0xfe, 0xe7, 0xfe, 0xf2, 0xfe, 0xfd, 0xfe, 0x07, 0xff, 0x12, 0xff, 0x1d,
  0xff, 0x27, 0xff, 0x32, 0xff, 0x3c, 0xff, 0x47, 0xff, 0x51, 0xff, 0x5c,
  0xff, 0x66, 0xff, 0x71, 0xff, 0x7b, 0xff, 0x85, 0xff, 0x90, 0xff, 0x9a,
  0xff, 0xa4, 0xff, 0xaf, 0xff, 0xb9, 0xff, 0xc3, 0xff, 0xcd, 0xff, 0xd8,
  0xff, 0xe2, 0xff, 0xec, 0xff, 0xf6, 0xff, 0x00, 0x00, 0x0a, 0x00, 0x14,
  0x00, 0x1e, 0x00, 0x28, 0x00, 0x32, 0x00, 0x3c, 0x00, 0x46, 0x00, 0x50,
  0x00, 0x5a, 0x00, 0x64, 0x00, 0x6d, 0x00, 0x77, 0x00, 0x81, 0x00, 0x8b,
  0x00, 0x95, 0x00, 0x9e, 0x00, 0xa8, 0x00, 0xb2, 0x00, 0xbb, 0x00, 0x7a,
  0xcb, 0x03, 0x17, 0x26, 0x00, 0x30, 0x02, 0x26, 0xff, 0x6f, 0x22, 0x10,
  0x34, 0xc3, 0xbd, 0x1c, 0x79, 0xe6, 0x0f, 0x32, 0x12, 0x34, 0xc3, 0xbd,
  0x1c, 0xed, 0x5b, 0x10, 0x34, 0x21, 0x00, 0x00, 0x3a, 0x12, 0x34, 0x06,
  0x04, 0x1f, 0x30, 0x01, 0x19, 0xcb, 0x23, 0xcb, 0x12, 0x10, 0xf6, 0x22,
  0x13, 0x34, 0xeb, 0xcd, 0xa1, 0x19, 0xcd, 0xa9, 0x19, 0x28, 0x29, 0xdd,
  0xe5, 0xe5, 0xd5, 0x2a, 0x15, 0x34, 0x19, 0xeb, 0x0e, 0x12, 0xcd, 0xe2,
  0x0d, 0xd1, 0xe1, 0xdd, 0xe1, 0xdd, 0xe5, 0xe5, 0xd5, 0x01, 0x20, 0x00,
  0xdd, 0x09, 0x2a, 0x17, 0x34, 0x19, 0xeb, 0x0e, 0x12, 0xcd, 0xe2, 0x0d,
  0xd1, 0xe1, 0xdd, 0xe1, 0xcd, 0xb3, 0x19, 0x38, 0xcd, 0xc9, 0x79, 0xfe,
  0x12, 0x28, 0x2f, 0xfe, 0x15, 0x28, 0x02, 0xa7, 0xc9, 0xfd, 0xe5, 0xcd,
  0xa1, 0x19, 0xfd, 0xcb, 0x24, 0x46, 0x28, 0x04, 0xdd, 0x21, 0x20, 0x30,
  0xd5, 0xcd, 0xa9, 0x19, 0x28, 0x0b, 0xdd, 0xe5, 0xe5, 0xc5, 0xcd, 0xe2,
  0x0d, 0xc1, 0xe1, 0xdd, 0xe1, 0xcd, 0xbb, 0x19, 0xd1, 0x38, 0xe9, 0xfd,
  0xe1, 0xc9, 0xfd, 0xe5, 0xfd, 0xcb, 0x24, 0x46, 0x20, 0x0a, 0xed, 0x53,
  0x15, 0x34, 0xdd, 0x21, 0x00, 0x30, 0x18, 0x08, 0xed, 0x53, 0x17, 0x34,
  0xdd, 0x21, 0x20, 0x30, 0x2a, 0x13, 0x34, 0x19, 0xeb, 0x21, 0x01, 0x00,
  0xcd, 0xa9, 0x19, 0x28, 0x0d, 0xdd, 0xe5, 0xe5, 0xd5, 0x0e, 0x12, 0xcd,
  0xe2, 0x0d, 0xd1, 0xe1, 0xdd, 0xe1, 0xcd, 0xb3, 0x19, 0x38, 0xe9, 0xfd,
  0xe1, 0xc9, 0xfd, 0xe5, 0xcd, 0xa1, 0x19, 0xfd, 0xcb, 0x24, 0x46, 0x28,
  0x04, 0xdd, 0x21, 0x20, 0x30, 0xcd, 0xa9, 0x19, 0x28, 0x0b, 0xdd, 0xe5,
  0xe5, 0xc5, 0xcd, 0x14, 0x0d, 0xc1, 0xe1, 0xdd, 0xe1, 0xcd, 0xbb, 0x19,
  0x38, 0xeb, 0xfd, 0xe1, 0xc9, 0xfd, 0xe5, 0xcd, 0xa1, 0x19, 0xfd, 0xcb,
  0x24, 0x46, 0x28, 0x04, 0xdd, 0x21, 0x20, 0x30, 0xd5, 0xcd, 0xa9, 0x19,
  0x28, 0x0b, 0xdd, 0xe5, 0xe5, 0xc5, 0xcd, 0xe2, 0x0d, 0xc1, 0xe1, 0xdd,
  0xe1, 0xcd, 0xbb, 0x19, 0xd1, 0x38, 0xe9, 0xfd, 0xe1, 0xc9, 0xfd, 0xe5,
  0xcd, 0xa1, 0x19, 0xfd, 0xcb, 0x24, 0x46, 0x28, 0x04, 0xdd, 0x21, 0x20,
  0x30, 0xcd, 0xa9, 0x19, 0x28, 0x0b, 0xdd, 0xe5, 0xe5, 0xc5, 0xcd, 0x30,
  0x0d, 0xc1, 0xe1, 0xdd, 0xe1, 0xcd, 0xbb, 0x19, 0x38, 0xeb, 0xfd, 0xe1,
  0xc9, 0x7b, 0xfe, 0x05, 0x3f, 0xd8, 0x87, 0x5f, 0x16, 0x00, 0x21, 0x07,
  0x1e, 0x19, 0x7e, 0x23, 0x66, 0x6f, 0xe9, 0x11, 0x1e, 0x21, 0x1e, 0x64,
  0x1e, 0x74, 0x1e, 0xc6, 0x1e, 0x79, 0xfe, 0x04, 0x3f, 0xd8, 0xf3, 0x3a,
  0x96, 0x34, 0xe6, 0xfc, 0xb1, 0x32, 0x96, 0x34, 0xc9, 0x3a, 0x96, 0x34,
  0xcb, 0x57, 0x11, 0x9d, 0x34, 0x28, 0x03, 0x11, 0x97, 0x34, 0xd5, 0xcd,
  0x38, 0x1e, 0xe1, 0x5e, 0x23, 0x56, 0xb7, 0xc9, 0xf3, 0x21, 0x96, 0x34,
  0x7e, 0x32, 0xa5, 0x34, 0xcb, 0x57, 0x28, 0x17, 0xcb, 0x96, 0xe5, 0x2a,
  0x9b, 0x34, 0x22, 0xa6, 0x34, 0x2a, 0x97, 0x34, 0x22, 0x9b, 0x34, 0x3a,
  0xa4, 0x34, 0x77, 0x23, 0x36, 0x7e, 0xe1, 0xcb, 0x5e, 0xcb, 0x9e, 0xc4,
  0x06, 0x1a, 0xa7, 0xc9, 0x3a, 0xa5, 0x34, 0x32, 0x96, 0x34, 0xcb, 0x57,
  0xc8, 0x2a, 0xa6, 0x34, 0x22, 0x9b, 0x34, 0xc9, 0x78, 0xb7, 0xc5, 0xdd,
  0xe5, 0xc1, 0xfd, 0xe5, 0xd1, 0xc4, 0xab, 0x1e, 0xd4, 0x85, 0x1e, 0xc1,
  0xc9, 0x60, 0x69, 0x7a, 0xb3, 0x28, 0x32, 0x1b, 0xed, 0x52, 0x3f, 0xd8,
  0x13, 0xf3, 0xed, 0x43, 0x97, 0x34, 0xed, 0x43, 0x99, 0x34, 0xed, 0x53,
  0x9b, 0x34, 0xaf, 0x32, 0xa4, 0x34, 0x3a, 0x96, 0x34, 0xcb, 0xd7, 0x32,
  0x96, 0x34, 0xc9, 0x60, 0x69, 0x3e, 0x7e, 0x23, 0xcb, 0x7e, 0x28, 0x0b,
  0x23, 0x23, 0xe5, 0xa7, 0xed, 0x52, 0xe1, 0x38, 0xf2, 0x37, 0xc9, 0xbe,
  0x20, 0xf3, 0x2b, 0x44, 0x4d, 0xc9, 0x78, 0xb7, 0xc5, 0xdd, 0xe5, 0xc1,
  0xfd, 0xe5, 0xd1, 0xc4, 0xd7, 0x1e, 0xcd, 0xe0, 0x1e, 0xc1, 0xc9, 0xed,
  0x4b, 0x99, 0x34, 0xed, 0x5b, 0x9b, 0x34, 0xc9, 0xf3, 0xed, 0x43, 0x9d,
  0x34, 0xed, 0x43, 0x9f, 0x34, 0xed, 0x53, 0xa1, 0x34, 0x0a, 0x32, 0xa3,
  0x34, 0x21, 0x96, 0x34, 0xcb, 0xde, 0xc9, 0x3a, 0x37, 0x34, 0x1f, 0x30,
  0x05, 0xc5, 0xcd, 0x06, 0x1a, 0xc1, 0x79, 0xe6, 0x0f, 0x32, 0x36, 0x34,
  0x21, 0x37, 0x34, 0x70, 0x21, 0x1b, 0x34, 0x11, 0x1c, 0x34, 0x01, 0x11,
  0x00, 0xaf, 0x77, 0xed, 0xb0, 0xc9, 0x11, 0x1b, 0x34, 0xfd, 0x21, 0x80,
  0x32, 0xcd, 0xc8, 0x1f, 0xdd, 0x21, 0x1b, 0x34, 0x3a, 0x96, 0x34, 0x67,
  0xcb, 0x6f, 0x20, 0x06, 0x16, 0x54, 0x06, 0x09, 0x18, 0x04, 0x16, 0x57,
  0x06, 0x08, 0xdd, 0x5e, 0x1b, 0xdd, 0x7e, 0x00, 0xdd, 0x6e, 0x09, 0xdd,
  0x77, 0x09, 0xad, 0x28, 0x0f, 0xdd, 0xe5, 0x4f, 0xa5, 0xc4, 0x6f, 0x1f,
  0xa9, 0xcb, 0xfa, 0xc4, 0x6f, 0x1f, 0xdd, 0xe1, 0xdd, 0x23, 0xcb, 0x6c,
  0x7a, 0x28, 0x08, 0xe6, 0x7f, 0xd6, 0x08, 0x57, 0x10, 0xd7, 0xc9, 0xe6,
  0x7f, 0xd6, 0x06, 0x57, 0x10, 0xcf, 0xc9, 0xf5, 0xc5, 0xd5, 0xcb, 0x6c,
  0x28, 0x06, 0xcb, 0x7f, 0xc4, 0xb0, 0x1f, 0x15, 0x17, 0x17, 0xdc, 0xb0,
  0x1f, 0x15, 0x17, 0xdc, 0xb0, 0x1f, 0x15, 0x17, 0xdc, 0xb0, 0x1f, 0x15,
  0x21, 0x96, 0x34, 0xcb, 0x6e, 0x28, 0x06, 0xcb, 0x7f, 0xc4, 0xb0, 0x1f,
  0x15, 0x17, 0x17, 0xdc, 0xb0, 0x1f, 0x15, 0x17, 0xdc, 0xb0, 0x1f, 0x15,
  0x17, 0xdc, 0xb0, 0x1f, 0x3a, 0x96, 0x34, 0x67, 0xd1, 0xc1, 0xf1, 0xc9,
  0xf5, 0x3a, 0x37, 0x34, 0x1f, 0x30, 0x05, 0xd5, 0xcd, 0x26, 0x1a, 0xd1,
  0xd5, 0x2a, 0x70, 0x33, 0x7d, 0xb4, 0xc4, 0xc1, 0x01, 0xd1, 0xf1, 0xc9,
  0x06, 0x80, 0x78, 0x0e, 0x06, 0xcd, 0x65, 0x07, 0x0d, 0xcd, 0xd9, 0x07,
  0x2f, 0x12, 0xcb, 0x78, 0x28, 0x1e, 0xe5, 0x67, 0x3a, 0x96, 0x34, 0x6f,
  0xcb, 0x6f, 0x28, 0x04, 0x3e, 0x20, 0x18, 0x02, 0x3e, 0x08, 0xa4, 0x28,
  0x0a, 0x2f, 0xe6, 0x20, 0xcb, 0xad, 0xb5, 0x32, 0x96, 0x34, 0x7c, 0xe1,
  0x13, 0xcb, 0x38, 0x20, 0xcd, 0x0f, 0xe6, 0x20, 0x12, 0x13, 0xc9, 0xc5,
  0xfd, 0xe5, 0x18, 0x03, 0xc5, 0xdd, 0xe5, 0xdd, 0xe5, 0xe1, 0x11, 0x38,
  0x34, 0x01, 0x10, 0x00, 0xc5, 0xed, 0xb0, 0xc1, 0xe1, 0xed, 0xb0, 0xc1,
  0xc9, 0x79, 0xe6, 0x3f, 0xfd, 0x77, 0x12, 0xfd, 0x7e, 0x34, 0xa7, 0xfd,
  0x7e, 0x12, 0x28, 0x0c, 0xfd, 0x86, 0x33, 0xfd, 0x86, 0x28, 0xfe, 0x40,
  0x38, 0x02, 0x3e, 0x3f, 0x21, 0x56, 0x20, 0xcd, 0xc2, 0x01, 0x7e, 0x0e,
  0x12, 0xdf, 0xc9, 0x79, 0xe6, 0x07, 0xfd, 0x77, 0x17, 0xaf, 0x0e, 0x15,
  0xdf, 0x0c, 0xdf, 0xfd, 0x7e, 0x17, 0x0c, 0xdf, 0xa7, 0xc9, 0xff, 0xeb,
  0xd7, 0xc5, 0xb5, 0xa6, 0x98, 0x8c, 0x80, 0x75, 0x6c, 0x63, 0x5b, 0x53,
  0x4c, 0x46, 0x40, 0x3b, 0x36, 0x31, 0x2d, 0x29, 0x26, 0x23, 0x20, 0x1d,
  0x1b, 0x19, 0x17, 0x15, 0x13, 0x11, 0x10, 0x0f, 0x0d, 0x0c, 0x0b, 0x0a,
  0x0a, 0x09, 0x08, 0x07, 0x07, 0x06, 0x06, 0x05, 0x05, 0x04, 0x04, 0x04,
  0x03, 0x03, 0x03, 0x03, 0x02, 0x02, 0x02, 0x02, 0x02, 0x02, 0x01, 0x01,
  0x01, 0x00, 0xcb, 0x51, 0x20, 0x06, 0x0e, 0x00, 0x18, 0x02, 0x0e, 0x01,
  0x79, 0xe6, 0x01, 0x87, 0x87, 0x87, 0x4f, 0xfd, 0x7e, 0x19, 0xe6, 0x07,
  0xb1, 0xfd, 0x77, 0x19, 0x0e, 0x19, 0xdf, 0xc9, 0xfd, 0xcb, 0x24, 0x4e,
  0x37, 0xc0, 0xcd, 0xf6, 0x07, 0x1f, 0xd8, 0x3a, 0x38, 0x34, 0xfe, 0x02,
  0x30, 0x04, 0xdb, 0xc0, 0x1f, 0xc9, 0xfe, 0x04, 0xc8, 0x30, 0x0a, 0x3a,
  0xe4, 0x32, 0xcb, 0x4f, 0xc0, 0xdb, 0xc2, 0x1f, 0xc9, 0xfe, 0x05, 0x37,
  0xc0, 0xf3, 0xcd, 0x18, 0x33, 0xfb, 0xc9, 0xcd, 0x96, 0x20, 0xcd, 0x23,
  0x20, 0xcd, 0xf4, 0x20, 0x18, 0x33, 0xcd, 0x96, 0x20, 0xcd, 0x49, 0x20,
  0x01, 0x99, 0x9e, 0x21, 0x36, 0x00, 0xed, 0x5b, 0x3e, 0x34, 0xcd, 0x35,
  0x21, 0x2b, 0x2b, 0xeb, 0x21, 0x1f, 0xff, 0x19, 0x38, 0x03, 0x11, 0xe1,
  0x00, 0x21, 0x01, 0xf8, 0x19, 0x30, 0x03, 0x11, 0xff, 0x07, 0x7b, 0x0e,
  0x0d, 0xdf, 0x7a, 0x0c, 0xdf, 0xc9, 0xeb, 0x18, 0x03, 0x2a, 0x3e, 0x34,
  0x01, 0x00, 0x00, 0x11, 0x34, 0xc2, 0xcd, 0x35, 0x21, 0x7d, 0x0e, 0x10,
  0xdf, 0x7c, 0x0c, 0xdf, 0xc9, 0xaf, 0x93, 0x5f, 0x3e, 0x00, 0x9a, 0x57,
  0x78, 0x06, 0x10, 0xcb, 0x21, 0x17, 0xed, 0x6a, 0x38, 0x0e, 0x19, 0x38,
  0x02, 0xed, 0x52, 0xcb, 0x11, 0x17, 0x10, 0xf2, 0xeb, 0x67, 0x69, 0xc9,
  0x19, 0x37, 0x18, 0xf3, 0xdd, 0xe5, 0xdd, 0x21, 0x38, 0x34, 0xaf, 0x18,
  0x08, 0xdd, 0xe5, 0xdd, 0x21, 0x48, 0x34, 0x3e, 0x08, 0xfd, 0xe5, 0xdd,
  0xb6, 0x00, 0x87, 0xe6, 0x1e, 0x4f, 0x06, 0x00, 0x21, 0xbe, 0x21, 0x09,
  0x5e, 0x23, 0x56, 0xed, 0x53, 0x66, 0x34, 0x21, 0xde, 0x21, 0x09, 0x5e,
  0x23, 0x56, 0xed, 0x53, 0x6a, 0x34, 0x21, 0x9e, 0x21, 0x09, 0x5e, 0x23,
  0x56, 0xed, 0x53, 0x8a, 0x34, 0xeb, 0xcd, 0xc1, 0x01, 0xfd, 0xe1, 0xdd,
  0xe1, 0xc9, 0x1b, 0x22, 0x0c, 0x22, 0x15, 0x22, 0x06, 0x22, 0xa3, 0x22,
  0xad, 0x22, 0x9d, 0x21, 0x9d, 0x21, 0x49, 0x22, 0x3a, 0x22, 0x43, 0x22,
  0x34, 0x22, 0xa3, 0x22, 0xb1, 0x22, 0x9d, 0x21, 0x9d, 0x21, 0xd3, 0x22,
  0xd3, 0x22, 0xda, 0x22, 0xda, 0x22, 0xe1, 0x22, 0xb1, 0x34, 0x9d, 0x21,
  0x9d, 0x21, 0xea, 0x22, 0xea, 0x22, 0xf3, 0x22, 0xf3, 0x22, 0xfc, 0x22,
  0xae, 0x34, 0x9d, 0x21, 0x9d, 0x21, 0x05, 0x23, 0x05, 0x23, 0x0d, 0x23,
  0x0d, 0x23, 0x9d, 0x21, 0x26, 0x23, 0x9d, 0x21, 0x9d, 0x21, 0x05, 0x23,
  0x05, 0x23, 0x0d, 0x23, 0x0d, 0x23, 0x9d, 0x21, 0x26, 0x23, 0x9d, 0x21,
  0x9d, 0x21, 0x2a, 0x66, 0x34, 0xe9, 0x2a, 0x6a, 0x34, 0xe9, 0xfd, 0x21,
  0xc0, 0x32, 0x18, 0x04, 0xfd, 0x21, 0x80, 0x32, 0xcd, 0x61, 0x22, 0x18,
  0x0d, 0xfd, 0x21, 0xc0, 0x32, 0x18, 0x04, 0xfd, 0x21, 0x80, 0x32, 0xcd,
  0x7d, 0x22, 0x3e, 0x20, 0xfd, 0x77, 0x07, 0x0e, 0x07, 0xe7, 0x0e, 0x0f,
  0xcd, 0xd9, 0x07, 0xcd, 0xd9, 0x07, 0x18, 0x24, 0xfd, 0x21, 0xc0, 0x32,
  0x18, 0x04, 0xfd, 0x21, 0x80, 0x32, 0xcd, 0x61, 0x22, 0x18, 0x0d, 0xfd,
  0x21, 0xc0, 0x32, 0x18, 0x04, 0xfd, 0x21, 0x80, 0x32, 0xcd, 0x7d, 0x22,
  0x3e, 0x60, 0xfd, 0x77, 0x07, 0x0e, 0x07, 0xe7, 0xcd, 0xf9, 0x07, 0xd8,
  0xcb, 0x5f, 0x28, 0xf8, 0xc9, 0xfd, 0x7e, 0x08, 0xe6, 0x40, 0xf6, 0x01,
  0xfd, 0x77, 0x08, 0x0e, 0x08, 0xe7, 0xdd, 0x6e, 0x02, 0xdd, 0x66, 0x03,
  0x29, 0x29, 0x29, 0x7c, 0xf6, 0xe0, 0x67, 0x18, 0x17, 0xfd, 0x7e, 0x08,
  0xe6, 0x40, 0xfd, 0x77, 0x08, 0x0e, 0x08, 0xe7, 0xdd, 0x6e, 0x02, 0xdd,
  0x66, 0x03, 0x29, 0x29, 0x29, 0x29, 0x29, 0x29, 0x7d, 0x0c, 0xe7, 0x7c,
  0x0c, 0xe7, 0x3e, 0xff, 0x0c, 0xe7, 0x0c, 0xe7, 0xc3, 0xa7, 0x25, 0xdd,
  0x6e, 0x02, 0xdd, 0x66, 0x03, 0x22, 0x68, 0x34, 0xc9, 0x0e, 0x00, 0x18,
  0x02, 0x0e, 0x40, 0xdd, 0x6e, 0x02, 0xdd, 0x66, 0x03, 0x29, 0x29, 0x7c,
  0xe6, 0x07, 0xcd, 0xa8, 0x34, 0x3e, 0x8e, 0xcd, 0xa8, 0x34, 0xaf, 0xcd,
  0xa8, 0x34, 0xdd, 0x7e, 0x02, 0xe6, 0x3f, 0xb1, 0xc3, 0xa8, 0x34, 0x3e,
  0x0f, 0xd3, 0xc0, 0xdb, 0xc1, 0xc9, 0x3e, 0x0f, 0xd3, 0xc2, 0xdb, 0xc3,
  0xc9, 0x2a, 0x68, 0x34, 0x7e, 0x23, 0x22, 0x68, 0x34, 0xc9, 0x67, 0x3e,
  0x0f, 0xd3, 0xc0, 0x7c, 0xd3, 0xc1, 0xc9, 0x67, 0x3e, 0x0f, 0xd3, 0xc2,
  0x7c, 0xd3, 0xc3, 0xc9, 0x2a, 0x68, 0x34, 0x77, 0x23, 0x22, 0x68, 0x34,
  0xc9, 0xfd, 0xe5, 0xfd, 0x21, 0x80, 0x32, 0x18, 0x06, 0xfd, 0xe5, 0xfd,
  0x21, 0xc0, 0x32, 0xfd, 0x7e, 0x07, 0xf6, 0x01, 0x0e, 0x07, 0xe7, 0xaf,
  0xfd, 0x77, 0x07, 0xe7, 0xcd, 0xab, 0x25, 0xfd, 0xe1, 0xc9, 0xaf, 0xcd,
  0xa8, 0x34, 0x3e, 0x8e, 0xc3, 0xa8, 0x34, 0xd5, 0xc5, 0xe5, 0x11, 0x00,
  0x35, 0xcd, 0x41, 0x23, 0xe1, 0xc1, 0xd1, 0xc9, 0xd5, 0xcd, 0x03, 0x20,
  0xd1, 0x3a, 0x38, 0x34, 0xfe, 0x04, 0x20, 0x0b, 0xf3, 0x2a, 0x3a, 0x34,
  0x01, 0x00, 0x01, 0xed, 0xb0, 0x18, 0x1a, 0xcd, 0xc2, 0x20, 0xd8, 0xf3,
  0xd5, 0xcd, 0x58, 0x21, 0xd1, 0x06, 0x00, 0xcd, 0xfe, 0x21, 0x12, 0x13,
  0x10, 0xf9, 0xcd, 0x02, 0x22, 0x2a, 0x3a, 0x34, 0x23, 0x22, 0x3a, 0x34,
  0x2a, 0x3c, 0x34, 0x2b, 0x22, 0x3c, 0x34, 0xfb, 0xa7, 0xc9, 0xd5, 0x11,
  0x00, 0x36, 0x18, 0x04, 0xd5, 0x11, 0x00, 0x35, 0xc5, 0xe5, 0xcd, 0x92,
  0x23, 0xe1, 0xc1, 0xd1, 0xc9, 0xd5, 0xcd, 0x03, 0x20, 0xd1, 0x3a, 0x48,
  0x34, 0xfe, 0x04, 0x20, 0x0e, 0xf3, 0xeb, 0xed, 0x5b, 0x4a, 0x34, 0x01,
  0x00, 0x01, 0xed, 0xb0, 0xeb, 0x18, 0x1a, 0xcd, 0xc2, 0x20, 0xd8, 0xf3,
  0xd5, 0xcd, 0x61, 0x21, 0xd1, 0x06, 0x00, 0x1a, 0x13, 0xcd, 0xfe, 0x21,
  0x10, 0xf9, 0xcd, 0x02, 0x22, 0x2a, 0x4a, 0x34, 0x23, 0x22, 0x4a, 0x34,
  0x2a, 0x4c, 0x34, 0x23, 0x22, 0x4c, 0x34, 0xfb, 0xa7, 0xc9, 0xaf, 0xfd,
  0xcb, 0x24, 0x4e, 0xc0, 0x21, 0x6b, 0x24, 0xfd, 0xcb, 0x24, 0x46, 0x28,
  0x01, 0x2b, 0xe5, 0x11, 0x38, 0x34, 0x01, 0x10, 0x00, 0xc5, 0xed, 0xb0,
  0xc1, 0xe1, 0xed, 0xb0, 0x06, 0x08, 0x0e, 0x00, 0xcd, 0x3b, 0x24, 0xf5,
  0x0c, 0x10, 0xf9, 0x06, 0x08, 0x0e, 0x00, 0xaf, 0xcd, 0x4f, 0x24, 0xcd,
  0x3b, 0x24, 0xa7, 0x20, 0x0d, 0x2f, 0xcd, 0x4f, 0x24, 0xcd, 0x3b, 0x24,
  0x3c, 0x20, 0x03, 0x0c, 0x10, 0xe9, 0x79, 0xa7, 0x28, 0x15, 0x41, 0x0d,
  0xc5, 0x79, 0xcd, 0x4f, 0x24, 0x0d, 0x10, 0xf9, 0xc1, 0xcd, 0x3b, 0x24,
  0xb9, 0x28, 0x03, 0x0d, 0x10, 0xf7, 0x0c, 0x41, 0x0e, 0x07, 0xf1, 0xcd,
  0x4f, 0x24, 0x79, 0xa7, 0x28, 0x03, 0x0d, 0x30, 0xf5, 0x78, 0xc9, 0xc5,
  0xcd, 0x63, 0x24, 0x22, 0x3a, 0x34, 0xcd, 0x58, 0x21, 0xcd, 0xfe, 0x21,
  0xf5, 0xcd, 0x02, 0x22, 0xf1, 0xc1, 0xc9, 0xc5, 0xf5, 0xcd, 0x63, 0x24,
  0x22, 0x4a, 0x34, 0xcd, 0x61, 0x21, 0xf1, 0xcd, 0xfe, 0x21, 0xcd, 0x02,
  0x22, 0xc1, 0xc9, 0x61, 0xaf, 0xcb, 0x3c, 0x1f, 0x6f, 0xc9, 0x02, 0x00,
  0x00, 0x00, 0x00, 0x00, 0x00, 0x00, 0x00, 0x00, 0x00, 0x00, 0x00, 0x00,
  0x00, 0x00, 0x00, 0x3a, 0x89, 0x34, 0xa7, 0x3e, 0x20, 0x28, 0x06, 0x3e,
  0x30, 0x18, 0x02, 0x3e, 0x68, 0xf5, 0xcd, 0x08, 0x20, 0x3a, 0x38, 0x34,
  0xfe, 0x04, 0x30, 0x68, 0xfe, 0x02, 0xfd, 0xcb, 0x24, 0x46, 0x30, 0x04,
  0x20, 0x5e, 0x18, 0x02, 0x28, 0x5a, 0xcd, 0xb4, 0x20, 0x38, 0x55, 0xcd,
  0xe3, 0x20, 0xcd, 0x01, 0x25, 0x38, 0x4d, 0xdd, 0xe5, 0xe1, 0xfd, 0x75,
  0x25, 0xfd, 0x74, 0x26, 0xf3, 0xf1, 0xf5, 0xfe, 0x68, 0x20, 0x0d, 0xcd,
  0xbd, 0x2c, 0x30, 0x05, 0xe1, 0x3e, 0x03, 0xfb, 0xc9, 0xcd, 0xab, 0x25,
  0xf1, 0xf5, 0xfd, 0x77, 0x07, 0x0e, 0x07, 0xe7, 0xfd, 0x7e, 0x08, 0x0c,
  0xe7, 0xfd, 0x7e, 0x04, 0xe6, 0x63, 0xf6, 0x08, 0x47, 0xf1, 0xfe, 0x30,
  0x78, 0x20, 0x02, 0xf6, 0x18, 0xfd, 0x77, 0x04, 0x0e, 0x04, 0xe7, 0xfd,
  0xcb, 0x07, 0xfe, 0xfd, 0x7e, 0x07, 0x0e, 0x07, 0xe7, 0xa7, 0xfb, 0xc9,
  0xf1, 0x3e, 0x01, 0x37, 0xc9, 0x2a, 0x3a, 0x34, 0xed, 0x5b, 0x3c, 0x34,
  0x7b, 0xb2, 0x37, 0xc8, 0x3a, 0x38, 0x34, 0x1f, 0x38, 0x25, 0x29, 0x29,
  0x29, 0x29, 0x29, 0x29, 0x7d, 0x0e, 0x09, 0xe7, 0x7c, 0x0c, 0xe7, 0xeb,
  0x29, 0x29, 0x29, 0x29, 0x29, 0x29, 0x19, 0x2b, 0x7d, 0x0c, 0xe7, 0x7c,
  0x0c, 0xe7, 0xfd, 0x7e, 0x08, 0xe6, 0x40, 0xfd, 0x77, 0x08, 0xc9, 0x29,
  0x29, 0x29, 0x7d, 0x0e, 0x09, 0xe7, 0x7c, 0xe6, 0x1f, 0x0c, 0xe7, 0xeb,
  0x29, 0x29, 0x29, 0x19, 0x2b, 0x7d, 0x0c, 0xe7, 0x7c, 0xe6, 0x1f, 0x0c,
  0xe7, 0xfd, 0x7e, 0x08, 0xe6, 0x40, 0xf6, 0x01, 0xfd, 0x77, 0x08, 0xc9,
  0xf3, 0xfd, 0xcb, 0x24, 0x4e, 0x20, 0x37, 0xfd, 0x7e, 0x07, 0xe6, 0xc0,
  0xfe, 0xc0, 0x28, 0x07, 0xfd, 0x7e, 0x08, 0xe6, 0x0c, 0xfe, 0x08, 0xf5,
  0xfd, 0x7e, 0x08, 0xe6, 0x40, 0xfd, 0x77, 0x08, 0x0e, 0x08, 0xe7, 0xfd,
  0x7e, 0x07, 0xf6, 0x01, 0x0d, 0xe7, 0xe6, 0xbf, 0xe7, 0xcd, 0xab, 0x25,
  0xf1, 0xcc, 0x9d, 0x25, 0xaf, 0xfd, 0x77, 0x07, 0x0e, 0x07, 0xe7, 0xcd,
  0x9e, 0x20, 0xa7, 0xfb, 0xc9, 0x2e, 0x64, 0x06, 0x00, 0x10, 0xfe, 0x2d,
  0x20, 0xfb, 0xc9, 0x0e, 0x00, 0x18, 0x02, 0x0e, 0x18, 0xfd, 0x7e, 0x04,
  0xe6, 0x63, 0xb1, 0xfd, 0x77, 0x04, 0x0e, 0x04, 0xe7, 0xfd, 0x36, 0x34,
  0x00, 0xfd, 0x36, 0x32, 0x00, 0xfd, 0x36, 0x33, 0x3f, 0xc9, 0xdd, 0xe5,
  0xfd, 0xe5, 0x2a, 0x72, 0x33, 0xfd, 0x21, 0x80, 0x32, 0x18, 0x0b, 0xdd,
  0xe5, 0xfd, 0xe5, 0x2a, 0x74, 0x33, 0xfd, 0x21, 0xc0, 0x32, 0xe5, 0xcd,
  0x5c, 0x25, 0xfd, 0x6e, 0x25, 0xfd, 0x66, 0x26, 0xe5, 0xdd, 0xe1, 0xe1,
  0x7d, 0xb4, 0xc4, 0xc1, 0x01, 0xfd, 0xe1, 0xdd, 0xe1, 0xc9, 0xcd, 0xd3,
  0x26, 0x3e, 0x01, 0xd8, 0xcd, 0xe3, 0x20, 0xf3, 0xcd, 0xa7, 0x25, 0xcd,
  0x58, 0x21, 0xfd, 0x36, 0x07, 0x80, 0xcd, 0xdf, 0x26, 0xcd, 0xfe, 0x21,
  0x41, 0x0e, 0x0f, 0xe7, 0x48, 0x06, 0xff, 0xcd, 0xfe, 0x21, 0x67, 0xed,
  0x78, 0xe6, 0x08, 0xca, 0x1b, 0x26, 0x3e, 0x0f, 0xed, 0x79, 0x0c, 0xed,
  0x61, 0x0d, 0x3e, 0x04, 0xed, 0x79, 0x3e, 0x80, 0x0c, 0xed, 0x79, 0x0d,
  0x10, 0xe1, 0xcd, 0x0c, 0x2d, 0x28, 0x13, 0x1b, 0x7a, 0xb3, 0x20, 0xd7,
  0xcd, 0x55, 0x26, 0x38, 0xd2, 0xcd, 0x02, 0x22, 0xcd, 0x5c, 0x25, 0xa7,
  0xfb, 0xc9, 0xcd, 0x45, 0x26, 0x37, 0x3e, 0x03, 0xc9, 0x3a, 0x89, 0x34,
  0xa7, 0xc8, 0xc5, 0xfd, 0xe5, 0xdd, 0xe5, 0xdd, 0x21, 0x38, 0x34, 0x2a,
  0x8a, 0x34, 0xcd, 0xc1, 0x01, 0xdd, 0xe1, 0xfd, 0xe1, 0xed, 0x5b, 0x3c,
  0x34, 0xc1, 0x37, 0xc9, 0xcd, 0xd3, 0x26, 0x3e, 0x01, 0xd8, 0xcd, 0xe3,
  0x20, 0xf3, 0xcd, 0xa7, 0x25, 0xcd, 0x61, 0x21, 0xcd, 0xbd, 0x2c, 0xda,
  0x4e, 0x26, 0xfd, 0x36, 0x07, 0xc8, 0xcd, 0xdf, 0x26, 0x41, 0x0e, 0x0f,
  0xcd, 0xd9, 0x07, 0xcd, 0xf9, 0x07, 0xe6, 0x08, 0x28, 0xf9, 0x3e, 0x80,
  0x0e, 0x04, 0xe7, 0x48, 0x06, 0x00, 0xed, 0x78, 0xe6, 0x08, 0xca, 0xa6,
  0x26, 0x3e, 0x0f, 0xed, 0x79, 0x0c, 0xed, 0x60, 0x0d, 0x3e, 0x04, 0xed,
  0x79, 0x3e, 0x80, 0x0c, 0xed, 0x79, 0x0d, 0x7c, 0xcd, 0xfe, 0x21, 0x10,
  0xe1, 0xcd, 0x0c, 0x2d, 0xca, 0x4e, 0x26, 0x1b, 0x7a, 0xb3, 0x20, 0xd6,
  0xc3, 0x45, 0x26, 0xcd, 0x08, 0x20, 0x3a, 0x38, 0x34, 0xfe, 0x04, 0xd8,
  0xc3, 0xb4, 0x20, 0xfd, 0x7e, 0x08, 0xe6, 0x40, 0xfd, 0x77, 0x08, 0x0e,
  0x08, 0xe7, 0xfd, 0x7e, 0x07, 0x0d, 0xc3, 0xc6, 0x27, 0xcd, 0xaa, 0x27,
  0x3e, 0x01, 0xd8, 0xcd, 0xee, 0x20, 0xf3, 0xcd, 0xa7, 0x25, 0xcd, 0x58,
  0x21, 0x11, 0x0c, 0x00, 0xcd, 0xb0, 0x27, 0x06, 0x00, 0xcd, 0xfe, 0x21,
  0x67, 0x3e, 0x04, 0xed, 0x79, 0xed, 0x78, 0xe6, 0x10, 0xca, 0x11, 0x27,
  0x3e, 0x80, 0x0c, 0xed, 0x79, 0x0d, 0x3e, 0x15, 0xed, 0x79, 0x0c, 0xed,
  0x61, 0x0d, 0x10, 0xe1, 0xcd, 0x0c, 0x2d, 0x28, 0x30, 0x1b, 0x7a, 0xb3,
  0x20, 0xd7, 0xdd, 0x7e, 0x00, 0xfe, 0x04, 0x30, 0x19, 0xc5, 0xcd, 0x02,
  0x22, 0xcd, 0x55, 0x26, 0x30, 0x17, 0xfd, 0x7e, 0x08, 0xe6, 0x40, 0xf6,
  0x0c, 0xfd, 0x77, 0x08, 0x0e, 0x08, 0xe7, 0xc1, 0x18, 0xb7, 0xcd, 0x55,
  0x26, 0x38, 0xb2, 0x18, 0x01, 0xc1, 0xc3, 0x45, 0x26, 0xc3, 0x4e, 0x26,
  0xcd, 0xaa, 0x27, 0x3e, 0x01, 0xd8, 0xcd, 0xee, 0x20, 0xf3, 0xcd, 0xa7,
  0x25, 0xcd, 0x61, 0x21, 0xcd, 0xbd, 0x2c, 0xda, 0x5d, 0x27, 0x11, 0x08,
  0x08, 0xcd, 0xb0, 0x27, 0x06, 0x00, 0x3e, 0x04, 0xed, 0x79, 0xed, 0x78,
  0xe6, 0x10, 0xca, 0x82, 0x27, 0x3e, 0x80, 0x0c, 0xed, 0x79, 0x0d, 0x3e,
  0x1a, 0xed, 0x79, 0x0c, 0xed, 0x78, 0x0d, 0xcd, 0xfe, 0x21, 0x10, 0xe2,
  0xcd, 0x0c, 0x2d, 0xca, 0x5d, 0x27, 0x1b, 0x7a, 0xb3, 0x20, 0xd7, 0xc3,
  0x45, 0x26, 0xcd, 0x08, 0x20, 0xc3, 0xb4, 0x20, 0xfd, 0x7e, 0x07, 0xe6,
  0x60, 0xb2, 0xfd, 0x77, 0x07, 0x0e, 0x07, 0xe7, 0xfd, 0x7e, 0x08, 0xe6,
  0x40, 0xb3, 0xfd, 0x77, 0x08, 0x0c, 0xe7, 0xed, 0x5b, 0x3c, 0x34, 0xed,
  0x4b, 0x16, 0x40, 0xfd, 0xcb, 0x24, 0x46, 0xc8, 0x0c, 0x0c, 0xc9, 0xcd,
  0x03, 0x20, 0x3e, 0x04, 0xdd, 0xbe, 0x00, 0x20, 0x1f, 0xfd, 0xbe, 0x00,
  0x20, 0x30, 0x2a, 0x3a, 0x34, 0xed, 0x5b, 0x4a, 0x34, 0xed, 0x4b, 0x3c,
  0x34, 0xed, 0x43, 0x4c, 0x34, 0x41, 0x0e, 0x00, 0xed, 0xb0, 0xed, 0x43,
  0x3c, 0x34, 0x18, 0x50, 0xfd, 0xbe, 0x00, 0x28, 0x2d, 0xcd, 0x2f, 0x23,
  0xd4, 0x80, 0x23, 0x38, 0x43, 0x2a, 0x3c, 0x34, 0x7d, 0xb4, 0x20, 0xf1,
  0x18, 0x3a, 0xed, 0x5b, 0x3a, 0x34, 0x14, 0xed, 0x53, 0x3a, 0x34, 0x15,
  0xcd, 0x92, 0x23, 0x38, 0x2b, 0x2a, 0x3c, 0x34, 0x2b, 0x22, 0x3c, 0x34,
  0x7d, 0xb4, 0x20, 0xe6, 0x18, 0x1e, 0xed, 0x5b, 0x4a, 0x34, 0xcd, 0x41,
  0x23, 0x38, 0x15, 0x2a, 0x4a, 0x34, 0x24, 0x22, 0x4a, 0x34, 0x2a, 0x4c,
  0x34, 0x23, 0x22, 0x4c, 0x34, 0x2a, 0x3c, 0x34, 0x7d, 0xb4, 0x20, 0xe2,
  0x2a, 0x4c, 0x34, 0xdd, 0x75, 0x04, 0xdd, 0x74, 0x05, 0xc9, 0xcd, 0xc1,
  0x28, 0xcd, 0x2f, 0x23, 0x38, 0x11, 0x21, 0x00, 0x35, 0x7e, 0xcd, 0x4f,
  0x29, 0x2c, 0x20, 0xf9, 0x2a, 0x3c, 0x34, 0x7d, 0xb4, 0x20, 0xea, 0x2a,
  0x3a, 0x34, 0xdd, 0x75, 0x02, 0xdd, 0x74, 0x03, 0x2a, 0x62, 0x34, 0xdd,
  0x75, 0x08, 0xdd, 0x74, 0x09, 0x2a, 0x64, 0x34, 0xdd, 0x75, 0x0a, 0xdd,
  0x74, 0x0b, 0xc9, 0xcd, 0xc1, 0x28, 0xcd, 0x2f, 0x23, 0x38, 0x17, 0x11,
  0x00, 0x35, 0x21, 0x00, 0x36, 0xcd, 0xb3, 0x28, 0x38, 0x0c, 0xcd, 0xb3,
  0x28, 0x38, 0x07, 0x2a, 0x3c, 0x34, 0x7d, 0xb4, 0x20, 0xe4, 0xcd, 0x7c,
  0x28, 0x18, 0x61, 0x1a, 0x1c, 0xcd, 0x4f, 0x29, 0x70, 0x2c, 0x71, 0x2c,
  0x20, 0xf5, 0xc3, 0x7a, 0x23, 0xcd, 0x03, 0x20, 0x11, 0x00, 0x80, 0x21,
  0x7f, 0x00, 0xcb, 0x41, 0x28, 0x79, 0xed, 0x5b, 0x40, 0x34, 0x2a, 0x42,
  0x34, 0xed, 0x53, 0x62, 0x34, 0x22, 0x64, 0x34, 0xc9, 0xcd, 0x33, 0x29,
  0xcd, 0x2f, 0x23, 0x38, 0x1d, 0x21, 0x00, 0x35, 0x11, 0x00, 0x36, 0xcd,
  0x27, 0x29, 0xcd, 0x2f, 0x23, 0x38, 0x0f, 0xcd, 0x27, 0x29, 0xcd, 0x7a,
  0x23, 0x38, 0x07, 0x2a, 0x3c, 0x34, 0x7d, 0xb4, 0x20, 0xde, 0x2a, 0x62,
  0x34, 0xfd, 0x75, 0x08, 0xfd, 0x74, 0x09, 0x2a, 0x64, 0x34, 0xfd, 0x75,
  0x0a, 0xfd, 0x74, 0x0b, 0x2a, 0x4c, 0x34, 0xfd, 0x75, 0x04, 0xfd, 0x74,
  0x05, 0x2a, 0x3e, 0x34, 0xfd, 0x75, 0x06, 0xfd, 0x74, 0x07, 0xc9, 0x46,
  0x2c, 0x4e, 0xcd, 0x62, 0x29, 0x12, 0x1c, 0x2c, 0x20, 0xf5, 0xc9, 0xcd,
  0x03, 0x20, 0x11, 0x00, 0x80, 0x21, 0x7f, 0x00, 0xcb, 0x41, 0x28, 0x07,
  0xed, 0x5b, 0x50, 0x34, 0x2a, 0x52, 0x34, 0xed, 0x53, 0x62, 0x34, 0x22,
  0x64, 0x34, 0xc9, 0xd5, 0xe5, 0xf5, 0x1f, 0x1f, 0x1f, 0x1f, 0xcd, 0xb1,
  0x29, 0x47, 0xf1, 0xcd, 0xb1, 0x29, 0x4f, 0xe1, 0xd1, 0xc9, 0xd5, 0xe5,
  0x78, 0xcd, 0x7d, 0x29, 0x47, 0xcd, 0xb1, 0x29, 0x79, 0xcd, 0x7d, 0x29,
  0x4f, 0xcd, 0xb1, 0x29, 0x78, 0x87, 0x87, 0x87, 0x87, 0xb1, 0xe1, 0xd1,
  0xc9, 0xee, 0x80, 0x67, 0xaf, 0x6f, 0xed, 0x5b, 0x62, 0x34, 0xed, 0x52,
  0x30, 0x06, 0xeb, 0x21, 0x01, 0x00, 0xed, 0x52, 0x17, 0xed, 0x5b, 0x64,
  0x34, 0xed, 0x52, 0x30, 0x01, 0x19, 0x17, 0xcb, 0x3a, 0xcb, 0x1b, 0xa7,
  0xed, 0x52, 0x30, 0x01, 0x19, 0x17, 0xcb, 0x3a, 0xcb, 0x1b, 0xa7, 0xed,
  0x52, 0x17, 0xee, 0x07, 0xc9, 0xc5, 0xe6, 0x0f, 0x4f, 0xed, 0x5b, 0x64,
  0x34, 0x62, 0x6b, 0x06, 0x03, 0xcb, 0x3c, 0xcb, 0x1d, 0x1f, 0x30, 0x01,
  0x19, 0x10, 0xf6, 0xed, 0x5b, 0x62, 0x34, 0x1f, 0x38, 0x08, 0x19, 0x30,
  0x0e, 0x21, 0xff, 0xff, 0x18, 0x09, 0xeb, 0xa7, 0xed, 0x52, 0x30, 0x03,
  0x21, 0x00, 0x00, 0x22, 0x62, 0x34, 0xcb, 0x99, 0x21, 0x29, 0x2a, 0x09,
  0x7e, 0x60, 0x68, 0xed, 0x5b, 0x64, 0x34, 0x06, 0x08, 0xcb, 0x3c, 0xcb,
  0x1d, 0x1f, 0x30, 0x01, 0x19, 0x10, 0xf6, 0x38, 0x18, 0x17, 0xed, 0x6a,
  0x38, 0x13, 0xeb, 0x21, 0x00, 0xa0, 0x19, 0x38, 0x0c, 0x21, 0x81, 0xff,
  0x19, 0xeb, 0x38, 0x08, 0x21, 0x7f, 0x00, 0x18, 0x03, 0x21, 0x00, 0x60,
  0x22, 0x64, 0x34, 0x2a, 0x62, 0x34, 0x11, 0x80, 0x00, 0x19, 0x30, 0x01,
  0x25, 0x7c, 0xab, 0xc1, 0xc9, 0x39, 0x39, 0x39, 0x39, 0x4d, 0x66, 0x80,
  0x99, 0xfd, 0xcb, 0x24, 0x4e, 0x20, 0x3d, 0xfd, 0x71, 0x27, 0xeb, 0x11,
  0x00, 0x36, 0x01, 0x00, 0x01, 0xed, 0xb0, 0x01, 0x0f, 0x00, 0x21, 0x48,
  0x34, 0x11, 0x49, 0x34, 0x36, 0x00, 0xed, 0xb0, 0xfd, 0xcb, 0x24, 0x46,
  0x28, 0x05, 0x3e, 0x02, 0x32, 0x48, 0x34, 0xcd, 0x5c, 0x25, 0x0e, 0x01,
  0xcd, 0x76, 0x2a, 0x0e, 0x02, 0xcd, 0x76, 0x2a, 0x0e, 0x04, 0xcd, 0x76,
  0x2a, 0x0e, 0x08, 0xcd, 0x76, 0x2a, 0xaf, 0xc9, 0x37, 0xc9, 0x21, 0x00,
  0x80, 0x22, 0x62, 0x34, 0x21, 0x7f, 0x00, 0x22, 0x64, 0x34, 0x06, 0x08,
  0x11, 0x00, 0x36, 0x21, 0x00, 0x35, 0xcd, 0xa1, 0x2a, 0xc5, 0x47, 0xcd,
  0xa1, 0x2a, 0x4f, 0xcd, 0x62, 0x29, 0xc1, 0x77, 0x2c, 0x20, 0xef, 0xcd,
  0x80, 0x23, 0x10, 0xea, 0xc9, 0x7b, 0x81, 0x5f, 0x1a, 0xc9, 0xfd, 0xcb,
  0x24, 0x4e, 0xc2, 0x2d, 0x2b, 0xcb, 0x7a, 0xca, 0x90, 0x2c, 0xd5, 0xcd,
  0x5c, 0x25, 0xfd, 0x4e, 0x27, 0x21, 0x80, 0x3e, 0x22, 0x3e, 0x34, 0xcd,
  0x96, 0x20, 0xf1, 0xe6, 0x7f, 0xfe, 0x2b, 0x30, 0x05, 0xfe, 0x24, 0xd2,
  0x2f, 0x2b, 0xfe, 0x5b, 0x38, 0x04, 0xd6, 0x0c, 0x18, 0xf8, 0xfe, 0x2b,
  0x30, 0x04, 0xc6, 0x0c, 0x18, 0xf8, 0xd6, 0x2b, 0x21, 0x37, 0x2b, 0x11,
  0x04, 0x00, 0xfe, 0x0c, 0x38, 0x05, 0x19, 0xd6, 0x0c, 0x18, 0xf7, 0xf5,
  0x7e, 0x23, 0x0e, 0x09, 0xdf, 0x7e, 0x23, 0x0c, 0xdf, 0x7e, 0x23, 0x0c,
  0xdf, 0x7e, 0x0c, 0xdf, 0xf1, 0x87, 0x5f, 0x16, 0x00, 0x21, 0x47, 0x2b,
  0x19, 0x7e, 0x23, 0x0e, 0x10, 0xdf, 0x7e, 0x0c, 0xdf, 0xcd, 0x31, 0x2c,
  0xf3, 0xfd, 0x7e, 0x08, 0xe6, 0x40, 0xfd, 0x77, 0x08, 0x0e, 0x08, 0xe7,
  0x3e, 0x30, 0x0d, 0xe7, 0xcb, 0xff, 0xfd, 0x77, 0x07, 0xe7, 0xfb, 0xaf,
  0xc9, 0x37, 0xc9, 0xd6, 0x18, 0x21, 0x37, 0x2b, 0xc3, 0xef, 0x2a, 0x00,
  0x00, 0xff, 0x01, 0x00, 0x02, 0xff, 0x03, 0x00, 0x04, 0xff, 0x05, 0x00,
  0x06, 0xff, 0x07, 0x73, 0x80, 0x16, 0x88, 0x2e, 0x90, 0xc1, 0x98, 0xd6,
  0xa1, 0x75, 0xab, 0xa8, 0xb5, 0x75, 0xc0, 0xe6, 0xcb, 0x06, 0xd8, 0xdf,
  0xe4, 0x7b, 0xf2, 0xbb, 0x55, 0xd4, 0x5a, 0x3a, 0x60, 0xf3, 0x65, 0x03,
  0x6c, 0x6f, 0x72, 0x3d, 0x79, 0x1a, 0x13, 0x4f, 0xc5, 0x1a, 0x13, 0xfd,
  0x77, 0x28, 0xcd, 0xbb, 0x2b, 0xfd, 0x71, 0x29, 0xfd, 0x70, 0x2a, 0xcd,
  0xbb, 0x2b, 0xfd, 0x71, 0x2b, 0xfd, 0x70, 0x2c, 0x1a, 0x13, 0xfd, 0x77,
  0x2d, 0xcd, 0xbb, 0x2b, 0xfd, 0x71, 0x2e, 0xfd, 0x70, 0x2f, 0xcd, 0xbb,
  0x2b, 0xfd, 0x71, 0x30, 0xfd, 0x70, 0x31, 0xc1, 0xcd, 0x27, 0x08, 0x21,
  0x0b, 0x2c, 0x22, 0x41, 0x33, 0x3a, 0x84, 0x32, 0x07, 0x07, 0x07, 0xee,
  0x03, 0xe6, 0x03, 0xf6, 0x01, 0x4f, 0xcd, 0x08, 0x08, 0xaf, 0xc9, 0x1a,
  0x13, 0x87, 0xe6, 0x3e, 0x21, 0xcb, 0x2b, 0x4f, 0x06, 0x00, 0x09, 0x4e,
  0x23, 0x46, 0xc9, 0x00, 0x00, 0x01, 0x00, 0x02, 0x00, 0x03, 0x00, 0x04,
  0x00, 0x06, 0x00, 0x08, 0x00, 0x0c, 0x00, 0x10, 0x00, 0x18, 0x00, 0x20,
  0x00, 0x30, 0x00, 0x40, 0x00, 0x60, 0x00, 0x80, 0x00, 0xc0, 0x00, 0x00,
  0x01, 0x80, 0x01, 0x00, 0x02, 0x00, 0x03, 0x00, 0x04, 0x00, 0x05, 0x00,
  0x06, 0x00, 0x07, 0x00, 0x08, 0x00, 0x0a, 0x00, 0x0c, 0x00, 0x10, 0x00,
  0x18, 0x00, 0x20, 0x00, 0x30, 0xff, 0x3f, 0xfd, 0xe5, 0xfd, 0x21, 0x80,
  0x32, 0xcd, 0x1e, 0x2c, 0xfd, 0x21, 0xc0, 0x32, 0xcd, 0x1e, 0x2c, 0xfd,
  0xe1, 0xc9, 0xfd, 0x7e, 0x34, 0xa7, 0xc8, 0xfe, 0x01, 0x28, 0x16, 0xfe,
  0x02, 0x28, 0x2e, 0xfe, 0x03, 0x28, 0x4e, 0x18, 0x63, 0xfd, 0x36, 0x34,
  0x01, 0xfd, 0x36, 0x32, 0x00, 0xfd, 0x36, 0x33, 0x3f, 0xfd, 0x6e, 0x32,
  0xfd, 0x66, 0x33, 0xfd, 0x5e, 0x29, 0xfd, 0x56, 0x2a, 0xaf, 0xed, 0x52,
  0x28, 0x02, 0x30, 0x55, 0x21, 0x00, 0x00, 0xfd, 0x36, 0x34, 0x02, 0x18,
  0x4c, 0xfd, 0x6e, 0x32, 0xfd, 0x66, 0x33, 0xfd, 0x5e, 0x2b, 0xfd, 0x56,
  0x2c, 0x19, 0xcb, 0x74, 0x28, 0x02, 0x26, 0x3f, 0x7c, 0xfd, 0xbe, 0x2d,
  0x38, 0x33, 0xfd, 0x36, 0x34, 0x03, 0xfd, 0x66, 0x2d, 0x2e, 0x00, 0x18,
  0x28, 0xfd, 0x6e, 0x32, 0xfd, 0x66, 0x33, 0xfd, 0x5e, 0x2e, 0xfd, 0x56,
  0x2f, 0x19, 0xcb, 0x74, 0x20, 0x20, 0x18, 0x15, 0xfd, 0x36, 0x34, 0x04,
  0xfd, 0x6e, 0x32, 0xfd, 0x66, 0x33, 0xfd, 0x5e, 0x30, 0xfd, 0x56, 0x31,
  0x19, 0xcb, 0x74, 0x20, 0x09, 0xfd, 0x75, 0x32, 0xfd, 0x74, 0x33, 0xc3,
  0x23, 0x20, 0xfd, 0x36, 0x34, 0x00, 0xfd, 0x36, 0x32, 0xff, 0xfd, 0x36,
  0x33, 0x3f, 0xc3, 0x5c, 0x25, 0x3a, 0x88, 0x34, 0xa7, 0xc8, 0x0e, 0x07,
  0x3e, 0x08, 0xe7, 0x0c, 0xe7, 0xcd, 0xa7, 0x25, 0xcd, 0xcb, 0x27, 0xcd,
  0xe3, 0x2c, 0xf5, 0x0e, 0x08, 0xaf, 0xe7, 0xf1, 0xd0, 0x0d, 0xfd, 0x7e,
  0x07, 0xe7, 0xcd, 0xab, 0x25, 0x37, 0xc9, 0x11, 0x80, 0x10, 0x06, 0x1a,
  0x3e, 0x04, 0xed, 0x79, 0xed, 0x78, 0xa2, 0xca, 0xec, 0x2c, 0x0c, 0xed,
  0x59, 0x0d, 0xed, 0x41, 0x0c, 0xed, 0x78, 0x0d, 0xab, 0xfe, 0x90, 0xd0,
  0xfe, 0x70, 0x3f, 0xd0, 0xcd, 0x0c, 0x2d, 0xc2, 0xe8, 0x2c, 0x37, 0xc9,
  0xdb, 0xaa, 0xe6, 0xf0, 0xf6, 0x07, 0xd3, 0xaa, 0xdb, 0xa9, 0xe6, 0x10,
  0xc0, 0xdb, 0xaa, 0xe6, 0xf0, 0xf6, 0x06, 0xd3, 0xaa, 0xdb, 0xa9, 0xe6,
  0x02, 0xc0, 0x3a, 0xe1, 0xfb, 0xe6, 0xef, 0x32, 0xe1, 0xfb, 0x3a, 0xb1,
  0xfb, 0xb7, 0xc9, 0x37, 0xfd, 0xcb, 0x24, 0x4e, 0xc0, 0x78, 0xe6, 0x3f,
  0x32, 0x6c, 0x34, 0xed, 0x53, 0x6f, 0x34, 0xcd, 0x96, 0x20, 0xf3, 0xaf,
  0x0e, 0xbd, 0xe7, 0x32, 0x6e, 0x34, 0x3e, 0x80, 0x32, 0x6d, 0x34, 0xcd,
  0xc0, 0x2d, 0x38, 0x40, 0xcd, 0x5b, 0x2e, 0x3e, 0x78, 0x0e, 0x04, 0xe7,
  0x3e, 0x80, 0xe7, 0xfd, 0x7e, 0x08, 0xe6, 0x40, 0xf6, 0x80, 0x0e, 0x08,
  0xe7, 0x3e, 0x1b, 0x0e, 0x04, 0xe7, 0xcd, 0xf9, 0x07, 0xcb, 0x6f, 0x28,
  0xf9, 0x3e, 0x80, 0x0e, 0x04, 0xe7, 0xcd, 0xc0, 0x2d, 0x38, 0x15, 0xcd,
  0xf9, 0x07, 0xcb, 0x6f, 0x20, 0xe8, 0xcb, 0x77, 0x28, 0xf5, 0x3e, 0x80,
  0x0e, 0x04, 0xe7, 0xcd, 0x5b, 0x2e, 0x18, 0xda, 0xfd, 0x7e, 0x22, 0x0e,
  0xbd, 0xe7, 0xfd, 0x7e, 0x08, 0x0e, 0x08, 0xe7, 0xfd, 0x7e, 0x02, 0x0e,
  0x02, 0xe7, 0xfd, 0x7e, 0x03, 0x0e, 0x03, 0xe7, 0xfd, 0x7e, 0x04, 0x0e,
  0x04, 0xe7, 0x3e, 0x80, 0x0e, 0x04, 0xdf, 0xcd, 0x9e, 0x20, 0xa7, 0xc9,
  0x2a, 0x6f, 0x34, 0x3a, 0x6d, 0x34, 0x17, 0x30, 0x0f, 0x3a, 0x6e, 0x34,
  0x17, 0xd8, 0x7e, 0x23, 0x32, 0x6e, 0x34, 0x7e, 0x23, 0x0e, 0x03, 0xe7,
  0x7e, 0x23, 0x32, 0x6d, 0x34, 0x7e, 0x23, 0x0e, 0x02, 0xe7, 0x3a, 0x6c,
  0x34, 0x47, 0x0e, 0x40, 0xcd, 0x17, 0x2e, 0xcd, 0x17, 0x2e, 0xcd, 0x17,
  0x2e, 0x0e, 0x48, 0xcd, 0x17, 0x2e, 0xcd, 0x23, 0x2e, 0xed, 0x53, 0x71,
  0x34, 0xcd, 0x23, 0x2e, 0xed, 0x53, 0x73, 0x34, 0xcd, 0x23, 0x2e, 0xed,
  0x53, 0x75, 0x34, 0xcd, 0x23, 0x2e, 0xed, 0x53, 0x77, 0x34, 0x22, 0x6f,
  0x34, 0xa7, 0xc9, 0x7e, 0x23, 0x80, 0xfe, 0x40, 0x38, 0x02, 0x3e, 0x3f,
  0xe7, 0x0c, 0xc9, 0x7e, 0x23, 0xe5, 0x57, 0xe6, 0x0f, 0x87, 0x21, 0x3b,
  0x2e, 0xcd, 0xc2, 0x01, 0x5e, 0x23, 0x7a, 0x1f, 0x1f, 0xe6, 0x1c, 0xb6,
  0x57, 0xe1, 0xc9, 0x6d, 0x01, 0x83, 0x01, 0x9a, 0x01, 0x00, 0x00, 0xb2,
  0x01, 0xcc, 0x01, 0xe7, 0x01, 0x00, 0x00, 0x04, 0x02, 0x23, 0x02, 0x44,
  0x02, 0x00, 0x00, 0x66, 0x02, 0x8b, 0x02, 0xb1, 0x02, 0x00, 0x00, 0x21,
  0x71, 0x34, 0x16, 0xb0, 0x1e, 0xa0, 0xcd, 0x6b, 0x2e, 0xcd, 0x6b, 0x2e,
  0xcd, 0x6b, 0x2e, 0x7e, 0x4b, 0xe7, 0x23, 0x7e, 0x4a, 0xe7, 0x23, 0x1c,
  0x14, 0xc9, 0x00, 0x00, 0x00, 0x00, 0x00, 0x00, 0x00, 0x00, 0x00, 0x00,
  0x00, 0x00, 0x00, 0x00, 0x00, 0x00, 0x00, 0x00, 0x00, 0x00, 0x00, 0x00,
  0x00, 0x00, 0x00, 0x00, 0x00, 0x00, 0x00, 0x00, 0x00, 0x00, 0x00, 0x00,
  0x00, 0x00, 0x00, 0x00, 0x00, 0x00, 0x00, 0x00, 0x00, 0x00, 0x00, 0x00,
  0x00, 0x00, 0x00, 0x00, 0x00, 0x00, 0x00, 0x00, 0x00, 0x00, 0x00, 0x00,
  0x00, 0x00, 0x00, 0x00, 0x00, 0x00, 0x00, 0x00, 0x00, 0x00, 0x00, 0x00,
  0x00, 0x00, 0x00, 0x00, 0x00, 0x00, 0x00, 0x00, 0x00, 0x00, 0x00, 0x00,
  0x00, 0x00, 0x00, 0x00, 0x00, 0x00, 0x00, 0x00, 0x00, 0x00, 0x00, 0x00,
  0x00, 0x00, 0x00, 0x00, 0x00, 0x00, 0x00, 0x00, 0x00, 0x00, 0x00, 0x00,
  0x00, 0x00, 0x00, 0x00, 0x00, 0x00, 0x00, 0x00, 0x00, 0x00, 0x00, 0x00,
  0x00, 0x00, 0x00, 0x00, 0x00, 0x00, 0x00, 0x00, 0x00, 0x00, 0x00, 0x00,
  0x00, 0x00, 0x00, 0x00, 0x00, 0x00, 0x00, 0x00, 0x00, 0x00, 0x00, 0x00,
  0x00, 0x00, 0x00, 0x00, 0x00, 0x00, 0x00, 0x00, 0x00, 0x00, 0x00, 0x00,
  0x00, 0x00, 0x00, 0x00, 0x00, 0x00, 0x00, 0x00, 0x00, 0x00, 0x00, 0x00,
  0x00, 0x00, 0x00, 0x00, 0x00, 0x00, 0x00, 0x00, 0x00, 0x00, 0x00, 0x00,
  0x00, 0x00, 0x00, 0x00, 0x00, 0x00, 0x00, 0x00, 0x00, 0x00, 0x00, 0x00,
  0x00, 0x00, 0x00, 0x00, 0x00, 0x00, 0x00, 0x00, 0x00, 0x00, 0x00, 0x00,
  0x00, 0x00, 0x00, 0x00, 0x00, 0x00, 0x00, 0x00, 0x00, 0x00, 0x00, 0x00,
  0x00, 0x00, 0x00, 0x00, 0x00, 0x00, 0x00, 0x00, 0x00, 0x00, 0x00, 0x00,
  0x00, 0x00, 0x00, 0x00, 0x00, 0x00, 0x00, 0x00, 0x00, 0x00, 0x00, 0x00,
  0x00, 0x00, 0x00, 0x00, 0x00, 0x00, 0x00, 0x00, 0x00, 0x00, 0x00, 0x00,
  0x3a, 0x23, 0x7b, 0x47, 0x3a, 0x31, 0x7b, 0x90, 0x47, 0xcd, 0x10, 0x40,
  0xc8, 0xfe, 0xff, 0x28, 0x5b, 0x57, 0xe6, 0xe0, 0x07, 0x07, 0x07, 0x4f,
  0x7a, 0xe6, 0x1f, 0x77, 0xcd, 0x10, 0x40, 0x2b, 0x77, 0x0c, 0x0d, 0xc8,
  0xcd, 0x10, 0x40, 0x57, 0xe6, 0xc0, 0x20, 0x11, 0xcd, 0x10, 0x40, 0x5f,
  0x78, 0x07, 0xcd, 0xf4, 0x2f, 0x3c, 0x5a, 0xcd, 0xf4, 0x2f, 0x0d, 0x18,
  0xe5, 0x67, 0xe6, 0x80, 0x28, 0x0f, 0x5a, 0x78, 0xc6, 0x08, 0xcd, 0xf4,
  0x2f, 0x7b, 0xe6, 0x10, 0x3e, 0x0d, 0xc4, 0xf4, 0x2f, 0x7c, 0xe6, 0x40,
  0x28, 0xcc, 0xcd, 0x10, 0x40, 0x57, 0xcd, 0x10, 0x40, 0x5f, 0x3e, 0x0b,
  0xcd, 0xf4, 0x2f, 0x3c, 0x5a, 0xcd, 0xf4, 0x2f, 0x0d, 0x0d, 0x18, 0xb6,
  0x78, 0xc6, 0x08, 0x1e, 0x00, 0xcd, 0xf4, 0x2f, 0x04, 0xf3, 0x21, 0x3f,
  0xfb, 0xaf, 0x37, 0x17, 0x10, 0xfd, 0xa6, 0xae, 0x77, 0xc3, 0x13, 0x40,
  0xf3, 0xd3, 0xa0, 0xf5, 0x7b, 0xd3, 0xa1, 0xf1, 0xc9, 0xff, 0xff, 0xff,
  0xff, 0xff, 0xff, 0xff, 0xff, 0xff, 0xff, 0xff, 0xff, 0xff, 0xff, 0xff,
  0xff, 0xff, 0xff, 0xff, 0xff, 0xff, 0xff, 0xff, 0xff, 0xff, 0xff, 0xff,
  0xff, 0xff, 0xff, 0xff, 0xff, 0xff, 0xff, 0xff, 0xff, 0xff, 0xff, 0xff,
  0xff, 0xff, 0xff, 0xff, 0xff, 0xff, 0xff, 0xff, 0xff, 0xff, 0xff, 0xff,
  0xff, 0xff, 0xff, 0xff, 0xff, 0xff, 0xff, 0xff, 0xff, 0xff, 0xff, 0xff,
  0xff, 0xff, 0xff, 0xff, 0xff, 0xff, 0xff, 0xff, 0xff, 0xff, 0xff, 0xff,
  0xff, 0xff, 0xff, 0xff, 0xff, 0xff, 0xff, 0xff, 0xff, 0xff, 0xff, 0xff,
  0xff, 0xff, 0xff, 0xff, 0xff, 0xff, 0xff, 0xff, 0xff, 0xff, 0xff, 0xff,
  0xff, 0xff, 0xff, 0xff, 0xff, 0xff, 0xff, 0xff, 0xff, 0xff, 0xff, 0xff,
  0xff, 0xff, 0xff, 0xff, 0xff, 0xff, 0xff, 0xff, 0xff, 0xff, 0xff, 0xff,
  0xff, 0xff, 0xff, 0xff, 0xff, 0xff, 0xff, 0xff, 0xff, 0xff, 0xff, 0xff,
  0xff, 0xff, 0xff, 0xff, 0xff, 0xff, 0xff, 0xff, 0xff, 0xff, 0xff, 0xff,
  0xff, 0xff, 0xff, 0xff, 0xff, 0xff, 0xff, 0xff, 0xff, 0xff, 0xff, 0xff,
  0xff, 0xff, 0xff, 0xff, 0xff, 0xff, 0xff, 0xff, 0xff, 0xff, 0xff, 0xff,
  0xff, 0xff, 0xff, 0xff, 0xff, 0xff, 0xff, 0xff, 0xff, 0xff, 0xff, 0xff,
  0xff, 0xff, 0xff, 0xff, 0xff, 0xff, 0xff, 0xff, 0xff, 0xff, 0xff, 0xff,
  0xff, 0xff, 0xff, 0xff, 0xff, 0xff, 0xff, 0xff, 0xff, 0xff, 0xff, 0xff,
  0xff, 0xff, 0xff, 0xff, 0xff, 0xff, 0xff, 0xff, 0xff, 0xff, 0xff, 0xff,
  0xff, 0xff, 0xff, 0xff, 0xff, 0xff, 0xff, 0xff, 0xff, 0xff, 0xff, 0xff,
  0xff, 0xff, 0xff, 0xff, 0xff, 0xff, 0xff, 0xff, 0xff, 0xff, 0xff, 0xff,
  0xff, 0xff, 0xff, 0xff, 0xff, 0xff, 0xff, 0xff, 0xff, 0xff, 0xff, 0xff,
  0xff, 0xff, 0xff, 0xff, 0xff, 0xff, 0xff, 0xff, 0xff, 0xff, 0xff, 0xff,
  0xff, 0xff, 0xff, 0xff, 0xff, 0xff, 0xff, 0xff, 0xff, 0xff, 0xff, 0xff,
  0xff, 0xff, 0xff, 0xff, 0xff, 0xff, 0xff, 0xff, 0xff, 0xff, 0xff, 0xff,
  0xff, 0xff, 0xff, 0xff, 0xff, 0xff, 0xff, 0xff, 0xff, 0xff, 0xff, 0xff,
  0xff, 0xff, 0xff, 0xff, 0xff, 0xff, 0xff, 0xff, 0xff, 0xff, 0xff, 0xff,
  0xff, 0xff, 0xff, 0xff, 0xff, 0xff, 0xff, 0xff, 0xff, 0xff, 0xff, 0xff,
  0xff, 0xff, 0xff, 0xff, 0xff, 0xff, 0xff, 0xff, 0xff, 0xff, 0xff, 0xff,
  0xff, 0xff, 0xff, 0xff, 0xff, 0xff, 0xff, 0xff, 0xff, 0xff, 0xff, 0xff,
  0xff, 0xff, 0xff, 0xff, 0xff, 0xff, 0xff, 0xff, 0xff, 0xff, 0xff, 0xff,
  0xff, 0xff, 0xff, 0xff, 0xff, 0xff, 0xff, 0xff, 0xff, 0xff, 0xff, 0xff,
  0xff, 0xff, 0xff, 0xff, 0xff, 0xff, 0xff, 0xff, 0xff, 0xff, 0xff, 0xff,
  0xff, 0xff, 0xff, 0xff, 0xff, 0xff, 0xff, 0xff, 0xff, 0xff, 0xff, 0xff,
  0xff, 0xff, 0xff, 0xff, 0xff, 0xff, 0xff, 0xff, 0xff, 0xff, 0xff, 0xff,
  0xff, 0xff, 0xff, 0xff, 0xff, 0xff, 0xff, 0xff, 0xff, 0xff, 0xff, 0xff,
  0xff, 0xff, 0xff, 0xff, 0xff, 0xff, 0xff, 0xff, 0xff, 0xff, 0xff, 0xff,
  0xff, 0xff, 0xff, 0xff, 0xff, 0xff, 0xff, 0xff, 0xff, 0xff, 0xff, 0xff,
  0xff, 0xff, 0xff, 0xff, 0xff, 0xff, 0xff, 0xff, 0xff, 0xff, 0xff, 0xff,
  0xff, 0xff, 0xff, 0xff, 0xff, 0xff, 0xff, 0xff, 0xff, 0xff, 0xff, 0xff,
  0xff, 0xff, 0xff, 0xff, 0xff, 0xff, 0xff, 0xff, 0xff, 0xff, 0xff, 0xff,
  0xff, 0xff, 0xff, 0xff, 0xff, 0xff, 0xff, 0xff, 0xff, 0xff, 0xff, 0xff,
  0xff, 0xff, 0xff, 0xff, 0xff, 0xff, 0xff, 0xff, 0xff, 0xff, 0xff, 0xff,
  0xff, 0xff, 0xff, 0xff, 0xff, 0xff, 0xff, 0xff, 0xff, 0xff, 0xff, 0xff,
  0xff, 0xff, 0xff, 0xff, 0xff, 0xff, 0xff, 0xff, 0xff, 0xff, 0xff, 0xff,
  0xff, 0xff, 0xff, 0xff, 0xff, 0xff, 0xff, 0xff, 0xff, 0xff, 0xff, 0xff,
  0xff, 0xff, 0xff, 0xff, 0xff, 0xff, 0xff, 0xff, 0xff, 0xff, 0xff, 0xff,
  0xff, 0xff, 0xff, 0xff, 0xff, 0xff, 0xff, 0xff, 0xff, 0xff, 0xff, 0xff,
  0xff, 0xff, 0xff, 0xff, 0xff, 0xff, 0xff, 0xff, 0xff, 0xff, 0xff, 0xff,
  0xff, 0xff, 0xff, 0xff, 0xff, 0xff, 0xff, 0xff, 0xff, 0xff, 0xff, 0xff,
  0xff, 0xff, 0xff, 0xff, 0xff, 0xff, 0xff, 0xff, 0xff, 0xff, 0xff, 0xff,
  0xff, 0xff, 0xff, 0xff, 0xff, 0xff, 0xff, 0xff, 0xff, 0xff, 0xff, 0xff,
  0xff, 0xff, 0xff, 0xff, 0xff, 0xff, 0xff, 0xff, 0xff, 0xff, 0xff, 0xff,
  0xff, 0xff, 0xff, 0xff, 0xff, 0xff, 0xff, 0xff, 0xff, 0xff, 0xff, 0xff,
  0xff, 0xff, 0xff, 0xff, 0xff, 0xff, 0xff, 0xff, 0xff, 0xff, 0xff, 0xff,
  0xff, 0xff, 0xff, 0xff, 0xff, 0xff, 0xff, 0xff, 0xff, 0xff, 0xff, 0xff,
  0xff, 0xff, 0xff, 0xff, 0xff, 0xff, 0xff, 0xff, 0xff, 0xff, 0xff, 0xff,
  0xff, 0xff, 0xff, 0xff, 0xff, 0xff, 0xff, 0xff, 0xff, 0xff, 0xff, 0xff,
  0xff, 0xff, 0xff, 0xff, 0xff, 0xff, 0xff, 0xff, 0xff, 0xff, 0xff, 0xff,
  0xff, 0xff, 0xff, 0xff, 0xff, 0xff, 0xff, 0xff, 0xff, 0xff, 0xff, 0xff,
  0xff, 0xff, 0xff, 0xff, 0xff, 0xff, 0xff, 0xff, 0xff, 0xff, 0xff, 0xff,
  0xff, 0xff, 0xff, 0xff, 0xff, 0xff, 0xff, 0xff, 0xff, 0xff, 0xff, 0xff,
  0xff, 0xff, 0xff, 0xff, 0xff, 0xff, 0xff, 0xff, 0xff, 0xff, 0xff, 0xff,
  0xff, 0xff, 0xff, 0xff, 0xff, 0xff, 0xff, 0xff, 0xff, 0xff, 0xff, 0xff,
  0xff, 0xff, 0xff, 0xff, 0xff, 0xff, 0xff, 0xff, 0xff, 0xff, 0xff, 0xff,
  0xff, 0xff, 0xff, 0xff, 0xff, 0xff, 0xff, 0xff, 0xff, 0xff, 0xff, 0xff,
  0xff, 0xff, 0xff, 0xff, 0xff, 0xff, 0xff, 0xff, 0xff, 0xff, 0xff, 0xff,
  0xff, 0xff, 0xff, 0xff, 0xff, 0xff, 0xff, 0xff, 0xff, 0xff, 0xff, 0xff,
  0xff, 0xff, 0xff, 0xff, 0xff, 0xff, 0xff, 0xff, 0xff, 0xff, 0xff, 0xff,
  0xff, 0xff, 0xff, 0xff, 0xff, 0xff, 0xff, 0xff, 0xff, 0xff, 0xff, 0xff,
  0xff, 0xff, 0xff, 0xff, 0xff, 0xff, 0xff, 0xff, 0xff, 0xff, 0xff, 0xff,
  0xff, 0xff, 0xff, 0xff, 0xff, 0xff, 0xff, 0xff, 0xff, 0xff, 0xff, 0xff,
  0xff, 0xff, 0xff, 0xff, 0xff, 0xff, 0xff, 0xff, 0xff, 0xff, 0xff, 0xff,
  0xff, 0xff, 0xff, 0xff, 0xff, 0xff, 0xff, 0xff, 0xff, 0xff, 0xff, 0xff,
  0xff, 0xff, 0xff, 0xff, 0xff, 0xff, 0xff, 0xff, 0xff, 0xff, 0xff, 0xff,
  0xff, 0xff, 0xff, 0xff, 0xff, 0xff, 0xff, 0xff, 0xff, 0xff, 0xff, 0xff,
  0xff, 0xff, 0xff, 0xff, 0xff, 0xff, 0xff, 0xff, 0xff, 0xff, 0xff, 0xff,
  0xff, 0xff, 0xff, 0xff, 0xff, 0xff, 0xff, 0xff, 0xff, 0xff, 0xff, 0xff,
  0xff, 0xff, 0xff, 0xff, 0xff, 0xff, 0xff, 0xff, 0xff, 0xff, 0xff, 0xff,
  0xff, 0xff, 0xff, 0xff, 0xff, 0xff, 0xff, 0xff, 0xff, 0xff, 0xff, 0xff,
  0xff, 0xff, 0xff, 0xff, 0xff, 0xff, 0xff, 0xff, 0xff, 0xff, 0xff, 0xff,
  0xff, 0xff, 0xff, 0xff, 0xff, 0xff, 0xff, 0xff, 0xff, 0xff, 0xff, 0xff,
  0xff, 0xff, 0xff, 0xff, 0xff, 0xff, 0xff, 0xff, 0xff, 0xff, 0xff, 0xff,
  0xff, 0xff, 0xff, 0xff, 0xff, 0xff, 0xff, 0xff, 0xff, 0xff, 0xff, 0xff,
  0xff, 0xff, 0xff, 0xff, 0xff, 0xff, 0xff, 0xff, 0xff, 0xff, 0xff, 0xff,
  0xff, 0xff, 0xff, 0xff, 0xff, 0xff, 0xff, 0xff, 0xff, 0xff, 0xff, 0xff,
  0xff, 0xff, 0xff, 0xff, 0xff, 0xff, 0xff, 0xff, 0xff, 0xff, 0xff, 0xff,
  0xff, 0xff, 0xff, 0xff, 0xff, 0xff, 0xff, 0xff, 0xff, 0xff, 0xff, 0xff,
  0xff, 0xff, 0xff, 0xff, 0xff, 0xff, 0xff, 0xff, 0xff, 0xff, 0xff, 0xff,
  0xff, 0xff, 0xff, 0xff, 0xff, 0xff, 0xff, 0xff, 0xff, 0xff, 0xff, 0xff,
  0xff, 0xff, 0xff, 0xff, 0xff, 0xff, 0xff, 0xff, 0xff, 0xff, 0xff, 0xff,
  0xff, 0xff, 0xff, 0xff, 0xff, 0xff, 0xff, 0xff, 0xff, 0xff, 0xff, 0xff,
  0xff, 0xff, 0xff, 0xff, 0xff, 0xff, 0xff, 0xff, 0xff, 0xff, 0xff, 0xff,
  0xff, 0xff, 0xff, 0xff, 0xff, 0xff, 0xff, 0xff, 0xff, 0xff, 0xff, 0xff,
  0xff, 0xff, 0xff, 0xff, 0xff, 0xff, 0xff, 0xff, 0xff, 0xff, 0xff, 0xff,
  0xff, 0xff, 0xff, 0xff, 0xff, 0xff, 0xff, 0xff, 0xff, 0xff, 0xff, 0xff,
  0xff, 0xff, 0xff, 0xff, 0xff, 0xff, 0xff, 0xff, 0xff, 0xff, 0xff, 0xff,
  0xff, 0xff, 0xff, 0xff, 0xff, 0xff, 0xff, 0xff, 0xff, 0xff, 0xff, 0xff,
  0xff, 0xff, 0xff, 0xff, 0xff, 0xff, 0xff, 0xff, 0xff, 0xff, 0xff, 0xff,
  0xff, 0xff, 0xff, 0xff, 0xff, 0xff, 0xff, 0xff, 0xff, 0xff, 0xff, 0xff,
  0xff, 0xff, 0xff, 0xff, 0xff, 0xff, 0xff, 0xff, 0xff, 0xff, 0xff, 0xff,
  0xff, 0xff, 0xff, 0xff, 0xff, 0xff, 0xff, 0xff, 0xff, 0xff, 0xff, 0xff,
  0xff, 0xff, 0xff, 0xff, 0xff, 0xff, 0xff, 0xff, 0xff, 0xff, 0xff, 0xff,
  0xff, 0xff, 0xff, 0xff, 0xff, 0xff, 0xff, 0xff, 0xff, 0xff, 0xff, 0xff,
  0xff, 0xff, 0xff, 0xff, 0xff, 0xff, 0xff, 0xff, 0xff, 0xff, 0xff, 0xff,
  0xff, 0xff, 0xff, 0xff, 0xff, 0xff, 0xff, 0xff, 0xff, 0xff, 0xff, 0xff,
  0xff, 0xff, 0xff, 0xff, 0xff, 0xff, 0xff, 0xff, 0xff, 0xff, 0xff, 0xff,
  0xff, 0xff, 0xff, 0xff, 0xff, 0xff, 0xff, 0xff, 0xff, 0xff, 0xff, 0xff,
  0xff, 0xff, 0xff, 0xff, 0xff, 0xff, 0xff, 0xff, 0xff, 0xff, 0xff, 0xff,
  0xff, 0xff, 0xff, 0xff, 0xff, 0xff, 0xff, 0xff, 0xff, 0xff, 0xff, 0xff,
  0xff, 0xff, 0xff, 0xff, 0xff, 0xff, 0xff, 0xff, 0xff, 0xff, 0xff, 0xff,
  0xff, 0xff, 0xff, 0xff, 0xff, 0xff, 0xff, 0xff, 0xff, 0xff, 0xff, 0xff,
  0xff, 0xff, 0xff, 0xff, 0xff, 0xff, 0xff, 0xff, 0xff, 0xff, 0xff, 0xff,
  0xff, 0xff, 0xff, 0xff, 0xff, 0xff, 0xff, 0xff, 0xff, 0xff, 0xff, 0xff,
  0xff, 0xff, 0xff, 0xff, 0xff, 0xff, 0xff, 0xff, 0xff, 0xff, 0xff, 0xff,
  0xff, 0xff, 0xff, 0xff, 0xff, 0xff, 0xff, 0xff, 0xff, 0xff, 0xff, 0xff,
  0xff, 0xff, 0xff, 0xff, 0xff, 0xff, 0xff, 0xff, 0xff, 0xff, 0xff, 0xff,
  0xff, 0xff, 0xff, 0xff, 0xff, 0xff, 0xff, 0xff, 0xff, 0xff, 0xff, 0xff,
  0xff, 0xff, 0xff, 0xff, 0xff, 0xff, 0xff, 0xff, 0xff, 0xff, 0xff, 0xff,
  0xff, 0xff, 0xff, 0xff, 0xff, 0xff, 0xff, 0xff, 0xff, 0xff, 0xff, 0xff,
  0xff, 0xff, 0xff, 0xff, 0xff, 0xff, 0xff, 0xff, 0xff, 0xff, 0xff, 0xff,
  0xff, 0xff, 0xff, 0xff, 0xff, 0xff, 0xff, 0xff, 0xff, 0xff, 0xff, 0xff,
  0xff, 0xff, 0xff, 0xff, 0xff, 0xff, 0xff, 0xff, 0xff, 0xff, 0xff, 0xff,
  0xff, 0xff, 0xff, 0xff, 0xff, 0xff, 0xff, 0xff, 0xff, 0xff, 0xff, 0xff,
  0xff, 0xff, 0xff, 0xff, 0xff, 0xff, 0xff, 0xff, 0xff, 0xff, 0xff, 0xff,
  0xff, 0xff, 0xff, 0xff, 0xff, 0xff, 0xff, 0xff, 0xff, 0xff, 0xff, 0xff,
  0xff, 0xff, 0xff, 0xff, 0xff, 0xff, 0xff, 0xff, 0xff, 0xff, 0xff, 0xff,
  0xff, 0xff, 0xff, 0xff, 0xff, 0xff, 0xff, 0xff, 0xff, 0xff, 0xff, 0xff,
  0xff, 0xff, 0xff, 0xff, 0xff, 0xff, 0xff, 0xff, 0xff, 0xff, 0xff, 0xff,
  0xff, 0xff, 0xff, 0xff, 0xff, 0xff, 0xff, 0xff, 0xff, 0xff, 0xff, 0xff,
  0xff, 0xff, 0xff, 0xff, 0xff, 0xff, 0xff, 0xff, 0xff, 0xff, 0xff, 0xff,
  0xff, 0xff, 0xff, 0xff, 0xff, 0xff, 0xff, 0xff, 0xff, 0xff, 0xff, 0xff,
  0xff, 0xff, 0xff, 0xff, 0xff, 0xff, 0xff, 0xff, 0xff, 0xff, 0xff, 0xff,
  0xff, 0xff, 0xff, 0xff, 0xff, 0xff, 0xff, 0xff, 0xff, 0xff, 0xff, 0xff,
  0xff, 0xff, 0xff, 0xff, 0xff, 0xff, 0xff, 0xff, 0xff, 0xff, 0xff, 0xff,
  0xff, 0xff, 0xff, 0xff, 0xff, 0xff, 0xff, 0xff, 0xff, 0xff, 0xff, 0xff,
  0xff, 0xff, 0xff, 0xff, 0xff, 0xff, 0xff, 0xff, 0xff, 0xff, 0xff, 0xff,
  0xff, 0xff, 0xff, 0xff, 0xff, 0xff, 0xff, 0xff, 0xff, 0xff, 0xff, 0xff,
  0xff, 0xff, 0xff, 0xff, 0xff, 0xff, 0xff, 0xff, 0xff, 0xff, 0xff, 0xff,
  0xff, 0xff, 0xff, 0xff, 0xff, 0xff, 0xff, 0xff, 0xff, 0xff, 0xff, 0xff,
  0xff, 0xff, 0xff, 0xff, 0xff, 0xff, 0xff, 0xff, 0xff, 0xff, 0xff, 0xff,
  0xff, 0xff, 0xff, 0xff, 0xff, 0xff, 0xff, 0xff, 0xff, 0xff, 0xff, 0xff,
  0xff, 0xff, 0xff, 0xff, 0xff, 0xff, 0xff, 0xff, 0xff, 0xff, 0xff, 0xff,
  0xff, 0xff, 0xff, 0xff, 0xff, 0xff, 0xff, 0xff, 0xff, 0xff, 0xff, 0xff,
  0xff, 0xff, 0xff, 0xff, 0xff, 0xff, 0xff, 0xff, 0xff, 0xff, 0xff, 0xff,
  0xff, 0xff, 0xff, 0xff, 0xff, 0xff, 0xff, 0xff, 0xff, 0xff, 0xff, 0xff,
  0xff, 0xff, 0xff, 0xff, 0xff, 0xff, 0xff, 0xff, 0xff, 0xff, 0xff, 0xff,
  0xff, 0xff, 0xff, 0xff, 0xff, 0xff, 0xff, 0xff, 0xff, 0xff, 0xff, 0xff,
  0xff, 0xff, 0xff, 0xff, 0xff, 0xff, 0xff, 0xff, 0xff, 0xff, 0xff, 0xff,
  0xff, 0xff, 0xff, 0xff, 0xff, 0xff, 0xff, 0xff, 0xff, 0xff, 0xff, 0xff,
  0xff, 0xff, 0xff, 0xff, 0xff, 0xff, 0xff, 0xff, 0xff, 0xff, 0xff, 0xff,
  0xff, 0xff, 0xff, 0xff, 0xff, 0xff, 0xff, 0xff, 0xff, 0xff, 0xff, 0xff,
  0xff, 0xff, 0xff, 0xff, 0xff, 0xff, 0xff, 0xff, 0xff, 0xff, 0xff, 0xff,
  0xff, 0xff, 0xff, 0xff, 0xff, 0xff, 0xff, 0xff, 0xff, 0xff, 0xff, 0xff,
  0xff, 0xff, 0xff, 0xff, 0xff, 0xff, 0xff, 0xff, 0xff, 0xff, 0xff, 0xff,
  0xff, 0xff, 0xff, 0xff, 0xff, 0xff, 0xff, 0xff, 0xff, 0xff, 0xff, 0xff,
  0xff, 0xff, 0xff, 0xff, 0xff, 0xff, 0xff, 0xff, 0xff, 0xff, 0xff, 0xff,
  0xff, 0xff, 0xff, 0xff, 0xff, 0xff, 0xff, 0xff, 0xff, 0xff, 0xff, 0xff,
  0xff, 0xff, 0xff, 0xff, 0xff, 0xff, 0xff, 0xff, 0xff, 0xff, 0xff, 0xff,
  0xff, 0xff, 0xff, 0xff, 0xff, 0xff, 0xff, 0xff, 0xff, 0xff, 0xff, 0xff,
  0xff, 0xff, 0xff, 0xff, 0xff, 0xff, 0xff, 0xff, 0xff, 0xff, 0xff, 0xff,
  0xff, 0xff, 0xff, 0xff, 0xff, 0xff, 0xff, 0xff, 0xff, 0xff, 0xff, 0xff,
  0xff, 0xff, 0xff, 0xff, 0xff, 0xff, 0xff, 0xff, 0xff, 0xff, 0xff, 0xff,
  0xff, 0xff, 0xff, 0xff, 0xff, 0xff, 0xff, 0xff, 0xff, 0xff, 0xff, 0xff,
  0xff, 0xff, 0xff, 0xff, 0xff, 0xff, 0xff, 0xff, 0xff, 0xff, 0xff, 0xff,
  0xff, 0xff, 0xff, 0xff, 0xff, 0xff, 0xff, 0xff, 0xff, 0xff, 0xff, 0xff,
  0xff, 0xff, 0xff, 0xff, 0xff, 0xff, 0xff, 0xff, 0xff, 0xff, 0xff, 0xff,
  0xff, 0xff, 0xff, 0xff, 0xff, 0xff, 0xff, 0xff, 0xff, 0xff, 0xff, 0xff,
  0xff, 0xff, 0xff, 0xff, 0xff, 0xff, 0xff, 0xff, 0xff, 0xff, 0xff, 0xff,
  0xff, 0xff, 0xff, 0xff, 0xff, 0xff, 0xff, 0xff, 0xff, 0xff, 0xff, 0xff,
  0xff, 0xff, 0xff, 0xff, 0xff, 0xff, 0xff, 0xff, 0xff, 0xff, 0xff, 0xff,
  0xff, 0xff, 0xff, 0xff, 0xff, 0xff, 0xff, 0xff, 0xff, 0xff, 0xff, 0xff,
  0xff, 0xff, 0xff, 0xff, 0xff, 0xff, 0xff, 0xff, 0xff, 0xff, 0xff, 0xff,
  0xff, 0xff, 0xff, 0xff, 0xff, 0xff, 0xff, 0xff, 0xff, 0xff, 0xff, 0xff,
  0xff, 0xff, 0xff, 0xff, 0xff, 0xff, 0xff, 0xff, 0xff, 0xff, 0xff, 0xff,
  0xff, 0xff, 0xff, 0xff, 0xff, 0xff, 0xff, 0xff, 0xff, 0xff, 0xff, 0xff,
  0xff, 0xff, 0xff, 0xff, 0xff, 0xff, 0xff, 0xff, 0xff, 0xff, 0xff, 0xff,
  0xff, 0xff, 0xff, 0xff, 0xff, 0xff, 0xff, 0xff, 0xff, 0xff, 0xff, 0xff,
  0xff, 0xff, 0xff, 0xff, 0xff, 0xff, 0xff, 0xff, 0xff, 0xff, 0xff, 0xff,
  0xff, 0xff, 0xff, 0xff, 0xff, 0xff, 0xff, 0xff, 0xff, 0xff, 0xff, 0xff,
  0xff, 0xff, 0xff, 0xff, 0xff, 0xff, 0xff, 0xff, 0xff, 0xff, 0xff, 0xff,
  0xff, 0xff, 0xff, 0xff, 0xff, 0xff, 0xff, 0xff, 0xff, 0xff, 0xff, 0xff,
  0xff, 0xff, 0xff, 0xff, 0xff, 0xff, 0xff, 0xff, 0xff, 0xff, 0xff, 0xff,
  0xff, 0xff, 0xff, 0xff, 0xff, 0xff, 0xff, 0xff, 0xff, 0xff, 0xff, 0xff,
  0xff, 0xff, 0xff, 0xff, 0xff, 0xff, 0xff, 0xff, 0xff, 0xff, 0xff, 0xff,
  0xff, 0xff, 0xff, 0xff, 0xff, 0xff, 0xff, 0xff, 0xff, 0xff, 0xff, 0xff,
  0xff, 0xff, 0xff, 0xff, 0xff, 0xff, 0xff, 0xff, 0xff, 0xff, 0xff, 0xff,
  0xff, 0xff, 0xff, 0xff, 0xff, 0xff, 0xff, 0xff, 0xff, 0xff, 0xff, 0xff,
  0xff, 0xff, 0xff, 0xff, 0xff, 0xff, 0xff, 0xff, 0xff, 0xff, 0xff, 0xff,
  0xff, 0xff, 0xff, 0xff, 0xff, 0xff, 0xff, 0xff, 0xff, 0xff, 0xff, 0xff,
  0xff, 0xff, 0xff, 0xff, 0xff, 0xff, 0xff, 0xff, 0xff, 0xff, 0xff, 0xff,
  0xff, 0xff, 0xff, 0xff, 0xff, 0xff, 0xff, 0xff, 0xff, 0xff, 0xff, 0xff,
  0xff, 0xff, 0xff, 0xff, 0xff, 0xff, 0xff, 0xff, 0xff, 0xff, 0xff, 0xff,
  0xff, 0xff, 0xff, 0xff, 0xff, 0xff, 0xff, 0xff, 0xff, 0xff, 0xff, 0xff,
  0xff, 0xff, 0xff, 0xff, 0xff, 0xff, 0xff, 0xff, 0xff, 0xff, 0xff, 0xff,
  0xff, 0xff, 0xff, 0xff, 0xff, 0xff, 0xff, 0xff, 0xff, 0xff, 0xff, 0xff,
  0xff, 0xff, 0xff, 0xff, 0xff, 0xff, 0xff, 0xff, 0xff, 0xff, 0xff, 0xff,
  0xff, 0xff, 0xff, 0xff, 0xff, 0xff, 0xff, 0xff, 0xff, 0xff, 0xff, 0xff,
  0xff, 0xff, 0xff, 0xff, 0xff, 0xff, 0xff, 0xff, 0xff, 0xff, 0xff, 0xff,
  0xff, 0xff, 0xff, 0xff, 0xff, 0xff, 0xff, 0xff, 0xff, 0xff, 0xff, 0xff,
  0xff, 0xff, 0xff, 0xff, 0xff, 0xff, 0xff, 0xff, 0xff, 0xff, 0xff, 0xff,
  0xff, 0xff, 0xff, 0xff, 0xff, 0xff, 0xff, 0xff, 0xff, 0xff, 0xff, 0xff,
  0xff, 0xff, 0xff, 0xff, 0xff, 0xff, 0xff, 0xff, 0xff, 0xff, 0xff, 0xff,
  0xff, 0xff, 0xff, 0xff, 0xff, 0xff, 0xff, 0xff, 0xff, 0xff, 0xff, 0xff,
  0xff, 0xff, 0xff, 0xff, 0xff, 0xff, 0xff, 0xff, 0xff, 0xff, 0xff, 0xff,
  0xff, 0xff, 0xff, 0xff, 0xff, 0xff, 0xff, 0xff, 0xff, 0xff, 0xff, 0xff,
  0xff, 0xff, 0xff, 0xff, 0xff, 0xff, 0xff, 0xff, 0xff, 0xff, 0xff, 0xff,
  0xff, 0xff, 0xff, 0xff, 0xff, 0xff, 0xff, 0xff, 0xff, 0xff, 0xff, 0xff,
  0xff, 0xff, 0xff, 0xff, 0xff, 0xff, 0xff, 0xff, 0xff, 0xff, 0xff, 0xff,
  0xff, 0xff, 0xff, 0xff, 0xff, 0xff, 0xff, 0xff, 0xff, 0xff, 0xff, 0xff,
  0xff, 0xff, 0xff, 0xff, 0xff, 0xff, 0xff, 0xff, 0xff, 0xff, 0xff, 0xff,
  0xff, 0xff, 0xff, 0xff, 0xff, 0xff, 0xff, 0xff, 0xff, 0xff, 0xff, 0xff,
  0xff, 0xff, 0xff, 0xff, 0xff, 0xff, 0xff, 0xff, 0xff, 0xff, 0xff, 0xff,
  0xff, 0xff, 0xff, 0xff, 0xff, 0xff, 0xff, 0xff, 0xff, 0xff, 0xff, 0xff,
  0xff, 0xff, 0xff, 0xff, 0xff, 0xff, 0xff, 0xff, 0xff, 0xff, 0xff, 0xff,
  0xff, 0xff, 0xff, 0xff, 0xff, 0xff, 0xff, 0xff, 0xff, 0xff, 0xff, 0xff,
  0xff, 0xff, 0xff, 0xff, 0xff, 0xff, 0xff, 0xff, 0xff, 0xff, 0xff, 0xff,
  0xff, 0xff, 0xff, 0xff, 0xff, 0xff, 0xff, 0xff, 0xff, 0xff, 0xff, 0xff,
  0xff, 0xff, 0xff, 0xff, 0xff, 0xff, 0xff, 0xff, 0xff, 0xff, 0xff, 0xff,
  0xff, 0xff, 0xff, 0xff, 0xff, 0xff, 0xff, 0xff, 0xff, 0xff, 0xff, 0xff,
  0xff, 0xff, 0xff, 0xff, 0xff, 0xff, 0xff, 0xff, 0xff, 0xff, 0xff, 0xff,
  0xff, 0xff, 0xff, 0xff, 0xff, 0xff, 0xff, 0xff, 0xff, 0xff, 0xff, 0xff,
  0xff, 0xff, 0xff, 0xff, 0xff, 0xff, 0xff, 0xff, 0xff, 0xff, 0xff, 0xff,
  0xff, 0xff, 0xff, 0xff, 0xff, 0xff, 0xff, 0xff, 0xff, 0xff, 0xff, 0xff,
  0xff, 0xff, 0xff, 0xff, 0xff, 0xff, 0xff, 0xff, 0xff, 0xff, 0xff, 0xff,
  0xff, 0xff, 0xff, 0xff, 0xff, 0xff, 0xff, 0xff, 0xff, 0xff, 0xff, 0xff,
  0xff, 0xff, 0xff, 0xff, 0xff, 0xff, 0xff, 0xff, 0xff, 0xff, 0xff, 0xff,
  0xff, 0xff, 0xff, 0xff, 0xff, 0xff, 0xff, 0xff, 0xff, 0xff, 0xff, 0xff,
  0xff, 0xff, 0xff, 0xff, 0xff, 0xff, 0xff, 0xff, 0xff, 0xff, 0xff, 0xff,
  0xff, 0xff, 0xff, 0xff, 0xff, 0xff, 0xff, 0xff, 0xff, 0xff, 0xff, 0xff,
  0xff, 0xff, 0xff, 0xff, 0xff, 0xff, 0xff, 0xff, 0xff, 0xff, 0xff, 0xff,
  0xff, 0xff, 0xff, 0xff, 0xff, 0xff, 0xff, 0xff, 0xff, 0xff, 0xff, 0xff,
  0xff, 0xff, 0xff, 0xff, 0xff, 0xff, 0xff, 0xff, 0xff, 0xff, 0xff, 0xff,
  0xff, 0xff, 0xff, 0xff, 0xff, 0xff, 0xff, 0xff, 0xff, 0xff, 0xff, 0xff,
  0xff, 0xff, 0xff, 0xff, 0xff, 0xff, 0xff, 0xff, 0xff, 0xff, 0xff, 0xff,
  0xff, 0xff, 0xff, 0xff, 0xff, 0xff, 0xff, 0xff, 0xff, 0xff, 0xff, 0xff,
  0xff, 0xff, 0xff, 0xff, 0xff, 0xff, 0xff, 0xff, 0xff, 0xff, 0xff, 0xff,
  0xff, 0xff, 0xff, 0xff, 0xff, 0xff, 0xff, 0xff, 0xff, 0xff, 0xff, 0xff,
  0xff, 0xff, 0xff, 0xff, 0xff, 0xff, 0xff, 0xff, 0xff, 0xff, 0xff, 0xff,
  0xff, 0xff, 0xff, 0xff, 0xff, 0xff, 0xff, 0xff, 0xff, 0xff, 0xff, 0xff,
  0xff, 0xff, 0xff, 0xff, 0xff, 0xff, 0xff, 0xff, 0xff, 0xff, 0xff, 0xff,
  0xff, 0xff, 0xff, 0xff, 0xff, 0xff, 0xff, 0xff, 0xff, 0xff, 0xff, 0xff,
  0xff, 0xff, 0xff, 0xff, 0xff, 0xff, 0xff, 0xff, 0xff, 0xff, 0xff, 0xff,
  0xff, 0xff, 0xff, 0xff, 0xff, 0xff, 0xff, 0xff, 0xff, 0xff, 0xff, 0xff,
  0xff, 0xff, 0xff, 0xff, 0xff, 0xff, 0xff, 0xff, 0xff, 0xff, 0xff, 0xff,
  0xff, 0xff, 0xff, 0xff, 0xff, 0xff, 0xff, 0xff, 0xff, 0xff, 0xff, 0xff,
  0xff, 0xff, 0xff, 0xff, 0xff, 0xff, 0xff, 0xff, 0xff, 0xff, 0xff, 0xff,
  0xff, 0xff, 0xff, 0xff, 0xff, 0xff, 0xff, 0xff, 0xff, 0xff, 0xff, 0xff,
  0xff, 0xff, 0xff, 0xff, 0xff, 0xff, 0xff, 0xff, 0xff, 0xff, 0xff, 0xff,
  0xff, 0xff, 0xff, 0xff, 0xff, 0xff, 0xff, 0xff, 0xff, 0xff, 0xff, 0xff,
  0xff, 0xff, 0xff, 0xff, 0xff, 0xff, 0xff, 0xff, 0xff, 0xff, 0xff, 0xff,
  0xff, 0xff, 0xff, 0xff, 0xff, 0xff, 0xff, 0xff, 0xff, 0xff, 0xff, 0xff,
  0xff, 0xff, 0xff, 0xff, 0xff, 0xff, 0xff, 0xff, 0xff, 0xff, 0xff, 0xff,
  0xff, 0xff, 0xff, 0xff, 0xff, 0xff, 0xff, 0xff, 0xff, 0xff, 0xff, 0xff,
  0xff, 0xff, 0xff, 0xff, 0xff, 0xff, 0xff, 0xff, 0xff, 0xff, 0xff, 0xff,
  0xff, 0xff, 0xff, 0xff, 0xff, 0xff, 0xff, 0xff, 0xff, 0xff, 0xff, 0xff,
  0xff, 0xff, 0xff, 0xff, 0xff, 0xff, 0xff, 0xff, 0xff, 0xff, 0xff, 0xff,
  0xff, 0xff, 0xff, 0xff, 0xff, 0xff, 0xff, 0xff, 0xff, 0xff, 0xff, 0xff,
  0xff, 0xff, 0xff, 0xff, 0xff, 0xff, 0xff, 0xff, 0xff, 0xff, 0xff, 0xff,
  0xff, 0xff, 0xff, 0xff, 0xff, 0xff, 0xff, 0xff, 0xff, 0xff, 0xff, 0xff,
  0xff, 0xff, 0xff, 0xff, 0xff, 0xff, 0xff, 0xff, 0xff, 0xff, 0xff, 0xff,
  0xff, 0xff, 0xff, 0xff, 0xff, 0xff, 0xff, 0xff, 0xff, 0xff, 0xff, 0xff,
  0xff, 0xff, 0xff, 0xff, 0xff, 0xff, 0xff, 0xff, 0xff, 0xff, 0xff, 0xff,
  0xff, 0xff, 0xff, 0xff, 0xff, 0xff, 0xff, 0xff, 0xff, 0xff, 0xff, 0xff,
  0xff, 0xff, 0xff, 0xff, 0xff, 0xff, 0xff, 0xff, 0xff, 0xff, 0xff, 0xff,
  0xff, 0xff, 0xff, 0xff, 0xff, 0xff, 0xff, 0xff, 0xff, 0xff, 0xff, 0xff,
  0xff, 0xff, 0xff, 0xff, 0xff, 0xff, 0xff, 0xff, 0xff, 0xff, 0xff, 0xff,
  0xff, 0xff, 0xff, 0xff, 0xff, 0xff, 0xff, 0xff, 0xff, 0xff, 0xff, 0xff,
  0xff, 0xff, 0xff, 0xff, 0xff, 0xff, 0xff, 0xff, 0xff, 0xff, 0xff, 0xff,
  0xff, 0xff, 0xff, 0xff, 0xff, 0xff, 0xff, 0xff, 0xff, 0xff, 0xff, 0xff,
  0xff, 0xff, 0xff, 0xff, 0xff, 0xff, 0xff, 0xff, 0xff, 0xff, 0xff, 0xff,
  0xff, 0xff, 0xff, 0xff, 0xff, 0xff, 0xff, 0xff, 0xff, 0xff, 0xff, 0xff,
  0xff, 0xff, 0xff, 0xff, 0xff, 0xff, 0xff, 0xff, 0xff, 0xff, 0xff, 0xff,
  0xff, 0xff, 0xff, 0xff, 0xff, 0xff, 0xff, 0xff, 0xff, 0xff, 0xff, 0xff,
  0xff, 0xff, 0xff, 0xff, 0xff, 0xff, 0xff, 0xff, 0xff, 0xff, 0xff, 0xff,
  0xff, 0xff, 0xff, 0xff, 0xff, 0xff, 0xff, 0xff, 0xff, 0xff, 0xff, 0xff,
  0xff, 0xff, 0xff, 0xff, 0xff, 0xff, 0xff, 0xff, 0xff, 0xff, 0xff, 0xff,
  0xff, 0xff, 0xff, 0xff, 0xff, 0xff, 0xff, 0xff, 0xff, 0xff, 0xff, 0xff,
  0xff, 0xff, 0xff, 0xff, 0xff, 0xff, 0xff, 0xff, 0xff, 0xff, 0xff, 0xff,
  0xff, 0xff, 0xff, 0xff, 0xff, 0xff, 0xff, 0xff, 0xff, 0xff, 0xff, 0xff,
  0xff, 0xff, 0xff, 0xff, 0xff, 0xff, 0xff, 0xff, 0xff, 0xff, 0xff, 0xff,
  0xff, 0xff, 0xff, 0xff, 0xff, 0xff, 0xff, 0xff, 0xff, 0xff, 0xff, 0xff,
  0xff, 0xff, 0xff, 0xff, 0xff, 0xff, 0xff, 0xff, 0xff, 0xff, 0xff, 0xff,
  0xff, 0xff, 0xff, 0xff, 0xff, 0xff, 0xff, 0xff, 0xff, 0xff, 0xff, 0xff,
  0xff, 0xff, 0xff, 0xff, 0xff, 0xff, 0xff, 0xff, 0xff, 0xff, 0xff, 0xff,
  0xff, 0xff, 0xff, 0xff, 0xff, 0xff, 0xff, 0xff, 0xff, 0xff, 0xff, 0xff,
  0xff, 0xff, 0xff, 0xff, 0xff, 0xff, 0xff, 0xff, 0xff, 0xff, 0xff, 0xff,
  0xff, 0xff, 0xff, 0xff, 0xff, 0xff, 0xff, 0xff, 0xff, 0xff, 0xff, 0xff,
  0xff, 0xff, 0xff, 0xff, 0xff, 0xff, 0xff, 0xff, 0xff, 0xff, 0xff, 0xff,
  0xff, 0xff, 0xff, 0xff, 0xff, 0xff, 0xff, 0xff, 0xff, 0xff, 0xff, 0xff,
  0xff, 0xff, 0xff, 0xff, 0xff, 0xff, 0xff, 0xff, 0xff, 0xff, 0xff, 0xff,
  0xff, 0xff, 0xff, 0xff, 0xff, 0xff, 0xff, 0xff, 0xff, 0xff, 0xff, 0xff,
  0xff, 0xff, 0xff, 0xff, 0xff, 0xff, 0xff, 0xff, 0xff, 0xff, 0xff, 0xff,
  0xff, 0xff, 0xff, 0xff, 0xff, 0xff, 0xff, 0xff, 0xff, 0xff, 0xff, 0xff,
  0xff, 0xff, 0xff, 0xff, 0xff, 0xff, 0xff, 0xff, 0xff, 0xff, 0xff, 0xff,
  0xff, 0xff, 0xff, 0xff, 0xff, 0xff, 0xff, 0xff, 0xff, 0xff, 0xff, 0xff,
  0xff, 0xff, 0xff, 0xff, 0xff, 0xff, 0xff, 0xff, 0xff, 0xff, 0xff, 0xff,
  0xff, 0xff, 0xff, 0xff, 0xff, 0xff, 0xff, 0xff, 0xff, 0xff, 0xff, 0xff,
  0xff, 0xff, 0xff, 0xff, 0xff, 0xff, 0xff, 0xff, 0xff, 0xff, 0xff, 0xff,
  0xff, 0xff, 0xff, 0xff, 0xff, 0xff, 0xff, 0xff, 0xff, 0xff, 0xff, 0xff,
  0xff, 0xff, 0xff, 0xff, 0xff, 0xff, 0xff, 0xff, 0xff, 0xff, 0xff, 0xff,
  0xff, 0xff, 0xff, 0xff, 0xff, 0xff, 0xff, 0xff, 0xff, 0xff, 0xff, 0xff,
  0xff, 0xff, 0xff, 0xff, 0xff, 0xff, 0xff, 0xff, 0xff, 0xff, 0xff, 0xff,
  0xff, 0xff, 0xff, 0xff, 0xff, 0xff, 0xff, 0xff, 0xff, 0xff, 0xff, 0xff,
  0xff, 0xff, 0xff, 0xff, 0xff, 0xff, 0xff, 0xff, 0xff, 0xff, 0xff, 0xff,
  0xff, 0xff, 0xff, 0xff, 0xff, 0xff, 0xff, 0xff, 0xff, 0xff, 0xff, 0xff,
  0xff, 0xff, 0xff, 0xff, 0xff, 0xff, 0xff, 0xff, 0xff, 0xff, 0xff, 0xff,
  0xff, 0xff, 0xff, 0xff, 0xff, 0xff, 0xff, 0xff, 0xff, 0xff, 0xff, 0xff,
  0xff, 0xff, 0xff, 0xff, 0xff, 0xff, 0xff, 0xff, 0xff, 0xff, 0xff, 0xff,
  0xff, 0xff, 0xff, 0xff, 0xff, 0xff, 0xff, 0xff, 0xff, 0xff, 0xff, 0xff,
  0xff, 0xff, 0xff, 0xff, 0xff, 0xff, 0xff, 0xff, 0xff, 0xff, 0xff, 0xff,
  0xff, 0xff, 0xff, 0xff, 0xff, 0xff, 0xff, 0xff, 0xff, 0xff, 0xff, 0xff,
  0xff, 0xff, 0xff, 0xff, 0xff, 0xff, 0xff, 0xff, 0xff, 0xff, 0xff, 0xff,
  0xff, 0xff, 0xff, 0xff, 0xff, 0xff, 0xff, 0xff, 0xff, 0xff, 0xff, 0xff,
  0xff, 0xff, 0xff, 0xff, 0xff, 0xff, 0xff, 0xff, 0xff, 0xff, 0xff, 0xff,
  0xff, 0xff, 0xff, 0xff, 0xff, 0xff, 0xff, 0xff, 0xff, 0xff, 0xff, 0xff,
  0xff, 0xff, 0xff, 0xff, 0xff, 0xff, 0xff, 0xff, 0xff, 0xff, 0xff, 0xff,
  0xff, 0xff, 0xff, 0xff, 0xff, 0xff, 0xff, 0xff, 0xff, 0xff, 0xff, 0xff,
  0xff, 0xff, 0xff, 0xff, 0xff, 0xff, 0xff, 0xff, 0xff, 0xff, 0xff, 0xff,
  0xff, 0xff, 0xff, 0xff, 0xff, 0xff, 0xff, 0xff, 0xff, 0xff, 0xff, 0xff,
  0xff, 0xff, 0xff, 0xff, 0xff, 0xff, 0xff, 0xff, 0xff, 0xff, 0xff, 0xff,
  0xff, 0xff, 0xff, 0xff, 0xff, 0xff, 0xff, 0xff, 0xff, 0xff, 0xff, 0xff,
  0xff, 0xff, 0xff, 0xff, 0xff, 0xff, 0xff, 0xff, 0xff, 0xff, 0xff, 0xff,
  0xff, 0xff, 0xff, 0xff, 0xff, 0xff, 0xff, 0xff, 0xff, 0xff, 0xff, 0xff,
  0xff, 0xff, 0xff, 0xff, 0xff, 0xff, 0xff, 0xff, 0xff, 0xff, 0xff, 0xff,
  0xff, 0xff, 0xff, 0xff, 0xff, 0xff, 0xff, 0xff, 0xff, 0xff, 0xff, 0xff,
  0xff, 0xff, 0xff, 0xff, 0xff, 0xff, 0xff, 0xff, 0xff, 0xff, 0xff, 0xff,
  0xff, 0xff, 0xff, 0xff, 0xff, 0xff, 0xff, 0xff, 0xff, 0xff, 0xff, 0xff,
  0xff, 0xff, 0xff, 0xff, 0xff, 0xff, 0xff, 0xff, 0xff, 0xff, 0xff, 0xff,
  0xff, 0xff, 0xff, 0xff, 0xff, 0xff, 0xff, 0xff, 0xff, 0xff, 0xff, 0xff,
  0xff, 0xff, 0xff, 0xff, 0xff, 0xff, 0xff, 0xff, 0xff, 0xff, 0xff, 0xff,
  0xff, 0xff, 0xff, 0xff, 0xff, 0xff, 0xff, 0xff, 0xff, 0xff, 0xff, 0xff,
  0xff, 0xff, 0xff, 0xff, 0xff, 0xff, 0xff, 0xff, 0xff, 0xff, 0xff, 0xff,
  0xff, 0xff, 0xff, 0xff, 0xff, 0xff, 0xff, 0xff, 0xff, 0xff, 0xff, 0xff,
  0xff, 0xff, 0xff, 0xff, 0xff, 0xff, 0xff, 0xff, 0xff, 0xff, 0xff, 0xff,
  0xff, 0xff, 0xff, 0xff, 0xff, 0xff, 0xff, 0xff, 0xff, 0xff, 0xff, 0xff,
  0xff, 0xff, 0xff, 0xff, 0xff, 0xff, 0xff, 0xff, 0xff, 0xff, 0xff, 0xff,
  0xff, 0xff, 0xff, 0xff, 0xff, 0xff, 0xff, 0xff, 0xff, 0xff, 0xff, 0xff,
  0xff, 0xff, 0xff, 0xff, 0xff, 0xff, 0xff, 0xff, 0xff, 0xff, 0xff, 0xff,
  0xff, 0xff, 0xff, 0xff, 0xff, 0xff, 0xff, 0xff, 0xff, 0xff, 0xff, 0xff,
  0xff, 0xff, 0xff, 0xff, 0xff, 0xff, 0xff, 0xff, 0xff, 0xff, 0xff, 0xff,
  0xff, 0xff, 0xff, 0xff, 0xff, 0xff, 0xff, 0xff, 0xff, 0xff, 0xff, 0xff,
  0xff, 0xff, 0xff, 0xff, 0x41, 0x42, 0x49, 0x40, 0x3e, 0x41, 0x00, 0x00,
  0x00, 0x00, 0x00, 0x00, 0x00, 0x00, 0x00, 0x00, 0xc3, 0x27, 0x6a, 0xc3,
  0xb2, 0x68, 0xc0, 0x01, 0x41, 0x55, 0x44, 0x31, 0x4f, 0x50, 0x4c, 0x4c,
  0x00, 0x32, 0xff, 0xff, 0x79, 0xd3, 0xa8, 0x7d, 0xe6, 0x03, 0xe3, 0x73,
  0xe5, 0xc5, 0xd9, 0x08, 0xcd, 0x98, 0xf3, 0x08, 0xd9, 0xc1, 0xe1, 0xd1,
  0xed, 0x57, 0xf5, 0xf3, 0x7a, 0xd3, 0xa8, 0x78, 0x32, 0xff, 0xff, 0x79,
  0xd3, 0xa8, 0xc3, 0x12, 0x03, 0x06, 0x01, 0xcd, 0x4f, 0x4e, 0x32, 0x0e,
  0x7b, 0xcd, 0x18, 0x4e, 0x21, 0x00, 0x7b, 0x36, 0xc9, 0x54, 0x5d, 0x13,
  0x01, 0x09, 0x00, 0xed, 0xb0, 0x2a, 0x06, 0x00, 0x22, 0x0c, 0x7b, 0xcd,
  0x8d, 0x40, 0xcd, 0x5a, 0x4d, 0xcd, 0x5a, 0x07, 0xcd, 0xb1, 0x05, 0x2a,
  0x84, 0x73, 0xed, 0x5b, 0x82, 0x73, 0x01, 0x00, 0x04, 0xed, 0xb0, 0xcd,
  0xe3, 0x81, 0xcd, 0x66, 0x4d, 0xaf, 0x32, 0x13, 0x7b, 0xf3, 0xc3, 0x48,
  0x5b, 0xaf, 0xd3, 0xe6, 0xfb, 0x76, 0x76, 0xf3, 0xdb, 0xe7, 0x3c, 0x28,
  0x02, 0x3e, 0x80, 0x32, 0x91, 0x73, 0xc9, 0xf3, 0x21, 0x13, 0x7b, 0xcb,
  0x46, 0xc0, 0xcb, 0xc6, 0x21, 0x9a, 0xfd, 0x11, 0x9a, 0x7f, 0xe5, 0xcd,
  0xcc, 0x40, 0x21, 0xd2, 0x40, 0xd1, 0xcd, 0xcc, 0x40, 0x3a, 0x0e, 0x7b,
  0x32, 0x9b, 0xfd, 0x21, 0xd7, 0x40, 0x11, 0xc5, 0xff, 0xcd, 0xcc, 0x40,
  0x32, 0xc6, 0xff, 0xc9, 0x01, 0x05, 0x00, 0xed, 0xb0, 0xc9, 0xf7, 0x00,
  0x35, 0x4d, 0xc9, 0xf7, 0x00, 0x7c, 0x5e, 0xc9, 0x03, 0x01, 0x03, 0x01,
  0x01, 0x01, 0x00, 0x00, 0x00, 0x00, 0x00, 0x00, 0x20, 0xf5, 0xc5, 0xd5,
  0xe5, 0x57, 0xd5, 0xcd, 0xa3, 0x4d, 0xd1, 0xc5, 0xcd, 0x7c, 0x86, 0xc1,
  0xcd, 0xfc, 0x4d, 0xe1, 0xd1, 0xc1, 0xf1, 0xc9, 0x56, 0x31, 0x2e, 0x33,
  0x20, 0x32, 0x30, 0x31, 0x31, 0x20, 0x30, 0x38, 0x20, 0x31, 0x30, 0x00,
  0xc3, 0xe9, 0x40, 0xc3, 0x28, 0x41, 0xc3, 0x25, 0x41, 0xc3, 0x25, 0x41,
  0xc3, 0x25, 0x41, 0xc3, 0x25, 0x41, 0xc3, 0x35, 0x6e, 0xc9, 0x25, 0x41,
  0xf5, 0xc5, 0xd5, 0xe5, 0xcd, 0xa3, 0x4d, 0xc5, 0x3a, 0x01, 0xb0, 0xcd,
  0xb9, 0x85, 0x3a, 0x02, 0xb0, 0xcd, 0x60, 0x8a, 0x18, 0xb9, 0xfb, 0xe5,
  0x21, 0x89, 0xfd, 0xcd, 0xb8, 0x42, 0xe1, 0xd8, 0xe5, 0x21, 0x4d, 0x43,
  0xb7, 0xed, 0x52, 0xe1, 0x28, 0x11, 0xe5, 0x21, 0x28, 0x43, 0xb7, 0xed,
  0x52, 0xe1, 0x28, 0x07, 0x3a, 0x13, 0x7b, 0xe6, 0x01, 0x37, 0xc8, 0xcd,
  0x6e, 0x41, 0xcd, 0x6c, 0x41, 0xfb, 0xb7, 0xc9, 0xd5, 0xc9, 0xe5, 0xd5,
  0x21, 0x00, 0xfd, 0x39, 0xd2, 0x87, 0x6d, 0xed, 0x5b, 0xc6, 0xf6, 0xb7,
  0xed, 0x52, 0xda, 0x87, 0x6d, 0xd1, 0xe1, 0xc9, 0x00, 0x24, 0x29, 0x23,
  0x23, 0x23, 0x23, 0x23, 0x47, 0x23, 0x4d, 0x5d, 0x67, 0x23, 0x23, 0xf0,
  0x23, 0x9d, 0xb4, 0xcc, 0x23, 0xde, 0x55, 0x44, 0x49, 0xcf, 0x4d, 0x43,
  0x55, 0x44, 0x52, 0x45, 0xc7, 0x7b, 0x48, 0x50, 0x50, 0x45, 0x4e, 0x44,
  0xff, 0x4d, 0xcb, 0x5b, 0x49, 0x50, 0x45, 0x45, 0xcb, 0x04, 0x4a, 0x50,
  0x4f, 0x4b, 0xc5, 0xf0, 0x49, 0xff, 0x47, 0xcd, 0x17, 0x44, 0xff, 0x4f,
  0x4e, 0x54, 0xff, 0x4d, 0xcb, 0x73, 0x48, 0x4f, 0x50, 0x59, 0xff, 0x50,
  0x43, 0xcd, 0xc6, 0x45, 0x4f, 0x4e, 0x56, 0xd0, 0x1e, 0x46, 0x4f, 0x4e,
  0x56, 0xc1, 0x0c, 0x46, 0xff, 0x4e, 0x4d, 0xcb, 0x7d, 0x4a, 0xff, 0x45,
  0x59, 0xff, 0x4f, 0xce, 0x24, 0x44, 0x45, 0x59, 0xff, 0x4f, 0x46, 0xc6,
  0x49, 0x44, 0xff, 0x4f, 0x41, 0x44, 0xff, 0x50, 0x43, 0xcd, 0x27, 0x57,
  0xff, 0x4b, 0xff, 0x56, 0x4f, 0x49, 0x43, 0xc5, 0xc6, 0x5d, 0x4b, 0xff,
  0x56, 0x45, 0xcc, 0x7e, 0x44, 0x4b, 0xff, 0x56, 0x4f, 0xcc, 0x9b, 0x44,
  0x4b, 0xff, 0x54, 0x45, 0x4d, 0x50, 0xcf, 0xfa, 0x44, 0x4b, 0xff, 0x53,
  0x54, 0x41, 0xd4, 0xe8, 0x49, 0x4b, 0xff, 0x50, 0x43, 0xcd, 0x49, 0x45,
  0x55, 0x53, 0x49, 0xc3, 0x28, 0x43, 0xff, 0x45, 0x43, 0xff, 0x4d, 0xcb,
  0x74, 0x49, 0x45, 0x43, 0x4d, 0x4f, 0xc4, 0x87, 0x45, 0x45, 0x43, 0xff,
  0x50, 0x43, 0xcd, 0x83, 0x50, 0xff, 0x54, 0x4f, 0x50, 0xcd, 0x3a, 0x48,
  0x45, 0x54, 0xff, 0x50, 0x43, 0xcd, 0x5a, 0x4f, 0x41, 0x56, 0x45, 0xff,
  0x50, 0x43, 0xcd, 0x24, 0x57, 0xff, 0x52, 0x41, 0x4e, 0x53, 0x50, 0x4f,
  0x53, 0xc5, 0x5b, 0x4a, 0x45, 0x4d, 0x50, 0x45, 0xd2, 0x6b, 0x4a, 0xff,
  0x4f, 0x49, 0x43, 0xc5, 0x1f, 0x5c, 0x4f, 0x49, 0x43, 0x45, 0xff, 0x43,
  0x4f, 0x50, 0xd9, 0xb7, 0x5c, 0xff, 0x4c, 0x41, 0xd9, 0x25, 0x5e, 0x4c,
  0x41, 0x59, 0xff, 0x50, 0x43, 0xcd, 0x8e, 0x50, 0x43, 0x4d, 0xff, 0x46,
  0x52, 0x45, 0xd1, 0x9c, 0x45, 0x43, 0x4d, 0xff, 0x56, 0x4f, 0xcc, 0xc4,
  0x44, 0x4c, 0x41, 0x59, 0xff, 0x4d, 0xcb, 0x80, 0x49, 0x49, 0x54, 0x43,
  0xc8, 0x58, 0x4a, 0xff, 0x7e, 0xd6, 0x41, 0xd8, 0xfe, 0x16, 0x3f, 0xd8,
  0x23, 0xe5, 0x21, 0x84, 0x41, 0xcd, 0x97, 0x45, 0x7e, 0x21, 0x9a, 0x41,
  0xcd, 0x97, 0x45, 0xeb, 0xe1, 0xe5, 0x1a, 0x3c, 0x28, 0x0b, 0xcd, 0xe4,
  0x42, 0xe1, 0x20, 0xf5, 0xeb, 0x5e, 0x23, 0x56, 0xc9, 0x37, 0xe1, 0xc9,
  0x1a, 0x47, 0xe6, 0x7f, 0xbe, 0x13, 0x23, 0x20, 0x08, 0x78, 0xb7, 0xf2,
  0xe4, 0x42, 0x7e, 0xb7, 0xc8, 0x04, 0x20, 0x0a, 0x2b, 0x7e, 0xfe, 0x20,
  0x23, 0x28, 0xfa, 0x2b, 0x18, 0xe2, 0x1b, 0x1a, 0x13, 0x3c, 0x28, 0xfb,
  0x3d, 0xf2, 0x03, 0x43, 0x13, 0x13, 0xc9, 0xcd, 0x0a, 0x4f, 0xc3, 0xf6,
  0x6d, 0xcd, 0xe4, 0x49, 0xc2, 0x7b, 0x6d, 0xc9, 0xc5, 0xcd, 0x0f, 0x43,
  0x18, 0x00, 0xcd, 0x0f, 0x4f, 0xc1, 0x7b, 0xc9, 0xe5, 0x21, 0x13, 0x7b,
  0xcb, 0xce, 0xcb, 0x56, 0x20, 0x21, 0xe1, 0xcd, 0x4a, 0x43, 0xf3, 0xcd,
  0x72, 0x4d, 0xcd, 0x1d, 0x81, 0xcd, 0x8c, 0x4d, 0xed, 0x7b, 0x4a, 0xfc,
  0x21, 0x06, 0xf8, 0xc3, 0x59, 0x01, 0xe5, 0x18, 0x06, 0xe5, 0x21, 0x13,
  0x7b, 0xcb, 0x8e, 0x21, 0xdc, 0x40, 0x11, 0x5e, 0xf5, 0x01, 0x0c, 0x00,
  0xed, 0xb0, 0x21, 0x13, 0x7b, 0xcb, 0x4e, 0x28, 0x04, 0xaf, 0x32, 0x60,
  0xf5, 0xe1, 0xcd, 0xe4, 0x49, 0x28, 0x6c, 0xe5, 0x21, 0x5e, 0xf5, 0x11,
  0x5f, 0xf5, 0x01, 0x0b, 0x00, 0x36, 0x00, 0xed, 0xb0, 0xe1, 0xcd, 0x0a,
  0x4f, 0xfe, 0x2c, 0x28, 0x10, 0xcd, 0xf6, 0x6d, 0xfe, 0x08, 0xd2, 0x7e,
  0x6d, 0x32, 0x5f, 0xf5, 0x7e, 0xfe, 0x29, 0x28, 0x40, 0xcd, 0x05, 0x4f,
  0xfe, 0x2c, 0x28, 0x10, 0xcd, 0xf6, 0x6d, 0xfe, 0x0a, 0xd2, 0x7e, 0x6d,
  0x32, 0x60, 0xf5, 0x7e, 0xfe, 0x29, 0x28, 0x29, 0x06, 0x09, 0xe5, 0x21,
  0x61, 0xf5, 0xe3, 0x0e, 0x00, 0xcd, 0x05, 0x4f, 0xc5, 0xcd, 0xf6, 0x6d,
  0xc1, 0xb7, 0x28, 0xe1, 0xfe, 0x0a, 0x30, 0xdd, 0xe3, 0x77, 0x23, 0x0c,
  0xe3, 0x7e, 0xfe, 0x29, 0x28, 0x02, 0x10, 0xe5, 0x79, 0x32, 0x5e, 0xf5,
  0xc1, 0xcd, 0x0f, 0x4f, 0xc2, 0x7b, 0x6d, 0xe5, 0x21, 0x5f, 0xf5, 0x7e,
  0xe6, 0x01, 0x57, 0x87, 0x82, 0x23, 0x86, 0x23, 0x57, 0x3a, 0x5e, 0xf5,
  0x47, 0xb7, 0x28, 0x05, 0xaf, 0x86, 0x23, 0x10, 0xfc, 0x82, 0xfe, 0x0a,
  0x30, 0xa7, 0xcd, 0x04, 0x44, 0xe1, 0xc9, 0x21, 0x13, 0x7b, 0xcb, 0x8e,
  0xcd, 0x72, 0x4d, 0xcd, 0xf6, 0x81, 0xcd, 0x00, 0x80, 0xcd, 0x8c, 0x4d,
  0xcd, 0xcd, 0x4e, 0xfb, 0xc3, 0x74, 0x6b, 0xcd, 0x1c, 0x43, 0xfe, 0x02,
  0xd2, 0x7e, 0x6d, 0x3d, 0x32, 0x29, 0x7b, 0xc9, 0xcd, 0x0f, 0x43, 0x7b,
  0xb7, 0xfa, 0x7e, 0x6d, 0xd5, 0x7e, 0xfe, 0x29, 0x1e, 0x08, 0x28, 0x0b,
  0xcd, 0x05, 0x4f, 0xcd, 0xf6, 0x6d, 0xfe, 0x10, 0xd2, 0x7e, 0x6d, 0xcd,
  0x0f, 0x4f, 0xc1, 0xe5, 0x79, 0xf6, 0x80, 0x18, 0x0c, 0xcd, 0x1c, 0x43,
  0xb7, 0xfa, 0x7e, 0x6d, 0xe6, 0x7f, 0xe5, 0x1e, 0x08, 0x57, 0x3e, 0x32,
  0xcd, 0x41, 0x4d, 0xe1, 0xc9, 0xcd, 0x0a, 0x4f, 0xcd, 0xf0, 0x6d, 0x7e,
  0xfe, 0x29, 0xd5, 0x28, 0x06, 0xcd, 0x05, 0x4f, 0xcd, 0xf0, 0x6d, 0xcd,
  0x0f, 0x4f, 0xc1, 0x7b, 0xc9, 0x7a, 0xa7, 0x37, 0xc0, 0x7b, 0xfe, 0x40,
  0x3f, 0xc9, 0xcd, 0x1c, 0x43, 0xe5, 0xcd, 0x8a, 0x44, 0xda, 0x7e, 0x6d,
  0xe1, 0xc9, 0xfe, 0x10, 0x3f, 0xd8, 0x4f, 0x06, 0x01, 0x3e, 0x03, 0x21,
  0x72, 0x04, 0xcd, 0x44, 0x4d, 0xa7, 0xc9, 0xcd, 0x5d, 0x44, 0xe5, 0xcd,
  0xa7, 0x44, 0xda, 0x7e, 0x6d, 0xe1, 0xc9, 0xc5, 0xfd, 0x21, 0xc0, 0x32,
  0xcd, 0xb5, 0x44, 0xd1, 0xd8, 0xfd, 0x21, 0x80, 0x32, 0xcd, 0x75, 0x44,
  0xd8, 0x2f, 0x5f, 0x0e, 0x15, 0x3e, 0x35, 0xcd, 0x41, 0x4d, 0xa7, 0xc9,
  0xcd, 0x5d, 0x44, 0xe5, 0xcd, 0xd0, 0x44, 0xda, 0x7e, 0x6d, 0xe1, 0xc9,
  0xc5, 0xfd, 0x21, 0xc0, 0x32, 0xcd, 0xde, 0x44, 0xd1, 0xd8, 0xfd, 0x21,
  0x80, 0x32, 0xcd, 0x75, 0x44, 0xd8, 0xf5, 0x2f, 0xe6, 0x3f, 0x4f, 0x3e,
  0x07, 0xcd, 0x41, 0x4d, 0xf1, 0xe6, 0x38, 0x1f, 0x1f, 0x1f, 0x20, 0x01,
  0x3c, 0x4f, 0x3e, 0x04, 0x18, 0xc5, 0xcd, 0x0a, 0x4f, 0x7e, 0xfe, 0x2c,
  0x28, 0x1b, 0xcd, 0xf0, 0x6d, 0x7e, 0xfe, 0x29, 0x28, 0x07, 0xd5, 0xcd,
  0x1d, 0x45, 0xd1, 0x18, 0x03, 0xcd, 0x0f, 0x4f, 0xe5, 0xcd, 0x2f, 0x45,
  0xe1, 0xd0, 0xc3, 0x7e, 0x6d, 0xcd, 0x05, 0x4f, 0xcd, 0xf6, 0x6d, 0xcd,
  0x0f, 0x4f, 0x7b, 0xfe, 0x20, 0x30, 0xef, 0x32, 0xe3, 0x7e, 0xc9, 0x21,
  0x97, 0xfe, 0x19, 0xd8, 0x21, 0xe7, 0xff, 0x19, 0x3f, 0xd8, 0x21, 0x6a,
  0x18, 0xeb, 0xcd, 0xa4, 0x62, 0xaf, 0x93, 0x4f, 0x3e, 0x12, 0xc3, 0xbf,
  0x44, 0xcd, 0x0a, 0x4f, 0xfe, 0xeb, 0x1e, 0xff, 0x28, 0x09, 0xcd, 0xf6,
  0x6d, 0x3c, 0xca, 0x7e, 0x6d, 0x18, 0x03, 0xcd, 0xe4, 0x6d, 0xcd, 0x0f,
  0x4f, 0xc2, 0x7b, 0x6d, 0x7b, 0xcd, 0x6c, 0x45, 0xda, 0x7e, 0x6d, 0xc9,
  0xfe, 0xff, 0x28, 0x0f, 0xfe, 0x10, 0x3f, 0xd8, 0xe5, 0x32, 0xde, 0x7e,
  0xcd, 0x55, 0x4b, 0xcb, 0xe6, 0xe1, 0xc9, 0xe5, 0x21, 0x96, 0x74, 0xcb,
  0xa6, 0x18, 0xf6, 0xcd, 0x1c, 0x43, 0xcd, 0x91, 0x45, 0xda, 0x7e, 0x6d,
  0xc9, 0x4f, 0x1e, 0x00, 0xc3, 0xd9, 0x49, 0x85, 0x6f, 0xd0, 0x24, 0xc9,
  0xcd, 0x5d, 0x44, 0xe5, 0xcd, 0xa8, 0x45, 0xda, 0x7e, 0x6d, 0xe1, 0xc9,
  0xc5, 0xfd, 0x21, 0xc0, 0x32, 0xcd, 0xb6, 0x45, 0xd1, 0xd8, 0xfd, 0x21,
  0x80, 0x32, 0x21, 0xcb, 0x3d, 0x19, 0xd8, 0x21, 0xf8, 0xf8, 0x19, 0x3f,
  0xd8, 0x3e, 0x2b, 0xc3, 0xbf, 0x44, 0xcd, 0x33, 0x46, 0x7e, 0xfe, 0x29,
  0x28, 0x35, 0xcd, 0x05, 0x4f, 0xfe, 0x2c, 0x28, 0x0c, 0xcd, 0xf0, 0x6d,
  0xed, 0x53, 0x60, 0xf5, 0x7e, 0xfe, 0x29, 0x28, 0x22, 0xcd, 0x05, 0x4f,
  0xfe, 0x2c, 0x28, 0x11, 0xcd, 0xf0, 0x6d, 0x7a, 0xb3, 0xca, 0x7e, 0x6d,
  0xed, 0x53, 0x62, 0xf5, 0x7e, 0xfe, 0x29, 0x28, 0x0a, 0xcd, 0x05, 0x4f,
  0xcd, 0xf0, 0x6d, 0xed, 0x53, 0x64, 0xf5, 0xcd, 0x0f, 0x4f, 0xe5, 0xcd,
  0x5a, 0x46, 0x18, 0x22, 0xcd, 0x33, 0x46, 0x3a, 0x66, 0xf5, 0xb7, 0x20,
  0x1b, 0xcd, 0x0f, 0x4f, 0xe5, 0xcd, 0xaa, 0x46, 0x18, 0x10, 0xcd, 0x33,
  0x46, 0x3a, 0x66, 0xf5, 0xb7, 0x20, 0x09, 0xcd, 0x0f, 0x4f, 0xe5, 0xcd,
  0xc7, 0x46, 0xe1, 0xd0, 0xc3, 0x7e, 0x6d, 0x11, 0x5e, 0xf5, 0x06, 0x09,
  0xaf, 0x12, 0x13, 0x10, 0xfc, 0xcd, 0x0a, 0x4f, 0xfe, 0x23, 0x20, 0x06,
  0x32, 0x66, 0xf5, 0xcd, 0xe4, 0x6d, 0xcd, 0xf6, 0x6d, 0x32, 0x5e, 0xf5,
  0xcd, 0x05, 0x4f, 0xcd, 0xf6, 0x6d, 0x32, 0x5f, 0xf5, 0xc9, 0x3a, 0x66,
  0xf5, 0xb7, 0x20, 0x48, 0xcd, 0xd4, 0x47, 0xd8, 0xeb, 0xed, 0x5b, 0x60,
  0xf5, 0x37, 0xed, 0x52, 0xd8, 0x23, 0xe5, 0x21, 0x6e, 0xf5, 0xcd, 0x2b,
  0x48, 0xe1, 0xed, 0x5b, 0x62, 0xf5, 0x7a, 0xb3, 0x28, 0x27, 0xed, 0x52,
  0xd8, 0xed, 0x53, 0x72, 0xf5, 0xed, 0x5b, 0x64, 0xf5, 0x2a, 0x82, 0xf5,
  0x37, 0xed, 0x52, 0xd8, 0x23, 0xe5, 0x21, 0x7e, 0xf5, 0xcd, 0x2b, 0x48,
  0xe1, 0xed, 0x5b, 0x72, 0xf5, 0xed, 0x52, 0x3e, 0x00, 0xd2, 0xdb, 0x46,
  0xc9, 0xeb, 0x18, 0xd9, 0x37, 0xc9, 0xcd, 0xcc, 0x47, 0xd8, 0x17, 0x3f,
  0xd8, 0xcb, 0x3a, 0xcb, 0x1b, 0x30, 0x04, 0x7a, 0xb3, 0x37, 0xc8, 0xe5,
  0xcd, 0x70, 0x47, 0xe1, 0xd8, 0xcb, 0xbe, 0x3e, 0x03, 0x18, 0x14, 0xcd,
  0xcc, 0x47, 0xd8, 0x17, 0xd8, 0xcb, 0x23, 0xcb, 0x12, 0xe5, 0xcd, 0x70,
  0x47, 0xe1, 0xd8, 0xcb, 0xfe, 0x3e, 0x02, 0xf5, 0xcd, 0x53, 0x51, 0x20,
  0x02, 0xf1, 0xc9, 0x3e, 0x33, 0x32, 0xdf, 0x7e, 0xcd, 0x5a, 0x4d, 0x3e,
  0x0a, 0xfd, 0x21, 0x80, 0x32, 0xc7, 0x3e, 0x0a, 0xfd, 0x21, 0xc0, 0x32,
  0xc7, 0x3a, 0x66, 0xf5, 0xb7, 0x20, 0x14, 0xf1, 0xdd, 0x21, 0x6e, 0xf5,
  0xfd, 0x21, 0x7e, 0xf5, 0x0e, 0x00, 0xc7, 0xcd, 0x66, 0x4d, 0xaf, 0x32,
  0xdf, 0x7e, 0xc9, 0xf1, 0x3e, 0x04, 0x32, 0x8e, 0xf5, 0x2a, 0x62, 0xf8,
  0x22, 0x90, 0xf5, 0x2a, 0x70, 0xf5, 0x65, 0x2e, 0x00, 0x22, 0x70, 0xf5,
  0x21, 0x01, 0x00, 0x22, 0x92, 0xf5, 0xf3, 0xed, 0x73, 0x5c, 0xf6, 0x31,
  0xc4, 0x7f, 0xcd, 0x14, 0x4f, 0x2a, 0x70, 0xf5, 0xed, 0x5b, 0x62, 0xf8,
  0x01, 0x00, 0x01, 0xcd, 0xde, 0xf5, 0xcd, 0x26, 0x4f, 0xed, 0x7b, 0x5c,
  0xf6, 0xfb, 0xdd, 0x21, 0x8e, 0xf5, 0xfd, 0x21, 0x7e, 0xf5, 0xaf, 0xc7,
  0x21, 0x71, 0xf5, 0x34, 0x2a, 0x80, 0xf5, 0x23, 0x22, 0x80, 0xf5, 0x2a,
  0x72, 0xf5, 0x2b, 0x22, 0x72, 0xf5, 0x7c, 0xb5, 0x20, 0xba, 0x18, 0x9b,
  0x7e, 0xe6, 0x07, 0x47, 0xe6, 0x05, 0x20, 0x34, 0x78, 0x32, 0x5f, 0xf5,
  0xcd, 0x5e, 0x53, 0xd8, 0xe5, 0x23, 0x23, 0x71, 0x23, 0x70, 0xcd, 0xc0,
  0x47, 0x3a, 0x6e, 0xf5, 0x47, 0x3a, 0x5f, 0xf5, 0xb8, 0x20, 0x09, 0x2a,
  0x8e, 0xf5, 0x11, 0x6e, 0xf5, 0xcd, 0xa0, 0x47, 0xe1, 0x11, 0x7e, 0xf5,
  0xd5, 0x01, 0x08, 0x00, 0xed, 0xb0, 0xe1, 0x7e, 0xe6, 0x07, 0x77, 0xc9,
  0xe5, 0x2a, 0x82, 0xf5, 0xed, 0x52, 0xe1, 0xd8, 0x23, 0x23, 0x23, 0x78,
  0xfe, 0x04, 0x20, 0x04, 0x23, 0x23, 0x18, 0x03, 0xcd, 0xc7, 0x47, 0xed,
  0x5b, 0x74, 0xf5, 0x23, 0x73, 0x23, 0x72, 0xc9, 0xed, 0x5b, 0x5e, 0xf5,
  0x7a, 0xbb, 0x37, 0xc8, 0x3a, 0x5e, 0xf5, 0x21, 0x6e, 0xf5, 0xcd, 0xfa,
  0x47, 0xd8, 0xe5, 0x3a, 0x5f, 0xf5, 0x21, 0x7e, 0xf5, 0xcd, 0xfa, 0x47,
  0xd1, 0xd8, 0x7e, 0xe6, 0x05, 0x3d, 0x1a, 0xed, 0x53, 0x8e, 0xf5, 0xed,
  0x5b, 0x72, 0xf5, 0xc0, 0x37, 0xc9, 0xfe, 0x10, 0x3f, 0xd8, 0xe5, 0xcd,
  0x2a, 0x54, 0xd1, 0xe5, 0xcd, 0xa0, 0x47, 0x23, 0x23, 0xfe, 0x04, 0x20,
  0x15, 0xe5, 0xcd, 0x0f, 0x49, 0xe1, 0x71, 0x23, 0x70, 0x23, 0x13, 0xeb,
  0xa7, 0xed, 0x42, 0xeb, 0x72, 0x23, 0x36, 0x00, 0xe1, 0xc9, 0x23, 0x23,
  0x7e, 0x23, 0xb6, 0xe1, 0xc0, 0x37, 0xc9, 0x7e, 0x23, 0x23, 0xfe, 0x04,
  0x7b, 0x28, 0x03, 0x86, 0x77, 0x7a, 0x23, 0x8e, 0x77, 0xc9, 0xcd, 0xe4,
  0x49, 0x28, 0x0e, 0xcd, 0x0a, 0x4f, 0xcd, 0x4d, 0x48, 0xd5, 0xcd, 0xd1,
  0x6d, 0xe3, 0xc3, 0x1b, 0x4a, 0xe5, 0xcd, 0xaf, 0x6b, 0xcd, 0x5a, 0x4d,
  0xfd, 0x21, 0x80, 0x32, 0x3e, 0x0a, 0xc7, 0xfd, 0x21, 0xc0, 0x32, 0x3e,
  0x0a, 0xc7, 0xf3, 0x21, 0xdf, 0x7e, 0x36, 0x00, 0x3e, 0x39, 0x1e, 0x01,
  0xc7, 0xcd, 0x66, 0x4d, 0xe1, 0xb7, 0xc9, 0xcd, 0x15, 0x43, 0x1e, 0x02,
  0xc3, 0xd9, 0x49, 0xcd, 0x0a, 0x4f, 0xcd, 0xf6, 0x6d, 0xd5, 0xcd, 0x05,
  0x4f, 0xcd, 0xf6, 0x6d, 0xd5, 0x7e, 0xfe, 0x29, 0x1e, 0x00, 0x28, 0x06,
  0xcd, 0x05, 0x4f, 0xcd, 0xf6, 0x6d, 0xcd, 0x0f, 0x4f, 0x7b, 0xfe, 0x02,
  0xd2, 0x7e, 0x6d, 0xfd, 0x21, 0x80, 0x32, 0xa7, 0x28, 0x04, 0xfd, 0x21,
  0xc0, 0x32, 0xd1, 0xc1, 0x7b, 0xe5, 0x21, 0x13, 0x7b, 0xcb, 0x4e, 0x20,
  0x08, 0x21, 0x60, 0x07, 0xcd, 0x44, 0x4d, 0xe1, 0xc9, 0xdd, 0xe5, 0xcd,
  0x5a, 0x4d, 0xcd, 0x52, 0x07, 0x47, 0xcd, 0xc4, 0x82, 0xcd, 0x66, 0x4d,
  0xdd, 0xe1, 0xe1, 0xc9, 0x0e, 0x08, 0xcd, 0x5a, 0x4d, 0x7a, 0xb3, 0xf5,
  0x06, 0x00, 0x28, 0x01, 0x04, 0xc5, 0x21, 0x96, 0x34, 0xcb, 0xbe, 0x3a,
  0x1f, 0x7b, 0xf5, 0xe6, 0x04, 0x4f, 0x0f, 0xb1, 0x0f, 0x4f, 0xf1, 0x87,
  0x87, 0xe6, 0x04, 0xb1, 0x4f, 0xaf, 0xcd, 0x72, 0x04, 0xc1, 0x3e, 0x03,
  0xcd, 0x72, 0x04, 0x3e, 0x02, 0xcd, 0x72, 0x04, 0xf1, 0x28, 0x05, 0x21,
  0x96, 0x34, 0xcb, 0xfe, 0xc3, 0x66, 0x4d, 0x3e, 0x01, 0x32, 0xa5, 0xf6,
  0xcd, 0xd1, 0x6d, 0xc2, 0x7e, 0x6d, 0x32, 0xa5, 0xf6, 0x3a, 0x63, 0xf6,
  0xfe, 0x03, 0xca, 0x7e, 0x6d, 0xeb, 0x09, 0x2b, 0xeb, 0x0a, 0x37, 0x17,
  0x81, 0x4f, 0xd0, 0x04, 0xc9, 0xcd, 0xe4, 0x49, 0xc8, 0xcd, 0x0a, 0x4f,
  0xe5, 0xcd, 0xf0, 0x6d, 0x7e, 0xfe, 0x29, 0x28, 0x0f, 0xf1, 0xd5, 0xcd,
  0x05, 0x4f, 0xcd, 0xf0, 0x6d, 0xcd, 0x0f, 0x4f, 0xc1, 0xaf, 0x3c, 0xc9,
  0xe1, 0xcd, 0x0f, 0x49, 0xcd, 0x0f, 0x4f, 0x37, 0x8f, 0x1f, 0xc9, 0xcd,
  0x31, 0x49, 0x28, 0x11, 0xc5, 0xdd, 0xe1, 0x06, 0xff, 0xd5, 0xfd, 0xe1,
  0x0e, 0x00, 0x38, 0x01, 0x0d, 0xcd, 0xaa, 0x49, 0xd0, 0xc3, 0x7e, 0x6d,
  0xcd, 0x31, 0x49, 0x28, 0xf8, 0xc5, 0xdd, 0xe1, 0x06, 0x00, 0x18, 0xe5,
  0xcd, 0x31, 0x49, 0xc5, 0xdd, 0xe1, 0xd5, 0xfd, 0xe1, 0x06, 0xff, 0x28,
  0x01, 0x04, 0x0e, 0x00, 0x38, 0x01, 0x0d, 0x1e, 0x04, 0xcd, 0xc2, 0x49,
  0xd8, 0xc0, 0xfb, 0xcd, 0x50, 0x6a, 0xf3, 0x28, 0x15, 0x3a, 0x96, 0x74,
  0xcb, 0x5f, 0x20, 0xf2, 0xb7, 0xc9, 0x1e, 0x03, 0xcd, 0xc2, 0x49, 0xd8,
  0xc0, 0xfb, 0xcd, 0x50, 0x6a, 0xf3, 0xca, 0x4d, 0x48, 0x3a, 0x96, 0x74,
  0xcb, 0x57, 0x20, 0xf1, 0xb7, 0xc9, 0x3a, 0xe1, 0x7e, 0xb7, 0x20, 0x02,
  0x0e, 0xff, 0x3a, 0x29, 0x7b, 0xb7, 0x28, 0x02, 0x0e, 0x00, 0xcd, 0xd9,
  0x49, 0xd8, 0x79, 0xb7, 0xc9, 0x3e, 0x39, 0xe5, 0xcd, 0x55, 0x4b, 0xcd,
  0x41, 0x4d, 0xe1, 0xc9, 0x2b, 0xc3, 0xe4, 0x6d, 0xcd, 0x0a, 0x4f, 0x11,
  0x96, 0x34, 0x18, 0x1d, 0xcd, 0x0a, 0x4f, 0xcd, 0xf0, 0x6d, 0xd5, 0xcd,
  0x05, 0x4f, 0xcd, 0xf6, 0x6d, 0xcd, 0x0f, 0x4f, 0x7b, 0xd1, 0x12, 0xc9,
  0xcd, 0x0a, 0x4f, 0xcd, 0xf0, 0x6d, 0xcd, 0x05, 0x4f, 0xd5, 0xcd, 0xd1,
  0x6d, 0xe3, 0xcd, 0x5a, 0x4d, 0x6e, 0x26, 0x00, 0xcd, 0x66, 0x4d, 0xcd,
  0x22, 0x4a, 0xe1, 0xc3, 0x0f, 0x4f, 0x22, 0xf8, 0xf7, 0x21, 0x63, 0xf6,
  0x7e, 0xfe, 0x02, 0x28, 0x21, 0xfe, 0x04, 0x28, 0x0f, 0xfe, 0x08, 0xc2,
  0x81, 0x6d, 0x36, 0x02, 0xd5, 0xcd, 0xd7, 0x6d, 0x0e, 0x08, 0x18, 0x08,
  0x36, 0x02, 0xd5, 0xcd, 0xd7, 0x6d, 0x0e, 0x04, 0xd1, 0x21, 0xf6, 0xf7,
  0x18, 0x05, 0x21, 0xf8, 0xf7, 0x0e, 0x02, 0x06, 0x00, 0xed, 0xb0, 0xc9,
  0x3e, 0x1e, 0x01, 0x3e, 0x1f, 0xf5, 0xcd, 0x5d, 0x44, 0xf1, 0xe5, 0xcd,
  0x41, 0x4d, 0xe1, 0xda, 0x7e, 0x6d, 0xc9, 0xcd, 0x1c, 0x43, 0x4f, 0x3e,
  0x1d, 0x18, 0xef, 0xf5, 0xe5, 0x3e, 0x1c, 0xcd, 0x41, 0x4d, 0xe1, 0xf1,
  0xc9, 0xeb, 0xcd, 0x55, 0x4b, 0x21, 0x00, 0x00, 0x22, 0x5e, 0xf5, 0x22,
  0x60, 0xf5, 0x22, 0x62, 0xf5, 0xeb, 0xcd, 0xe4, 0x49, 0x20, 0x0a, 0xf3,
  0xed, 0x53, 0xf0, 0x7e, 0xed, 0x53, 0xf1, 0x7e, 0xc9, 0xcd, 0x0a, 0x4f,
  0xfe, 0x2c, 0x28, 0x0c, 0xcd, 0xd1, 0x6d, 0xed, 0x53, 0x5e, 0xf5, 0x7e,
  0xfe, 0x29, 0x28, 0x1d, 0xcd, 0x05, 0x4f, 0xfe, 0x2c, 0x28, 0x0c, 0xcd,
  0xd1, 0x6d, 0xed, 0x53, 0x60, 0xf5, 0x7e, 0xfe, 0x29, 0x28, 0x0a, 0xcd,
  0x05, 0x4f, 0xcd, 0xd1, 0x6d, 0xed, 0x53, 0x62, 0xf5, 0xcd, 0x0f, 0x4f,
  0xeb, 0xcd, 0x32, 0x4b, 0xeb, 0x1e, 0x13, 0xda, 0x89, 0x6d, 0xed, 0x5b,
  0x5e, 0xf5, 0x14, 0x15, 0x28, 0x07, 0xf5, 0xe6, 0x7f, 0xcd, 0x0b, 0x4b,
  0xf1, 0xed, 0x5b, 0x60, 0xf5, 0x14, 0x15, 0x28, 0x08, 0xf5, 0x07, 0xe6,
  0x01, 0xcd, 0x0b, 0x4b, 0xf1, 0xed, 0x5b, 0x62, 0xf5, 0x14, 0x15, 0xc8,
  0xa7, 0x28, 0x08, 0xe5, 0xcd, 0x4c, 0x4c, 0x60, 0x69, 0x18, 0x04, 0xe5,
  0x6f, 0x26, 0x00, 0xcd, 0x22, 0x4a, 0xe1, 0xc9, 0x21, 0xf0, 0x7e, 0xf3,
  0x3e, 0x20, 0xbe, 0x38, 0x13, 0x34, 0xbe, 0x38, 0x0f, 0x23, 0x23, 0x34,
  0x7e, 0xfe, 0x20, 0x38, 0x02, 0x36, 0x00, 0xcd, 0x97, 0x45, 0x72, 0xa7,
  0xfb, 0xc9, 0x21, 0xf0, 0x7e, 0xf3, 0x7e, 0xa7, 0x28, 0x07, 0x3e, 0x20,
  0xbe, 0x30, 0x04, 0x36, 0x00, 0xfb, 0xc9, 0x35, 0x23, 0x34, 0x7e, 0xfe,
  0x20, 0x38, 0x02, 0x36, 0x00, 0x23, 0xcd, 0x97, 0x45, 0x7e, 0xa7, 0xfb,
  0xc9, 0x21, 0x96, 0x74, 0xcb, 0xfe, 0xc9, 0xcd, 0x05, 0x7b, 0xcd, 0x14,
  0x4b, 0x7a, 0x32, 0xdc, 0x7e, 0x3a, 0x96, 0x34, 0xcb, 0x67, 0xf5, 0xc4,
  0x9a, 0x4b, 0xf1, 0xcb, 0x57, 0xc8, 0xcb, 0x47, 0xc8, 0x21, 0xa4, 0x34,
  0x7e, 0x36, 0x00, 0x2a, 0x97, 0x34, 0x77, 0x23, 0x72, 0x23, 0xcb, 0x7a,
  0x28, 0x02, 0x73, 0x23, 0x22, 0x97, 0x34, 0xed, 0x4b, 0x9b, 0x34, 0x0b,
  0xa7, 0xed, 0x42, 0xd8, 0x21, 0x96, 0x34, 0xcb, 0x96, 0xc9, 0x3a, 0xdd,
  0x7e, 0xcb, 0x7a, 0x28, 0x6b, 0x7a, 0x32, 0xdd, 0x7e, 0x3a, 0xde, 0x7e,
  0xd5, 0xcd, 0x2a, 0x54, 0xd1, 0x7e, 0xb7, 0xf8, 0xe6, 0x05, 0x28, 0x02,
  0x3d, 0xc0, 0xe5, 0x23, 0x23, 0x23, 0x23, 0x7e, 0x23, 0xb6, 0xe1, 0xc8,
  0x7e, 0xe6, 0x02, 0x3a, 0xdf, 0x7e, 0x28, 0x09, 0xfd, 0x21, 0xc0, 0x32,
  0xe6, 0x10, 0xc0, 0x18, 0x07, 0xfd, 0x21, 0x80, 0x32, 0xe6, 0x01, 0xc0,
  0xe5, 0xcd, 0x4b, 0x4c, 0xe1, 0xed, 0x43, 0xd0, 0x7e, 0xd5, 0x11, 0xca,
  0x7e, 0xd5, 0x01, 0x06, 0x00, 0xed, 0xb0, 0xdd, 0xe1, 0x21, 0xe0, 0x7e,
  0xdd, 0x7e, 0x00, 0xe6, 0x07, 0xdd, 0x77, 0x00, 0xe6, 0x02, 0x28, 0x04,
  0xcb, 0xce, 0x18, 0x02, 0xcb, 0xc6, 0x3e, 0x0a, 0xc7, 0x0e, 0x07, 0x3e,
  0x0b, 0xc7, 0xd1, 0xc9, 0xe6, 0x7f, 0x92, 0xc0, 0x32, 0xdd, 0x7e, 0xd5,
  0x3a, 0xe0, 0x7e, 0xf5, 0xe6, 0x01, 0x28, 0x14, 0x3e, 0x0a, 0xfd, 0x21,
  0x80, 0x32, 0xc7, 0xf3, 0x21, 0xdf, 0x7e, 0x3e, 0xf0, 0xa6, 0x77, 0x21,
  0xe0, 0x7e, 0xcb, 0x86, 0xf1, 0xe6, 0x02, 0x28, 0x14, 0x3e, 0x0a, 0xfd,
  0x21, 0xc0, 0x32, 0xc7, 0xf3, 0x21, 0xdf, 0x7e, 0x3e, 0x0f, 0xa6, 0x77,
  0x21, 0xe0, 0x7e, 0xcb, 0x8e, 0xd1, 0xc9, 0x7a, 0x87, 0x21, 0x77, 0x4c,
  0x01, 0x18, 0x08, 0xfe, 0xa8, 0x38, 0x0d, 0xd6, 0xa8, 0x91, 0x30, 0xfd,
  0x81, 0xcd, 0x97, 0x45, 0x4e, 0x23, 0x46, 0xc9, 0x05, 0x91, 0x30, 0xfc,
  0x81, 0xcd, 0x97, 0x45, 0x4e, 0x23, 0x7e, 0xa7, 0x1f, 0xcb, 0x19, 0x10,
  0xfa, 0x47, 0xc9, 0x36, 0x63, 0x1d, 0x69, 0x5d, 0x6f, 0xfc, 0x75, 0x00,
  0x7d, 0x6f, 0x84, 0x4f, 0x8c, 0xa7, 0x94, 0x7d, 0x9d, 0xdb, 0xa6, 0xc7,
  0xb0, 0x4a, 0xbb, 0x3a, 0x96, 0x34, 0xcb, 0x57, 0xc4, 0xc4, 0x4c, 0xf5,
  0xb7, 0xfc, 0x7d, 0x05, 0xf1, 0xcb, 0x5f, 0xc4, 0xd8, 0x4c, 0x21, 0xe2,
  0x7e, 0x35, 0xc0, 0x36, 0x1e, 0x3a, 0xe3, 0x7e, 0xa7, 0xc8, 0x4f, 0x3e,
  0x15, 0xc7, 0xc9, 0x3e, 0x0f, 0x21, 0x3e, 0xf0, 0x21, 0xdf, 0x7e, 0xf3,
  0xa6, 0x77, 0xaf, 0x32, 0xdd, 0x7e, 0xfb, 0xc9, 0xf3, 0x21, 0xa4, 0x34,
  0x34, 0xc0, 0x34, 0x2a, 0x97, 0x34, 0x36, 0xff, 0x23, 0x36, 0x7f, 0x23,
  0x22, 0x97, 0x34, 0xc9, 0xf3, 0x21, 0xa3, 0x34, 0x7e, 0xa7, 0x28, 0x02,
  0x35, 0xc0, 0x2a, 0x9d, 0x34, 0x23, 0x56, 0x23, 0x1e, 0x08, 0xcb, 0x7a,
  0x28, 0x02, 0x5e, 0x23, 0x22, 0x9d, 0x34, 0x7a, 0xa7, 0x28, 0x22, 0xfe,
  0x7f, 0x28, 0x1e, 0xfe, 0x7e, 0x28, 0x2a, 0xe5, 0x3a, 0x96, 0x34, 0xcb,
  0x57, 0x28, 0x07, 0xcb, 0x4f, 0xf5, 0xc4, 0x75, 0x4b, 0xf1, 0xcb, 0x67,
  0xc4, 0x9a, 0x4b, 0x3e, 0x32, 0xc7, 0xe1, 0xf3, 0xa7, 0x7e, 0xed, 0x4b,
  0xa1, 0x34, 0xed, 0x42, 0x30, 0x07, 0xa7, 0x28, 0xbd, 0x32, 0xa3, 0x34,
  0xc9, 0x21, 0x96, 0x34, 0xcb, 0x9e, 0xcb, 0x56, 0xc0, 0x3e, 0x31, 0xc7,
  0xc9, 0xf3, 0xe5, 0x21, 0x97, 0x03, 0xcd, 0x44, 0x4d, 0xe1, 0xc3, 0x9a,
  0x7f, 0x21, 0xbb, 0x04, 0x08, 0xd9, 0xcd, 0xc8, 0x4d, 0xf3, 0xc5, 0xd9,
  0x08, 0xcd, 0x59, 0x4d, 0x08, 0xd9, 0xc1, 0xcd, 0xfc, 0x4d, 0xd9, 0x08,
  0xc9, 0xe9, 0x08, 0xd9, 0xcd, 0xc8, 0x4d, 0xed, 0x43, 0x98, 0x7f, 0xd9,
  0x08, 0xc9, 0x08, 0xd9, 0xed, 0x4b, 0x98, 0x7f, 0xcd, 0xfc, 0x4d, 0xd9,
  0x08, 0xc9, 0x08, 0xd9, 0xe1, 0xed, 0x73, 0x5c, 0xf6, 0x31, 0x5c, 0xf6,
  0xe5, 0xcd, 0xa3, 0x4d, 0xe1, 0x31, 0xff, 0xbf, 0xe5, 0xed, 0x43, 0x2f,
  0x74, 0xd9, 0x08, 0xc9, 0x08, 0xd9, 0xe1, 0x31, 0x5c, 0xf6, 0xe5, 0xed,
  0x4b, 0x2f, 0x74, 0xcd, 0xfc, 0x4d, 0xe1, 0xed, 0x7b, 0x5c, 0xf6, 0xe5,
  0xd9, 0x08, 0xc9, 0xed, 0x57, 0xf5, 0xf3, 0xdb, 0xa8, 0x47, 0xe6, 0xc3,
  0x2a, 0x93, 0x7f, 0x29, 0x29, 0xb5, 0xcb, 0x7c, 0x20, 0x40, 0x5f, 0x54,
  0x2a, 0x95, 0x7f, 0x7e, 0x4f, 0xe6, 0x3c, 0xba, 0x7b, 0x28, 0x33, 0x79,
  0xe6, 0xc3, 0x18, 0x21, 0xed, 0x57, 0xf5, 0xf3, 0xdb, 0xa8, 0x47, 0xe6,
  0xf0, 0x2a, 0x93, 0x7f, 0xb5, 0xcb, 0x7c, 0x20, 0x1d, 0x5f, 0x54, 0x2a,
  0x95, 0x7f, 0x7e, 0x4f, 0xe6, 0x0f, 0xba, 0x7b, 0x28, 0x10, 0x79, 0xe6,
  0xf0, 0xb2, 0x77, 0x57, 0x3a, 0x97, 0x7f, 0xd3, 0xa8, 0x7a, 0x32, 0xff,
  0xff, 0x7b, 0xd3, 0xa8, 0xf1, 0xe0, 0xfb, 0xc9, 0xed, 0x57, 0xf3, 0x3a,
  0x94, 0x7f, 0x17, 0x38, 0x0d, 0x2a, 0x95, 0x7f, 0x71, 0x3a, 0x97, 0x7f,
  0xd3, 0xa8, 0x79, 0x32, 0xff, 0xff, 0x78, 0xd3, 0xa8, 0xe0, 0xfb, 0xc9,
  0x5f, 0x07, 0x07, 0xcd, 0x46, 0x4e, 0xe6, 0x0f, 0x32, 0x93, 0x7f, 0x47,
  0xe6, 0x03, 0x21, 0xc5, 0xfc, 0x85, 0x6f, 0x22, 0x95, 0x7f, 0x3e, 0xff,
  0x32, 0x94, 0x7f, 0x7b, 0xa7, 0xf0, 0xcd, 0x46, 0x4e, 0xe6, 0x0f, 0x32,
  0x94, 0x7f, 0x78, 0x0f, 0x0f, 0xb0, 0x32, 0x97, 0x7f, 0xc9, 0xe6, 0xfc,
  0x57, 0x0f, 0x0f, 0xe6, 0x03, 0xb2, 0xc9, 0xdb, 0xa8, 0xcd, 0x71, 0x4e,
  0xe6, 0x03, 0x5f, 0x16, 0x00, 0x21, 0xc1, 0xfc, 0x19, 0x7e, 0xe6, 0x80,
  0xb3, 0xf0, 0x5f, 0x23, 0x23, 0x23, 0x23, 0x7e, 0x07, 0x07, 0xcd, 0x71,
  0x4e, 0xe6, 0x0c, 0xb3, 0xc9, 0x04, 0x05, 0xc8, 0xc5, 0x0f, 0x0f, 0x10,
  0xfc, 0xc1, 0xc9, 0xf5, 0xc5, 0xd5, 0xe5, 0xd9, 0x08, 0xdd, 0xe5, 0xfd,
  0xe5, 0xdd, 0x21, 0x38, 0x00, 0xfd, 0x2a, 0xc0, 0xfc, 0xcd, 0x1c, 0x00,
  0xfd, 0xe1, 0xdd, 0xe1, 0x08, 0xd9, 0xe1, 0xd1, 0xc1, 0xf1, 0xfb, 0xc9,
  0x04, 0x00, 0x00, 0x00, 0x00, 0x00, 0x00, 0x01, 0x1e, 0x00, 0x80, 0x00,
  0xff, 0xff, 0x00, 0x00, 0x00, 0x00, 0xff, 0xff, 0x40, 0x00, 0x00, 0x00,
  0x00, 0xa7, 0x1f, 0x67, 0x2e, 0x00, 0xcb, 0x1d, 0x2b, 0xc9, 0x3a, 0xda,
  0x7e, 0x4f, 0x3e, 0x04, 0xc7, 0x3a, 0xdb, 0x7e, 0x4f, 0x3e, 0x07, 0xc7,
  0xc9, 0x3e, 0x01, 0xcd, 0xde, 0x4e, 0x32, 0x86, 0x7e, 0x3e, 0x03, 0xcd,
  0xde, 0x4e, 0x32, 0x87, 0x7e, 0xc9, 0xcd, 0x40, 0x54, 0xaf, 0x57, 0x21,
  0x00, 0x75, 0x7e, 0xfe, 0x41, 0x20, 0x18, 0x23, 0x7e, 0xfe, 0x42, 0x20,
  0x12, 0x01, 0x13, 0x00, 0x09, 0x7e, 0x23, 0xb6, 0x28, 0x07, 0x14, 0x01,
  0x07, 0x00, 0x09, 0x18, 0xf4, 0x7a, 0xc9, 0xaf, 0xc9, 0xcd, 0xdd, 0x6d,
  0x2c, 0xc9, 0xcd, 0xdd, 0x6d, 0x28, 0xc9, 0xcd, 0xdd, 0x6d, 0x29, 0xc9,
  0x06, 0x02, 0xcd, 0x4f, 0x4e, 0xf5, 0x3a, 0x0e, 0x7b, 0x26, 0x80, 0xcd,
  0x24, 0x00, 0xf1, 0x6f, 0xe3, 0xe9, 0xe1, 0xe3, 0x7d, 0x26, 0x80, 0xc3,
  0x24, 0x00, 0xcd, 0x05, 0x4f, 0xfe, 0x2c, 0x11, 0xff, 0xff, 0x7b, 0xc8,
  0xcd, 0xf6, 0x6d, 0xfe, 0xff, 0xc0, 0x18, 0x10, 0xcd, 0x05, 0x4f, 0xfe,
  0x2c, 0x11, 0xff, 0xff, 0xc8, 0xcd, 0xf0, 0x6d, 0x7b, 0xa2, 0x3c, 0xc0,
  0xc3, 0x7e, 0x6d, 0x7e, 0xfe, 0x29, 0xc0, 0xd1, 0x18, 0x60, 0xe5, 0x21,
  0x60, 0xf5, 0x11, 0x61, 0xf5, 0x01, 0x07, 0x00, 0x36, 0xff, 0xed, 0xb0,
  0xe1, 0xcd, 0x0a, 0x4f, 0xcd, 0xf6, 0x6d, 0x32, 0x5e, 0xf5, 0xcd, 0x05,
  0x4f, 0xcd, 0xf6, 0x6d, 0x32, 0x5f, 0xf5, 0xb7, 0x28, 0x11, 0x3d, 0x28,
  0x47, 0x3d, 0x28, 0x0b, 0x3d, 0x28, 0x41, 0x3d, 0x28, 0x4f, 0x3d, 0x28,
  0x7d, 0x18, 0xc1, 0xcd, 0x53, 0x4f, 0xcd, 0x2e, 0x4f, 0x32, 0x60, 0xf5,
  0xcd, 0x53, 0x4f, 0xcd, 0x05, 0x4f, 0xcd, 0x40, 0x4f, 0xed, 0x53, 0x63,
  0xf5, 0xcd, 0x53, 0x4f, 0xcd, 0x40, 0x4f, 0xed, 0x53, 0x65, 0xf5, 0xcd,
  0x53, 0x4f, 0xcd, 0x2e, 0x4f, 0x28, 0x99, 0x32, 0x67, 0xf5, 0xcd, 0x0f,
  0x4f, 0xc2, 0x7b, 0x6d, 0xe5, 0xcd, 0xf0, 0x50, 0xe1, 0x38, 0x89, 0xc9,
  0xcd, 0x05, 0x4f, 0xcd, 0x05, 0x4f, 0xcd, 0xf6, 0x6d, 0x32, 0x61, 0xf5,
  0xcd, 0x53, 0x4f, 0x18, 0xc5, 0x3e, 0x04, 0x32, 0x5f, 0xf5, 0xcd, 0x2e,
  0x4f, 0x32, 0x60, 0xf5, 0xcd, 0x05, 0x4f, 0xcd, 0x2c, 0x50, 0xe5, 0x21,
  0x64, 0xf5, 0x3e, 0x3a, 0x77, 0x2b, 0x77, 0x2b, 0x70, 0x2b, 0x71, 0x23,
  0x78, 0xfe, 0x3a, 0x28, 0x01, 0x23, 0x73, 0xe1, 0x7e, 0xfe, 0x29, 0x28,
  0xb5, 0xcd, 0x05, 0x4f, 0x18, 0x9b, 0x3e, 0x05, 0x32, 0x5f, 0xf5, 0xcd,
  0x2e, 0x4f, 0x32, 0x60, 0xf5, 0xcd, 0x05, 0x4f, 0xcd, 0xf0, 0x6d, 0xed,
  0x53, 0x61, 0xf5, 0xcd, 0x05, 0x4f, 0xcd, 0xf0, 0x6d, 0xed, 0x53, 0x63,
  0xf5, 0xc3, 0xa5, 0x4f, 0x4e, 0xcd, 0x62, 0x50, 0xda, 0x7b, 0x6d, 0x06,
  0x3a, 0xcd, 0xe4, 0x6d, 0x38, 0x05, 0xcd, 0x62, 0x50, 0x38, 0x0b, 0x47,
  0xcd, 0xe4, 0x6d, 0x38, 0xfb, 0xcd, 0x62, 0x50, 0x30, 0xf6, 0x1e, 0x3a,
  0xfe, 0x26, 0xd0, 0xfe, 0x25, 0x28, 0x0b, 0xfe, 0x24, 0x28, 0x07, 0xfe,
  0x21, 0x28, 0x03, 0xfe, 0x23, 0xc0, 0x5f, 0xc3, 0xe4, 0x6d, 0xfe, 0x41,
  0xd8, 0xfe, 0x5b, 0x3f, 0xc9, 0x7a, 0xa3, 0x3c, 0x20, 0x04, 0x11, 0x40,
  0x1f, 0xc9, 0xe5, 0x21, 0x80, 0x3e, 0xa7, 0xed, 0x52, 0x38, 0x06, 0x21,
  0x07, 0x07, 0xed, 0x52, 0x3f, 0xe1, 0xc9, 0xcd, 0xa1, 0x50, 0xe5, 0xcd,
  0x6b, 0x54, 0x38, 0x09, 0xe1, 0xc9, 0xcd, 0xa1, 0x50, 0xe5, 0xcd, 0x52,
  0x56, 0xda, 0x7e, 0x6d, 0xe1, 0xc9, 0x7e, 0xfe, 0x29, 0xc0, 0xd1, 0x18,
  0x48, 0xe5, 0x21, 0x5f, 0xf5, 0x06, 0x08, 0x36, 0xff, 0x23, 0x10, 0xfb,
  0xe1, 0xcd, 0x0a, 0x4f, 0xcd, 0xf6, 0x6d, 0x32, 0x5e, 0xf5, 0xcd, 0x9a,
  0x50, 0xcd, 0x2e, 0x4f, 0x32, 0x5f, 0xf5, 0xcd, 0x9a, 0x50, 0xcd, 0x40,
  0x4f, 0xed, 0x53, 0x60, 0xf5, 0xcd, 0x9a, 0x50, 0xcd, 0x40, 0x4f, 0xed,
  0x53, 0x62, 0xf5, 0xcd, 0x9a, 0x50, 0xcd, 0x40, 0x4f, 0xed, 0x53, 0x64,
  0xf5, 0xcd, 0x9a, 0x50, 0xcd, 0x05, 0x4f, 0xcd, 0x38, 0x4f, 0x32, 0x66,
  0xf5, 0xcd, 0x0f, 0x4f, 0xc2, 0x7b, 0x6d, 0xc9, 0x3a, 0x5e, 0xf5, 0xfe,
  0x10, 0x3f, 0xd8, 0xed, 0x5b, 0x65, 0xf5, 0x3a, 0x5f, 0xf5, 0xe6, 0x05,
  0x3d, 0xc4, 0x69, 0x50, 0xd8, 0xed, 0x53, 0x65, 0xf5, 0xed, 0x5b, 0x63,
  0xf5, 0x7b, 0xb2, 0x37, 0xc8, 0xcd, 0x53, 0x51, 0xc8, 0x3e, 0x33, 0x32,
  0xdf, 0x7e, 0xfd, 0x21, 0x80, 0x32, 0xcd, 0x4d, 0x56, 0xfd, 0x21, 0xc0,
  0x32, 0xcd, 0x4d, 0x56, 0xcd, 0x32, 0x51, 0xf5, 0xaf, 0x32, 0xdf, 0x7e,
  0xf1, 0xc9, 0x3a, 0x5e, 0xf5, 0xcd, 0x2a, 0x54, 0x3a, 0x5f, 0xf5, 0xb7,
  0x28, 0x31, 0x3d, 0xca, 0xfa, 0x51, 0x3d, 0x28, 0x1e, 0x3d, 0xca, 0xeb,
  0x51, 0x3d, 0xca, 0x6d, 0x52, 0x3d, 0xca, 0x7f, 0x52, 0x37, 0xc9, 0xf3,
  0x3a, 0xdf, 0x7e, 0xb7, 0x28, 0x07, 0xfb, 0xcd, 0x50, 0x6a, 0x20, 0xf3,
  0xc9, 0x3c, 0xc9, 0x3a, 0x67, 0xf5, 0xfe, 0xff, 0x28, 0x0d, 0x3d, 0x37,
  0xc0, 0x18, 0x08, 0x3a, 0x67, 0xf5, 0x47, 0x0f, 0xb8, 0x37, 0xc0, 0xcd,
  0xef, 0x53, 0xd8, 0xed, 0x5b, 0x63, 0xf5, 0xcd, 0x5e, 0x53, 0xd8, 0xed,
  0x43, 0x61, 0xf5, 0xeb, 0x22, 0x63, 0xf5, 0x21, 0x5f, 0xf5, 0xe5, 0x01,
  0x08, 0x00, 0xed, 0xb0, 0xe1, 0x7e, 0xe6, 0x07, 0xfe, 0x04, 0xc8, 0xe6,
  0x05, 0x3d, 0xc8, 0xe5, 0x21, 0x00, 0x75, 0x11, 0x01, 0x75, 0x01, 0xff,
  0x00, 0x36, 0x00, 0xed, 0xb0, 0xe1, 0x7e, 0xe6, 0x07, 0x23, 0x23, 0x5e,
  0x23, 0x56, 0x23, 0x4e, 0x23, 0x46, 0xf3, 0xdd, 0x21, 0xaa, 0x7e, 0xfd,
  0x21, 0xba, 0x7e, 0xfd, 0x77, 0x00, 0x3e, 0x04, 0xdd, 0x77, 0x00, 0x21,
  0x00, 0x75, 0x22, 0xac, 0x7e, 0xed, 0x53, 0xbc, 0x7e, 0x21, 0x01, 0x00,
  0x22, 0xae, 0x7e, 0xc5, 0xd5, 0x3e, 0x00, 0xcd, 0x41, 0x4d, 0xd1, 0xc1,
  0x13, 0x0b, 0x79, 0xb0, 0x20, 0xe7, 0xc9, 0x3a, 0x67, 0xf5, 0xfe, 0xff,
  0x28, 0x03, 0x3d, 0x37, 0xc0, 0x3a, 0x87, 0x7e, 0x18, 0x0b, 0x3a, 0x67,
  0xf5, 0x47, 0x0f, 0xb8, 0x37, 0xc0, 0x3a, 0x86, 0x7e, 0x47, 0x3a, 0x61,
  0xf5, 0xb8, 0x3f, 0xd8, 0xcd, 0x35, 0x54, 0xe5, 0x3a, 0x5f, 0xf5, 0xcd,
  0x40, 0x54, 0xe1, 0x3a, 0x60, 0xf5, 0x3c, 0x37, 0xc0, 0x3a, 0x5f, 0xf5,
  0xb6, 0x32, 0x5f, 0xf5, 0xaf, 0x32, 0x60, 0xf5, 0x23, 0x23, 0x5e, 0x23,
  0x56, 0xed, 0x53, 0x61, 0xf5, 0x23, 0x5e, 0x23, 0x56, 0xe5, 0x2a, 0x63,
  0xf5, 0x7d, 0xa4, 0x3c, 0x20, 0x07, 0xe1, 0xed, 0x53, 0x63, 0xf5, 0x18,
  0x05, 0xeb, 0xed, 0x52, 0xe1, 0xd8, 0xed, 0x5b, 0x65, 0xf5, 0x7b, 0xa2,
  0x3c, 0x20, 0x04, 0x23, 0x5e, 0x23, 0x56, 0xcd, 0x69, 0x50, 0xd8, 0xed,
  0x53, 0x65, 0xf5, 0x3a, 0x5e, 0xf5, 0xcd, 0x2a, 0x54, 0xe5, 0xcd, 0xaa,
  0x52, 0xd1, 0xc3, 0x8b, 0x51, 0xcd, 0xef, 0x53, 0xd8, 0xe5, 0x21, 0x61,
  0xf5, 0xcd, 0x28, 0x5d, 0xe1, 0x7a, 0xb7, 0x37, 0xc8, 0x18, 0x21, 0xcd,
  0xef, 0x53, 0xd8, 0xe5, 0x2a, 0xee, 0x7e, 0xe5, 0xed, 0x4b, 0x61, 0xf5,
  0xb7, 0xed, 0x42, 0xd1, 0x38, 0x16, 0x13, 0x2a, 0x63, 0xf5, 0x09, 0x38,
  0x0f, 0xeb, 0xb7, 0xed, 0x52, 0x38, 0x09, 0xe1, 0xcd, 0xaa, 0x52, 0x5d,
  0x54, 0xc3, 0x8b, 0x51, 0xe1, 0xc9, 0x7e, 0xe6, 0x07, 0x32, 0x7d, 0xf5,
  0xe6, 0x05, 0xc0, 0xe5, 0x23, 0x23, 0x5e, 0x23, 0x56, 0x23, 0x4e, 0x36,
  0x00, 0x23, 0x46, 0x36, 0x00, 0x78, 0xb1, 0x28, 0x57, 0x3e, 0x10, 0xd5,
  0xfd, 0xe1, 0xf5, 0x3d, 0xcd, 0x2a, 0x54, 0x7e, 0xe6, 0x07, 0x5f, 0x3a,
  0x7d, 0xf5, 0xbb, 0x20, 0x1f, 0x23, 0x23, 0x5e, 0x23, 0x56, 0x23, 0x7e,
  0x23, 0xb6, 0x28, 0x14, 0x2b, 0x2b, 0x2b, 0xe5, 0xfd, 0xe5, 0xe1, 0xed,
  0x52, 0xe1, 0x30, 0x08, 0xeb, 0xb7, 0xed, 0x42, 0xeb, 0x73, 0x23, 0x72,
  0xf1, 0x3d, 0x20, 0xce, 0xfd, 0xe5, 0xe1, 0xc5, 0xcd, 0x1e, 0x53, 0xc1,
  0x3a, 0x7d, 0xf5, 0xb7, 0x20, 0x0a, 0x2a, 0x82, 0x7e, 0xed, 0x42, 0x22,
  0x82, 0x7e, 0x18, 0x08, 0x2a, 0x84, 0x7e, 0xed, 0x42, 0x22, 0x84, 0x7e,
  0xe1, 0xc9, 0x5d, 0x54, 0x09, 0xd5, 0xe5, 0xeb, 0x3a, 0x7d, 0xf5, 0xb7,
  0x2a, 0x82, 0x7e, 0x28, 0x03, 0x2a, 0x84, 0x7e, 0x23, 0xed, 0x52, 0x4d,
  0x44, 0xe1, 0xd1, 0x79, 0xb0, 0xc8, 0xf3, 0xdd, 0x21, 0xaa, 0x7e, 0xfd,
  0x21, 0xba, 0x7e, 0x3a, 0x7d, 0xf5, 0xdd, 0x77, 0x00, 0xfd, 0x77, 0x00,
  0x22, 0xac, 0x7e, 0xed, 0x43, 0xae, 0x7e, 0xed, 0x53, 0xbc, 0x7e, 0x3e,
  0x00, 0xcd, 0x41, 0x4d, 0xfb, 0xc9, 0xd5, 0xcd, 0xaa, 0x52, 0xd1, 0xe5,
  0x7b, 0xa2, 0x3c, 0x28, 0x4a, 0x3a, 0x5f, 0xf5, 0xe6, 0x07, 0xed, 0x4b,
  0x82, 0x7e, 0x28, 0x04, 0xed, 0x4b, 0x84, 0x7e, 0x6b, 0x62, 0x79, 0xa0,
  0x3c, 0x20, 0x03, 0x09, 0x18, 0x03, 0x09, 0x38, 0x2c, 0x4d, 0x44, 0x3a,
  0x5f, 0xf5, 0xe6, 0x07, 0x20, 0x11, 0x2a, 0xe4, 0x7e, 0xed, 0x42, 0x38,
  0x1c, 0x2a, 0x82, 0x7e, 0x23, 0xed, 0x43, 0x82, 0x7e, 0x18, 0x0f, 0x2a,
  0xe8, 0x7e, 0xed, 0x42, 0x38, 0x0b, 0x2a, 0x84, 0x7e, 0x23, 0xed, 0x43,
  0x84, 0x7e, 0x4d, 0x44, 0xb7, 0xe1, 0xc9, 0x3a, 0x5f, 0xf5, 0xe6, 0x07,
  0x20, 0x1a, 0xed, 0x4b, 0x82, 0x7e, 0x2a, 0xe4, 0x7e, 0x7d, 0xb4, 0x37,
  0x28, 0xeb, 0x3f, 0x5d, 0x54, 0xed, 0x42, 0x37, 0x28, 0xe3, 0xeb, 0x22,
  0x82, 0x7e, 0x18, 0x18, 0xed, 0x4b, 0x84, 0x7e, 0x2a, 0xe8, 0x7e, 0x7d,
  0xb4, 0x37, 0x28, 0xd1, 0x3f, 0x5d, 0x54, 0xed, 0x42, 0x37, 0x28, 0xc9,
  0xeb, 0x22, 0x84, 0x7e, 0x03, 0x18, 0xc1, 0x3a, 0x60, 0xf5, 0x3c, 0xc6,
  0xfd, 0xd8, 0x2f, 0x3d, 0xe6, 0x80, 0x47, 0x3a, 0x5f, 0xf5, 0x4f, 0xe6,
  0x05, 0x3a, 0x67, 0xf5, 0x20, 0x0c, 0x3c, 0x20, 0x0a, 0x79, 0xe6, 0x02,
  0x0f, 0x0f, 0x0f, 0x4f, 0x18, 0x09, 0x3c, 0xc6, 0xfd, 0xd8, 0x2f, 0x3d,
  0xe6, 0x40, 0x4f, 0x3a, 0x5f, 0xf5, 0xe6, 0x07, 0xb0, 0xb1, 0x32, 0x5f,
  0xf5, 0xaf, 0x32, 0x60, 0xf5, 0xc9, 0x87, 0x87, 0x87, 0x5f, 0x16, 0x00,
  0x21, 0x13, 0x7f, 0x19, 0xc9, 0x6f, 0x26, 0x00, 0x29, 0x29, 0x29, 0x11,
  0x10, 0x75, 0x19, 0xc9, 0xf3, 0xdd, 0x21, 0xaa, 0x7e, 0xfd, 0x21, 0xba,
  0x7e, 0xdd, 0x77, 0x00, 0xfd, 0x36, 0x00, 0x04, 0xaf, 0xdd, 0x77, 0x02,
  0xdd, 0x77, 0x03, 0xdd, 0x36, 0x04, 0x01, 0xdd, 0x77, 0x05, 0x21, 0x00,
  0x75, 0x22, 0xbc, 0x7e, 0x3e, 0x00, 0xcd, 0x41, 0x4d, 0xfb, 0xc9, 0x3a,
  0x5e, 0xf5, 0xfe, 0x10, 0x3f, 0xd8, 0x3e, 0x11, 0x32, 0x67, 0xf5, 0x2a,
  0x60, 0xf5, 0x7d, 0xa4, 0x3c, 0x20, 0x04, 0x23, 0x22, 0x60, 0xf5, 0x3a,
  0x5f, 0xf5, 0x47, 0x0f, 0x90, 0x2f, 0x28, 0x04, 0x05, 0x37, 0xc0, 0xaf,
  0x32, 0x88, 0x74, 0x3a, 0x5e, 0xf5, 0xcd, 0x2a, 0x54, 0x3a, 0x66, 0xf5,
  0xfe, 0xff, 0x20, 0x08, 0x7e, 0xe6, 0x40, 0x07, 0x07, 0x32, 0x66, 0xf5,
  0xe6, 0xfe, 0x37, 0xc0, 0x7e, 0xe6, 0x07, 0x28, 0x17, 0x3d, 0xca, 0x52,
  0x55, 0x3d, 0x28, 0x0e, 0x3d, 0xca, 0x52, 0x55, 0x3d, 0xca, 0x54, 0x55,
  0x3d, 0xca, 0x57, 0x55, 0x37, 0xc9, 0x3e, 0x02, 0xcd, 0xaa, 0x55, 0xcd,
  0x11, 0x57, 0xd8, 0x7e, 0x47, 0xe6, 0x07, 0x3a, 0x66, 0xf5, 0x20, 0x04,
  0xb7, 0x37, 0xc0, 0x3c, 0x3d, 0x37, 0xc0, 0xcb, 0x78, 0x0e, 0x0c, 0x28,
  0x02, 0x0e, 0x06, 0xcd, 0xf6, 0x55, 0x37, 0xc8, 0xcd, 0xfd, 0x55, 0xd8,
  0x37, 0xc8, 0xf3, 0xfd, 0x21, 0x80, 0x32, 0x3a, 0x66, 0xf5, 0xb7, 0x28,
  0x04, 0xfd, 0x21, 0xc0, 0x32, 0xcd, 0x76, 0x55, 0x3f, 0xd0, 0xc5, 0xcd,
  0x4d, 0x56, 0xc1, 0xc5, 0x79, 0x0e, 0x00, 0xcd, 0x41, 0x4d, 0xc1, 0x30,
  0x09, 0xfe, 0x03, 0x20, 0x03, 0x32, 0x9b, 0xfc, 0x0e, 0x09, 0xfd, 0xe5,
  0xe1, 0x11, 0x80, 0x32, 0xb7, 0xed, 0x52, 0x16, 0xf0, 0x28, 0x02, 0x16,
  0x0f, 0x79, 0xfe, 0x0c, 0x28, 0x0c, 0xfe, 0x0b, 0x28, 0x08, 0xf3, 0x3a,
  0xdf, 0x7e, 0xa2, 0x32, 0xdf, 0x7e, 0xfb, 0x3a, 0x29, 0x7b, 0xb7, 0xc8,
  0x7a, 0x2f, 0x57, 0xcd, 0x50, 0x6a, 0xc8, 0x3a, 0xdf, 0x7e, 0xa2, 0x20,
  0xf6, 0xc9, 0x37, 0xc9, 0x3e, 0x04, 0x01, 0x3e, 0x05, 0xcd, 0xaa, 0x55,
  0xcd, 0x11, 0x57, 0xd8, 0xcb, 0x7e, 0x0e, 0x09, 0x28, 0x02, 0x0e, 0x06,
  0xcd, 0xf6, 0x55, 0x37, 0xc8, 0xcd, 0xfd, 0x55, 0xd8, 0x37, 0xc8, 0xc3,
  0xf3, 0x54, 0xe5, 0xfd, 0xe5, 0xe1, 0x11, 0x80, 0x32, 0xb7, 0xed, 0x52,
  0xe1, 0x11, 0x02, 0x0f, 0x28, 0x03, 0x11, 0x20, 0xf0, 0xf3, 0x3a, 0xdf,
  0x7e, 0xa2, 0x28, 0x08, 0xfb, 0xcd, 0x50, 0x6a, 0x37, 0xc8, 0x18, 0xf1,
  0x3a, 0x67, 0xf5, 0xa2, 0xb3, 0x5f, 0x3a, 0xdf, 0x7e, 0xb3, 0x32, 0xdf,
  0x7e, 0xaf, 0x32, 0xe0, 0x7e, 0xc9, 0xfe, 0x04, 0x28, 0x11, 0x11, 0xaa,
  0x7e, 0xd5, 0x12, 0x13, 0x01, 0x07, 0x00, 0xe5, 0x23, 0xed, 0xb0, 0xe1,
  0xdd, 0xe1, 0xc9, 0x32, 0xaa, 0x7e, 0xe5, 0x23, 0x23, 0x11, 0x7e, 0xf5,
  0x3e, 0x3a, 0x12, 0x13, 0x01, 0x04, 0x00, 0xd5, 0xed, 0xb0, 0xe1, 0xcd,
  0x28, 0x5d, 0xe1, 0xdd, 0x21, 0xaa, 0x7e, 0xed, 0x43, 0xac, 0x7e, 0xdd,
  0x72, 0x04, 0xdd, 0x36, 0x05, 0x00, 0xe5, 0x01, 0x06, 0x00, 0x09, 0x7e,
  0xdd, 0x77, 0x06, 0x23, 0x7e, 0xdd, 0x77, 0x07, 0xe1, 0xc9, 0xdd, 0x7e,
  0x06, 0xdd, 0xb6, 0x07, 0xc9, 0xed, 0x5b, 0xae, 0x7e, 0x2a, 0x60, 0xf5,
  0xb7, 0xed, 0x52, 0x3f, 0xd8, 0x2a, 0x62, 0xf5, 0x7c, 0xb5, 0xc8, 0x7c,
  0xa5, 0x3c, 0x20, 0x0b, 0x2a, 0x60, 0xf5, 0xd5, 0xeb, 0xed, 0x52, 0x22,
  0x62, 0xf5, 0xd1, 0xd5, 0xed, 0x5b, 0x60, 0xf5, 0x19, 0xd1, 0xd8, 0xeb,
  0xed, 0x52, 0xd8, 0x2a, 0xac, 0x7e, 0xed, 0x5b, 0x60, 0xf5, 0x3a, 0xaa,
  0x7e, 0xfe, 0x04, 0x20, 0x07, 0x7a, 0xb7, 0x37, 0xc0, 0x53, 0x1e, 0x00,
  0x19, 0x22, 0xac, 0x7e, 0x2a, 0x62, 0xf5, 0x22, 0xae, 0x7e, 0xaf, 0x3c,
  0xc9, 0x3e, 0x0a, 0xc3, 0x41, 0x4d, 0x3a, 0x5e, 0xf5, 0xfe, 0x10, 0x3f,
  0xd8, 0xaf, 0x32, 0x67, 0xf5, 0x2a, 0x60, 0xf5, 0x7d, 0xa4, 0x3c, 0x20,
  0x04, 0x23, 0x22, 0x60, 0xf5, 0x3a, 0x5f, 0xf5, 0x47, 0x0f, 0x90, 0x28,
  0x05, 0x05, 0x37, 0xc0, 0x3e, 0xff, 0x32, 0x89, 0x74, 0x3a, 0x5e, 0xf5,
  0xcd, 0x2a, 0x54, 0x3a, 0x66, 0xf5, 0xfe, 0xff, 0x20, 0x08, 0x7e, 0xe6,
  0x40, 0x07, 0x07, 0x32, 0x66, 0xf5, 0xe6, 0xfe, 0x37, 0xc0, 0x7e, 0xe6,
  0x07, 0x28, 0x13, 0x3d, 0x28, 0x5a, 0x3d, 0x28, 0x0b, 0x3d, 0x28, 0x56,
  0x3d, 0x28, 0x57, 0x3d, 0x28, 0x57, 0x37, 0xc9, 0x3e, 0x02, 0xcd, 0xaa,
  0x55, 0x7e, 0xe6, 0x80, 0x28, 0x06, 0xcd, 0x11, 0x57, 0xd8, 0x18, 0x21,
  0xed, 0x5b, 0x64, 0xf5, 0x7b, 0xa2, 0x3c, 0x28, 0x18, 0xe5, 0x21, 0x34,
  0xc2, 0xa7, 0xed, 0x52, 0xe1, 0xd8, 0xe5, 0x21, 0x07, 0x07, 0xed, 0x52,
  0x3f, 0xe1, 0xd8, 0xdd, 0x73, 0x06, 0xdd, 0x72, 0x07, 0x7e, 0x47, 0xe6,
  0x02, 0x3a, 0x66, 0xf5, 0x20, 0x04, 0xb7, 0x37, 0xc0, 0x3c, 0x3d, 0x37,
  0xc0, 0xcb, 0x78, 0x0e, 0x0b, 0x28, 0x02, 0x0e, 0x05, 0xc3, 0xe7, 0x54,
  0x3e, 0xfe, 0xc6, 0x03, 0x18, 0xb0, 0x3e, 0x04, 0x01, 0x3e, 0x05, 0xcd,
  0xaa, 0x55, 0xcd, 0x11, 0x57, 0xd8, 0xcb, 0x7e, 0x0e, 0x08, 0x28, 0x02,
  0x0e, 0x05, 0xc3, 0x68, 0x55, 0xed, 0x5b, 0x64, 0xf5, 0x7b, 0xa2, 0x3c,
  0xc8, 0xcd, 0x69, 0x50, 0xd8, 0xdd, 0x73, 0x06, 0xdd, 0x72, 0x07, 0xc9,
  0x16, 0x00, 0x01, 0x16, 0x01, 0xcd, 0x0a, 0x4f, 0xe5, 0xd5, 0xcd, 0xea,
  0x6d, 0xe5, 0xcd, 0xfc, 0x6d, 0xe1, 0xcd, 0x05, 0x4f, 0xcd, 0xf6, 0x6d,
  0xcd, 0x0f, 0x4f, 0xc2, 0x7b, 0x6d, 0xf1, 0xe3, 0xb7, 0x7b, 0x28, 0x05,
  0xcd, 0x59, 0x57, 0x18, 0x03, 0xcd, 0x52, 0x57, 0xe1, 0xc9, 0xcd, 0x7e,
  0x57, 0xda, 0x7e, 0x6d, 0xc9, 0xcd, 0x45, 0x59, 0x18, 0xf7, 0xfe, 0x10,
  0x3f, 0xd8, 0xf5, 0xaf, 0x32, 0x2f, 0x7b, 0xcd, 0xcb, 0x6d, 0x7a, 0xfe,
  0x09, 0xd2, 0x78, 0x6d, 0x32, 0x6d, 0xf5, 0xf1, 0xcd, 0x2a, 0x54, 0x22,
  0x73, 0xf5, 0x46, 0xc3, 0x6c, 0x58, 0xcd, 0x5e, 0x57, 0xd8, 0xc8, 0x3e,
  0xfe, 0x32, 0x5e, 0xf5, 0xc5, 0xe5, 0x21, 0x00, 0x00, 0x22, 0x5f, 0xf5,
  0xcd, 0x4d, 0x56, 0xe1, 0xc1, 0x78, 0xcb, 0x7f, 0x11, 0x00, 0x00, 0x28,
  0x02, 0x1e, 0x01, 0xed, 0x53, 0x63, 0xf5, 0xe6, 0x07, 0xfe, 0x04, 0xca,
  0x93, 0x58, 0x32, 0xaa, 0x7e, 0x23, 0x23, 0x5e, 0x23, 0x56, 0xed, 0x53,
  0xac, 0x7e, 0x23, 0x5e, 0x23, 0x56, 0x23, 0x7a, 0xb3, 0x37, 0xc8, 0xed,
  0x53, 0x65, 0xf5, 0x7a, 0x53, 0x1e, 0x08, 0xb7, 0x28, 0x03, 0x11, 0x00,
  0x00, 0x1b, 0xed, 0x53, 0x61, 0xf5, 0x5e, 0x23, 0x56, 0xed, 0x53, 0x67,
  0xf5, 0x21, 0x00, 0x00, 0x22, 0x69, 0xf5, 0x22, 0x6b, 0xf5, 0x3a, 0x63,
  0xf5, 0xb7, 0x28, 0x0c, 0x21, 0x00, 0x80, 0x22, 0x69, 0xf5, 0x21, 0x7f,
  0x00, 0x22, 0x6b, 0xf5, 0x21, 0x5e, 0xf5, 0xed, 0x5b, 0x62, 0xf8, 0xd5,
  0x01, 0x0f, 0x00, 0xed, 0xb0, 0xc1, 0x21, 0x00, 0x01, 0x1e, 0x01, 0x3a,
  0x6d, 0xf5, 0x57, 0xcd, 0x02, 0x59, 0xcd, 0x54, 0x5a, 0x3e, 0xff, 0x32,
  0x2f, 0x7b, 0x21, 0x0f, 0x00, 0xcd, 0xc8, 0x5a, 0xed, 0x4b, 0x65, 0xf5,
  0x3e, 0x04, 0x32, 0xba, 0x7e, 0x2a, 0x62, 0xf8, 0x22, 0xbc, 0x7e, 0xc5,
  0xcd, 0x52, 0x58, 0xcd, 0xc5, 0x5a, 0xc1, 0x0b, 0x78, 0xb1, 0x20, 0xf3,
  0xcd, 0xe9, 0x5a, 0x2a, 0x73, 0xf5, 0x7e, 0xe6, 0x40, 0x3e, 0xf0, 0x28,
  0x02, 0x3e, 0x0f, 0xf3, 0x21, 0xdf, 0x7e, 0xa6, 0x77, 0xcd, 0x3b, 0x59,
  0xfb, 0xc9, 0xdd, 0x21, 0xaa, 0x7e, 0x21, 0x01, 0x00, 0x22, 0xae, 0x7e,
  0xfd, 0x21, 0xba, 0x7e, 0xaf, 0xcd, 0x41, 0x4d, 0x2a, 0xac, 0x7e, 0x23,
  0x22, 0xac, 0x7e, 0xc9, 0xcb, 0x70, 0x11, 0x03, 0x0f, 0xfd, 0x21, 0x80,
  0x32, 0x28, 0x07, 0x11, 0x30, 0xf0, 0xfd, 0x21, 0xc0, 0x32, 0xfb, 0xcd,
  0x50, 0x6a, 0xc8, 0xf3, 0x3a, 0xdf, 0x7e, 0xa2, 0x20, 0xf4, 0x3a, 0xdf,
  0x7e, 0xb3, 0x32, 0xdf, 0x7e, 0xfb, 0xc9, 0xcd, 0x30, 0x5a, 0xd8, 0x1e,
  0x07, 0xed, 0x53, 0x61, 0xf5, 0x5a, 0x16, 0x00, 0xed, 0x53, 0x65, 0xf5,
  0x23, 0x23, 0x23, 0x23, 0x5e, 0x23, 0x56, 0xed, 0x53, 0x67, 0xf5, 0x21,
  0x00, 0x00, 0x22, 0x69, 0xf5, 0x22, 0x6b, 0xf5, 0x3a, 0x63, 0xf5, 0xb7,
  0x28, 0x0c, 0x21, 0x00, 0x80, 0x22, 0x69, 0xf5, 0x21, 0x7f, 0x00, 0x22,
  0x6b, 0xf5, 0x21, 0x5e, 0xf5, 0xed, 0x5b, 0x62, 0xf8, 0xd5, 0x01, 0x0f,
  0x00, 0xed, 0xb0, 0xc1, 0x21, 0x00, 0x01, 0x1e, 0x01, 0x3a, 0x6d, 0xf5,
  0x57, 0xcd, 0x02, 0x59, 0xcd, 0x54, 0x5a, 0x3e, 0xff, 0x32, 0x2f, 0x7b,
  0x21, 0x0f, 0x00, 0xcd, 0xc8, 0x5a, 0xed, 0x5b, 0x6e, 0xf5, 0x2a, 0x70,
  0xf5, 0xcd, 0x9f, 0x5a, 0xcd, 0xc5, 0x5a, 0xc3, 0x38, 0x58, 0xf5, 0xc5,
  0xd5, 0xe5, 0xf3, 0x21, 0xb1, 0xff, 0xe5, 0x11, 0x2a, 0x7b, 0xcd, 0xcc,
  0x40, 0x21, 0x21, 0x59, 0xd1, 0xcd, 0xcc, 0x40, 0x3a, 0x0e, 0x7b, 0x32,
  0xb2, 0xff, 0xc3, 0x96, 0x4e, 0xf7, 0x00, 0x26, 0x59, 0xc9, 0xf5, 0xc5,
  0xd5, 0xe5, 0xcd, 0x3b, 0x58, 0x3a, 0x2f, 0x7b, 0xb7, 0xc4, 0xe9, 0x5a,
  0xe1, 0xd1, 0xc1, 0xf1, 0xc3, 0xb1, 0xff, 0xf3, 0x21, 0x2a, 0x7b, 0x11,
  0xb1, 0xff, 0xc3, 0xcc, 0x40, 0xcd, 0x5e, 0x57, 0xd8, 0xc8, 0xc5, 0xe5,
  0xcd, 0x4d, 0x56, 0x01, 0x5e, 0xf5, 0x21, 0x0f, 0x00, 0xe5, 0x1e, 0x00,
  0x3a, 0x6d, 0xf5, 0x57, 0xcd, 0x02, 0x59, 0xcd, 0x54, 0x5a, 0x3e, 0xff,
  0x32, 0x2f, 0x7b, 0xcd, 0xd6, 0x5a, 0xd1, 0xb7, 0xed, 0x52, 0xe1, 0xc1,
  0x37, 0xc0, 0x3a, 0x5e, 0xf5, 0xfe, 0xfe, 0x37, 0xc0, 0x78, 0xe6, 0x07,
  0xfe, 0x04, 0xca, 0x1d, 0x5a, 0x32, 0xba, 0x7e, 0xe6, 0x05, 0x3d, 0x37,
  0xc8, 0x23, 0x23, 0x5e, 0x23, 0x56, 0xed, 0x53, 0xbc, 0x7e, 0x23, 0x5e,
  0x23, 0x56, 0x23, 0x7a, 0xb3, 0x37, 0xc8, 0x2a, 0x65, 0xf5, 0xb7, 0xeb,
  0xe5, 0xed, 0x52, 0xe1, 0x38, 0x01, 0xeb, 0xe5, 0xcd, 0x9c, 0x5a, 0xc1,
  0xaf, 0x32, 0x77, 0xf5, 0x2a, 0x75, 0xf5, 0x22, 0xac, 0x7e, 0x3e, 0x04,
  0x32, 0xaa, 0x7e, 0x78, 0xb1, 0x28, 0x0a, 0xc5, 0xcd, 0xd6, 0x5a, 0xc1,
  0xcd, 0xeb, 0x59, 0x18, 0xf2, 0xcd, 0xe9, 0x5a, 0x2a, 0x73, 0xf5, 0x3a,
  0x63, 0xf5, 0xe6, 0x01, 0x0f, 0x47, 0x7e, 0xe6, 0x7f, 0xb0, 0x77, 0xed,
  0x5b, 0x67, 0xf5, 0xe5, 0x01, 0x06, 0x00, 0x09, 0x73, 0x23, 0x72, 0xe1,
  0xc3, 0x3b, 0x58, 0x3a, 0x78, 0xf5, 0x6f, 0x26, 0x00, 0xb7, 0xe5, 0xed,
  0x42, 0xe1, 0x38, 0x02, 0x69, 0x60, 0xdd, 0x21, 0xaa, 0x7e, 0x22, 0xae,
  0x7e, 0xfd, 0x21, 0xba, 0x7e, 0xaf, 0xc5, 0xe5, 0xcd, 0x41, 0x4d, 0xe1,
  0xe5, 0xed, 0x4b, 0xbc, 0x7e, 0x09, 0x22, 0xbc, 0x7e, 0xc1, 0xe1, 0xb7,
  0xed, 0x42, 0x4d, 0x44, 0xc9, 0xcd, 0x30, 0x5a, 0xd8, 0xed, 0x5b, 0x6e,
  0xf5, 0x2a, 0x70, 0xf5, 0xcd, 0x9f, 0x5a, 0xcd, 0xd6, 0x5a, 0x18, 0x99,
  0x23, 0x23, 0xe5, 0x11, 0x6e, 0xf5, 0x3e, 0x3a, 0x12, 0x13, 0x01, 0x04,
  0x00, 0xd5, 0xed, 0xb0, 0xe1, 0xcd, 0x28, 0x5d, 0xe1, 0xed, 0x43, 0x6e,
  0xf5, 0x1e, 0x00, 0xed, 0x53, 0x70, 0xf5, 0x7a, 0xb7, 0xc0, 0x37, 0xc9,
  0x3a, 0xa7, 0xff, 0xfe, 0xc9, 0xca, 0x7e, 0x6d, 0xc5, 0xe5, 0x21, 0x79,
  0xf5, 0xe5, 0x72, 0x7b, 0xa7, 0xf5, 0xeb, 0x13, 0x21, 0x66, 0xf8, 0x01,
  0x0b, 0x00, 0xed, 0xb0, 0xaf, 0x06, 0x19, 0x12, 0x13, 0x10, 0xfc, 0xf1,
  0xd1, 0xf5, 0x0e, 0x0f, 0x28, 0x02, 0x0e, 0x16, 0xcd, 0x7d, 0xf3, 0x3c,
  0x20, 0x09, 0xf1, 0xca, 0x75, 0x6d, 0x1e, 0x43, 0xc3, 0x89, 0x6d, 0x21,
  0x01, 0x00, 0x22, 0x87, 0xf5, 0xf1, 0xe1, 0xd1, 0x7c, 0xb5, 0x20, 0x03,
  0xcd, 0xab, 0x5a, 0xed, 0x53, 0x75, 0xf5, 0x22, 0x77, 0xf5, 0x0e, 0x1a,
  0xc3, 0x7d, 0xf3, 0x21, 0x00, 0xfd, 0x39, 0x30, 0x0c, 0xed, 0x5b, 0xc6,
  0xf6, 0xa7, 0xed, 0x52, 0x38, 0x03, 0x7c, 0xa7, 0xc0, 0xed, 0x5b, 0x62,
  0xf8, 0x21, 0x00, 0x01, 0xc9, 0x2a, 0x77, 0xf5, 0x11, 0x79, 0xf5, 0x0e,
  0x26, 0xcd, 0x7d, 0xf3, 0xa7, 0xc8, 0x1e, 0x42, 0x18, 0x10, 0x2a, 0x77,
  0xf5, 0x11, 0x79, 0xf5, 0x0e, 0x27, 0xcd, 0x7d, 0xf3, 0x7d, 0xb4, 0xc0,
  0x1e, 0x37, 0xc3, 0x89, 0x6d, 0xaf, 0x32, 0x2f, 0x7b, 0x11, 0x79, 0xf5,
  0x0e, 0x10, 0xc3, 0x7d, 0xf3, 0x37, 0xc9, 0x01, 0x02, 0x00, 0xc3, 0x10,
  0x5c, 0xc3, 0xff, 0x43, 0xc3, 0xf5, 0x5a, 0xc3, 0x3f, 0x5e, 0xc3, 0x1f,
  0x44, 0xc3, 0x2f, 0x45, 0xc3, 0x04, 0x5c, 0xc3, 0x0a, 0x5c, 0xc3, 0x4d,
  0x48, 0xc3, 0x76, 0x48, 0xc3, 0x91, 0x45, 0xc3, 0xaf, 0x6b, 0xc3, 0xf0,
  0x50, 0xc3, 0x6b, 0x54, 0xc3, 0x52, 0x56, 0xc3, 0xa8, 0x45, 0xc3, 0x6c,
  0x45, 0xc3, 0xd0, 0x44, 0xc3, 0x52, 0x57, 0xc3, 0x59, 0x57, 0xc3, 0x5a,
  0x46, 0xc3, 0xc7, 0x46, 0xc3, 0xaa, 0x46, 0xc3, 0x63, 0x5c, 0xc3, 0x32,
  0x5d, 0xc9, 0xc9, 0xc9, 0xf3, 0x21, 0x20, 0xfb, 0xcb, 0x46, 0x20, 0x0f,
  0xcb, 0xc6, 0x21, 0xca, 0xff, 0x11, 0xcb, 0xff, 0x01, 0x1c, 0x00, 0x36,
  0xc9, 0xed, 0xb0, 0x11, 0x7c, 0x7e, 0x21, 0xca, 0xff, 0x01, 0x05, 0x00,
  0xed, 0xb0, 0x21, 0x7b, 0x5b, 0x11, 0xca, 0xff, 0xcd, 0xcc, 0x40, 0x3a,
  0x0e, 0x7b, 0x32, 0xcb, 0xff, 0xfb, 0xc9, 0xf7, 0x00, 0x80, 0x5b, 0xc9,
  0xfb, 0xf5, 0x7a, 0x3c, 0x28, 0x16, 0x3d, 0x20, 0x24, 0x7b, 0xb7, 0x28,
  0x04, 0xf1, 0xc3, 0x7c, 0x7e, 0x3e, 0x0a, 0xcd, 0xfa, 0x5b, 0xaf, 0xcd,
  0xfa, 0x5b, 0x18, 0xf1, 0x7b, 0xb7, 0x20, 0x0b, 0xcd, 0xed, 0x5b, 0xaf,
  0xcd, 0xfa, 0x5b, 0xaf, 0xcd, 0xfa, 0x5b, 0x18, 0xe0, 0xfe, 0x0a, 0x20,
  0xdc, 0x7b, 0xb7, 0x28, 0x0a, 0xfe, 0x01, 0x28, 0x0f, 0xfe, 0x02, 0x28,
  0x1a, 0x18, 0xce, 0xcd, 0xed, 0x5b, 0xaf, 0xcd, 0xfa, 0x5b, 0x18, 0xc5,
  0xf1, 0x3c, 0xe5, 0x21, 0xe4, 0x32, 0xcb, 0x4e, 0xe1, 0x20, 0x01, 0x3c,
  0xf5, 0x18, 0xb6, 0x3a, 0x0e, 0x7b, 0xcd, 0xfa, 0x5b, 0x3e, 0x3e, 0xcd,
  0xfa, 0x5b, 0x3e, 0x84, 0xcd, 0xfa, 0x5b, 0xaf, 0xcd, 0xfa, 0x5b, 0x18,
  0xa0, 0x3a, 0x0e, 0x7b, 0xcd, 0xfa, 0x5b, 0x3e, 0xf7, 0xcd, 0xfa, 0x5b,
  0x3e, 0x5a, 0xc5, 0x5f, 0x78, 0xcd, 0x14, 0x00, 0xfb, 0x23, 0xc1, 0xc9,
  0xcd, 0x16, 0x5c, 0xc3, 0x93, 0x49, 0xcd, 0x16, 0x5c, 0xc3, 0xaa, 0x49,
  0xcd, 0x16, 0x5c, 0xc3, 0x44, 0x4d, 0xdd, 0x2a, 0x5e, 0xf5, 0xfd, 0x2a,
  0x60, 0xf5, 0xc9, 0xcd, 0xdd, 0x6d, 0x28, 0x11, 0x5e, 0xf5, 0x06, 0x09,
  0x7e, 0xfe, 0x2c, 0x28, 0x1f, 0xc5, 0x3e, 0x09, 0x90, 0x12, 0x13, 0xd5,
  0x7e, 0xcd, 0xfe, 0x5c, 0x3e, 0x00, 0x38, 0x01, 0x2f, 0xe3, 0x77, 0x23,
  0x73, 0x23, 0x72, 0x23, 0xe3, 0xd1, 0xc1, 0x7e, 0xfe, 0x29, 0x28, 0x06,
  0xcd, 0xdd, 0x6d, 0x2c, 0x10, 0xd6, 0xcd, 0xdd, 0x6d, 0x29, 0xc2, 0x7b,
  0x6d, 0x3e, 0xff, 0x12, 0xcd, 0x63, 0x5c, 0xda, 0x7e, 0x6d, 0xc9, 0xe5,
  0x21, 0x5e, 0xf5, 0x7e, 0xfe, 0xff, 0x28, 0x2e, 0x23, 0xcd, 0xa6, 0x5c,
  0x7e, 0x23, 0xb7, 0x28, 0x0e, 0x4e, 0x23, 0x46, 0xe5, 0xcd, 0x5a, 0x4d,
  0x3e, 0x29, 0xcd, 0x9d, 0x5c, 0x18, 0x10, 0x4e, 0x79, 0xfe, 0x40, 0x3f,
  0xd8, 0x23, 0xe5, 0xcd, 0x5a, 0x4d, 0x3e, 0x27, 0xcd, 0x9d, 0x5c, 0xcd,
  0x66, 0x4d, 0xe1, 0x23, 0x18, 0xcd, 0xe1, 0xb7, 0xc9, 0xc5, 0xc7, 0x01,
  0x40, 0x00, 0xdd, 0x09, 0xc1, 0xc9, 0xdd, 0x21, 0x00, 0x30, 0xb7, 0xc8,
  0xc5, 0x01, 0x40, 0x00, 0xdd, 0x09, 0x3d, 0x20, 0xfb, 0xc1, 0xc9, 0xcd,
  0xdd, 0x6d, 0x28, 0xcd, 0xfe, 0x5c, 0x3f, 0x9f, 0x32, 0x5e, 0xf5, 0xed,
  0x53, 0x5f, 0xf5, 0xed, 0x43, 0x61, 0xf5, 0xcd, 0xdd, 0x6d, 0x2c, 0xcd,
  0xfe, 0x5c, 0x3f, 0x9f, 0x32, 0x63, 0xf5, 0xed, 0x53, 0x64, 0xf5, 0xed,
  0x43, 0x66, 0xf5, 0x20, 0x05, 0x7b, 0xfe, 0x20, 0x38, 0x31, 0xcd, 0xdd,
  0x6d, 0x29, 0xc2, 0x7b, 0x6d, 0xe5, 0x21, 0x5e, 0xf5, 0x3a, 0x63, 0xf5,
  0xa6, 0x20, 0x20, 0xcd, 0x32, 0x5d, 0x38, 0x1b, 0xe1, 0xc9, 0xfe, 0x40,
  0x28, 0x0c, 0xfe, 0xf3, 0x20, 0x14, 0xcd, 0xe4, 0x6d, 0x11, 0xff, 0x00,
  0x37, 0xc9, 0xcd, 0xe4, 0x6d, 0xcd, 0xf6, 0x6d, 0xfe, 0x40, 0xd8, 0xc3,
  0x7e, 0x6d, 0xcd, 0x28, 0x5d, 0x7b, 0xe6, 0xe0, 0xb2, 0x28, 0xf4, 0xd5,
  0x59, 0x50, 0xc1, 0xc9, 0xcd, 0x0f, 0x49, 0xeb, 0xb7, 0xed, 0x42, 0x23,
  0xeb, 0xc9, 0x3a, 0x63, 0xf5, 0x2a, 0x64, 0xf5, 0xb7, 0x20, 0x07, 0x7d,
  0x3c, 0x28, 0x56, 0xcd, 0xaa, 0x5d, 0xe5, 0x3a, 0x5e, 0xf5, 0x2a, 0x5f,
  0xf5, 0xb7, 0x20, 0x07, 0x7d, 0x3c, 0x28, 0x2c, 0xcd, 0xaa, 0x5d, 0xd1,
  0x01, 0x20, 0x00, 0xf3, 0xed, 0xb0, 0x21, 0x13, 0x7b, 0xcb, 0x4e, 0x28,
  0x18, 0x62, 0x6b, 0x11, 0x16, 0x00, 0xb7, 0xed, 0x52, 0x7e, 0xe6, 0x0e,
  0x77, 0x1e, 0x0a, 0x19, 0x3e, 0x90, 0x77, 0x1e, 0x08, 0x19, 0x3e, 0x80,
  0x77, 0xb7, 0xfb, 0xc9, 0xe1, 0x3a, 0x63, 0xf5, 0xb7, 0x37, 0xc8, 0x3a,
  0x67, 0xf5, 0xfe, 0x04, 0xd8, 0x2a, 0x82, 0x73, 0xed, 0x5b, 0x64, 0xf5,
  0x01, 0x00, 0x04, 0x18, 0xc2, 0x3a, 0x5e, 0xf5, 0xb7, 0x37, 0xc8, 0x3a,
  0x62, 0xf5, 0xfe, 0x04, 0xd8, 0x2a, 0x5f, 0xf5, 0xed, 0x5b, 0x82, 0x73,
  0x18, 0xe6, 0x7d, 0xfe, 0x20, 0x2a, 0x80, 0x73, 0x38, 0x09, 0x2a, 0x82,
  0x73, 0x11, 0x00, 0x40, 0x19, 0xd6, 0x20, 0xeb, 0x87, 0x87, 0x87, 0x26,
  0x00, 0x6f, 0x29, 0x29, 0x19, 0xc9, 0xcd, 0xdd, 0x6d, 0x28, 0xcd, 0xfe,
  0x5c, 0x3f, 0x9f, 0xd5, 0xf5, 0xd5, 0xf5, 0x7e, 0xfe, 0x29, 0x28, 0x0d,
  0xf1, 0xd1, 0xcd, 0xdd, 0x6d, 0x2c, 0xcd, 0xfe, 0x5c, 0x3f, 0x9f, 0xd5,
  0xf5, 0xcd, 0xdd, 0x6d, 0x29, 0xc2, 0x7b, 0x6d, 0xf1, 0xd1, 0xc1, 0xe3,
  0xcd, 0xf8, 0x5d, 0xda, 0x7e, 0x6d, 0xe1, 0xc9, 0xf5, 0xd5, 0xc5, 0xe5,
  0xc1, 0xf1, 0xfd, 0x21, 0x80, 0x32, 0xcd, 0x0d, 0x5e, 0x38, 0x1a, 0xc1,
  0xf1, 0xfd, 0x21, 0xc0, 0x32, 0xf3, 0xb7, 0x3e, 0x38, 0x20, 0x0b, 0x78,
  0xb7, 0x37, 0xc0, 0x79, 0xfe, 0x40, 0x3f, 0xd8, 0x3e, 0x36, 0xc3, 0x41,
  0x4d, 0xc1, 0xf1, 0x37, 0xc9, 0xcd, 0x0f, 0x43, 0x3a, 0x22, 0x7b, 0xbb,
  0xda, 0x7e, 0x6d, 0x7b, 0xe5, 0xcd, 0x3f, 0x5e, 0xe3, 0xcd, 0x05, 0x4f,
  0xcd, 0xd1, 0x6d, 0xe3, 0xc3, 0x1b, 0x4a, 0x2a, 0x26, 0x7b, 0xb7, 0x20,
  0x0b, 0x7c, 0xe6, 0x1f, 0xb5, 0x28, 0x02, 0x3e, 0xff, 0x6f, 0x67, 0xc9,
  0xcb, 0x3c, 0xcb, 0x1d, 0x3d, 0x20, 0xf9, 0x9f, 0x18, 0xf3, 0x3a, 0x0e,
  0x7b, 0xf5, 0xc5, 0xd5, 0xe5, 0x3a, 0xc1, 0xfc, 0x26, 0x40, 0xcd, 0x24,
  0x00, 0xe1, 0xd1, 0xc1, 0xcd, 0x8a, 0x2f, 0xf1, 0xf5, 0xc5, 0xd5, 0xe5,
  0x26, 0x40, 0xcd, 0x24, 0x00, 0xc3, 0x96, 0x4e, 0xcd, 0x6e, 0x41, 0xcd,
  0xb3, 0x5e, 0xe5, 0x3a, 0x0e, 0x7b, 0xf3, 0x87, 0x21, 0x08, 0x00, 0x30,
  0x02, 0x2e, 0x10, 0x39, 0xe5, 0x5e, 0x23, 0x56, 0x21, 0xe8, 0x73, 0xb7,
  0xed, 0x52, 0xc2, 0x72, 0x6d, 0xe1, 0x2b, 0x54, 0x5d, 0x13, 0x13, 0x3a,
  0x0e, 0x7b, 0x87, 0x01, 0x08, 0x00, 0x30, 0x02, 0x0e, 0x10, 0xed, 0xb8,
  0xe1, 0xe1, 0xc9, 0xfe, 0x23, 0x20, 0x1b, 0xcd, 0xe4, 0x6d, 0xcd, 0xf6,
  0x6d, 0xf5, 0xcd, 0x05, 0x4f, 0xf1, 0xb7, 0x28, 0x0d, 0x3d, 0x28, 0x07,
  0xd6, 0x03, 0x38, 0x39, 0xc3, 0x7e, 0x6d, 0x3c, 0x18, 0x34, 0xaf, 0x32,
  0x0f, 0x7b, 0xe5, 0x3a, 0x23, 0x7b, 0xb7, 0x28, 0x1e, 0x47, 0xc5, 0x78,
  0x3d, 0xcd, 0x07, 0x6e, 0x11, 0xe8, 0x40, 0x36, 0x01, 0x23, 0x73, 0x23,
  0x72, 0x23, 0x54, 0x5d, 0x01, 0x1c, 0x00, 0x09, 0xeb, 0x73, 0x23, 0x72,
  0xc1, 0x10, 0xe3, 0xe1, 0xaf, 0x32, 0x35, 0xfb, 0x3a, 0x23, 0x7b, 0x18,
  0x08, 0xaf, 0x32, 0x0f, 0x7b, 0xaf, 0x32, 0x35, 0xfb, 0xe5, 0x21, 0xf6,
  0xff, 0x39, 0x22, 0x36, 0xfb, 0xe1, 0xf5, 0xe5, 0x21, 0x5a, 0x5e, 0x11,
  0xde, 0xf5, 0x01, 0x22, 0x00, 0xed, 0xb0, 0xe1, 0xcd, 0xea, 0x6d, 0xe3,
  0xe5, 0xcd, 0xfc, 0x6d, 0xcd, 0x55, 0x6e, 0x7b, 0xb7, 0x20, 0x07, 0x1e,
  0x01, 0x01, 0xe8, 0x40, 0x51, 0x48, 0xf1, 0xf5, 0xcd, 0xba, 0x65, 0xaf,
  0xdd, 0x77, 0x00, 0xf1, 0xf5, 0xcd, 0x07, 0x6e, 0x73, 0x23, 0x72, 0x23,
  0x71, 0x23, 0x54, 0x5d, 0x01, 0x1c, 0x00, 0x09, 0xeb, 0x73, 0x23, 0x72,
  0xc1, 0xe1, 0x04, 0x3a, 0x22, 0x7b, 0x3d, 0xb8, 0x38, 0x1b, 0x2b, 0xcd,
  0xe4, 0x6d, 0x28, 0x06, 0xc5, 0xcd, 0x05, 0x4f, 0x18, 0xa9, 0x78, 0x32,
  0x38, 0xfb, 0xcd, 0x7d, 0x60, 0x04, 0x3a, 0x22, 0x7b, 0x3d, 0xb8, 0x30,
  0xf1, 0x2b, 0xcd, 0xe4, 0x6d, 0xc2, 0x7b, 0x6d, 0xe5, 0xaf, 0xf5, 0x32,
  0x38, 0xfb, 0x4f, 0x3a, 0x22, 0x7b, 0x91, 0xd6, 0x04, 0x21, 0xb4, 0x60,
  0x38, 0x0e, 0x21, 0x3e, 0x63, 0x20, 0x09, 0x3a, 0x1f, 0x7b, 0x0f, 0x30,
  0x03, 0x21, 0x5d, 0x66, 0x22, 0x56, 0xf9, 0x79, 0x47, 0xcd, 0xa7, 0x60,
  0xda, 0x3f, 0x60, 0x78, 0xcd, 0x07, 0x6e, 0x7e, 0xb7, 0xca, 0x3f, 0x60,
  0x32, 0x3b, 0xfb, 0x23, 0x5e, 0x23, 0x56, 0x23, 0xed, 0x53, 0x3c, 0xfb,
  0x5e, 0x23, 0x56, 0x23, 0xe5, 0x2e, 0x24, 0xcd, 0x0b, 0x6e, 0xe5, 0x2a,
  0x36, 0xfb, 0x2b, 0xc1, 0xf3, 0xcd, 0x48, 0x6e, 0xd1, 0x60, 0x69, 0xf9,
  0xfb, 0x3a, 0x38, 0xfb, 0xb7, 0x20, 0x11, 0x3a, 0x0f, 0x7b, 0x21, 0x10,
  0x7b, 0xbe, 0x28, 0x08, 0x77, 0x3e, 0x88, 0xb6, 0x5f, 0xcd, 0x97, 0x60,
  0xc3, 0xf0, 0x6b, 0x3a, 0x3b, 0xfb, 0xb7, 0x20, 0x03, 0xcd, 0x7d, 0x60,
  0x3a, 0x38, 0xfb, 0xcd, 0x07, 0x6e, 0x3a, 0x3b, 0xfb, 0x77, 0x23, 0xed,
  0x5b, 0x3c, 0xfb, 0x73, 0x23, 0x72, 0x21, 0x00, 0x00, 0x39, 0xeb, 0x2a,
  0x36, 0xfb, 0xf3, 0xf9, 0xc1, 0xc1, 0xc1, 0xe5, 0xb7, 0xed, 0x52, 0x28,
  0x18, 0x3e, 0xf0, 0xa5, 0xb4, 0xc2, 0x7e, 0x6d, 0x2e, 0x24, 0xcd, 0x0b,
  0x6e, 0xc1, 0x0b, 0xcd, 0x48, 0x6e, 0xe1, 0x2b, 0x70, 0x2b, 0x71, 0x18,
  0x02, 0xc1, 0xc1, 0xfb, 0xf1, 0x3c, 0x21, 0x22, 0x7b, 0xbe, 0xda, 0x86,
  0x5f, 0xf3, 0xcd, 0x50, 0x6a, 0x28, 0x28, 0x3a, 0x35, 0xfb, 0x07, 0x38,
  0x0b, 0x21, 0x28, 0x7b, 0x34, 0x7e, 0x32, 0x40, 0xfb, 0xcd, 0x5e, 0x6e,
  0xfb, 0x21, 0x35, 0xfb, 0xcb, 0xfe, 0x7e, 0x21, 0x24, 0x7b, 0xbe, 0xc2,
  0x85, 0x5f, 0x3a, 0x29, 0x7b, 0xb7, 0xc4, 0x3c, 0x6a, 0x30, 0x04, 0xcd,
  0xaf, 0x6b, 0xfb, 0xe1, 0xc9, 0x3a, 0x35, 0xfb, 0x3c, 0x32, 0x35, 0xfb,
  0x1e, 0xff, 0xe5, 0xc5, 0xd5, 0x3a, 0x38, 0xfb, 0xf3, 0xcd, 0xf8, 0x6c,
  0xfb, 0xd1, 0x28, 0xf4, 0xc1, 0xe1, 0xc9, 0xe5, 0xc5, 0xd5, 0x3a, 0x38,
  0xfb, 0xf3, 0xcd, 0xf8, 0x6c, 0xd1, 0x20, 0xf0, 0xfb, 0x18, 0xf2, 0x3a,
  0x38, 0xfb, 0xc5, 0xf3, 0xcd, 0x40, 0x6d, 0xfb, 0xc1, 0xfe, 0x08, 0xc9,
  0x41, 0xee, 0x61, 0xcd, 0x26, 0x61, 0xd6, 0x0f, 0x61, 0xd3, 0x48, 0x61,
  0xce, 0xac, 0x61, 0xcf, 0x78, 0x61, 0xd2, 0x87, 0x61, 0xd4, 0x6b, 0x61,
  0xcc, 0x52, 0x61, 0x58, 0xde, 0x6c, 0x3e, 0x6d, 0x64, 0x3c, 0x7a, 0x64,
  0xd9, 0xd2, 0x62, 0xd1, 0xe8, 0x62, 0x40, 0xf7, 0x62, 0x26, 0xd1, 0x62,
  0xda, 0xf3, 0x62, 0x00, 0x10, 0x12, 0x14, 0x16, 0x00, 0x00, 0x02, 0x04,
  0x06, 0x08, 0x0a, 0x0a, 0x0c, 0x0e, 0x10, 0x5d, 0x0d, 0x9c, 0x0c, 0xe7,
  0x0b, 0x3c, 0x0b, 0x9b, 0x0a, 0x02, 0x0a, 0x73, 0x09, 0xeb, 0x08, 0x6b,
  0x08, 0xf2, 0x07, 0x80, 0x07, 0x14, 0x07, 0x38, 0x02, 0x1e, 0x08, 0x3e,
  0x0f, 0xbb, 0x38, 0x50, 0xcd, 0x0f, 0x63, 0x2e, 0x12, 0xcd, 0x0b, 0x6e,
  0x3e, 0x40, 0xa6, 0xb3, 0x77, 0xc9, 0x7b, 0x38, 0x03, 0x2f, 0x3c, 0x5f,
  0xb2, 0x28, 0x39, 0x2e, 0x13, 0xcd, 0x0b, 0x6e, 0xe5, 0x7e, 0x23, 0x66,
  0x6f, 0xcd, 0xdc, 0x6e, 0xe1, 0xc8, 0x73, 0x23, 0x72, 0x2b, 0x2b, 0x3e,
  0x40, 0xb6, 0x77, 0xc9, 0x7b, 0xfe, 0x10, 0x30, 0x1b, 0xf6, 0x10, 0x5f,
  0x18, 0xc6, 0x38, 0x02, 0x1e, 0x04, 0x7b, 0xfe, 0x41, 0x30, 0x0d, 0x2e,
  0x10, 0xcd, 0x0b, 0x6e, 0xcd, 0x0f, 0x63, 0xb3, 0x28, 0x02, 0x77, 0xc9,
  0xc3, 0x7e, 0x6d, 0x38, 0x02, 0x1e, 0x78, 0x7b, 0xfe, 0x20, 0x38, 0xf4,
  0x2e, 0x11, 0x18, 0xe5, 0x38, 0x02, 0x1e, 0x04, 0x7b, 0xfe, 0x09, 0x30,
  0xe7, 0x2e, 0x0f, 0x18, 0xd8, 0xaf, 0x57, 0x38, 0x02, 0x1e, 0x04, 0xaf,
  0xb2, 0x20, 0xd9, 0xb3, 0x28, 0xd6, 0xfe, 0x41, 0x30, 0xd2, 0x21, 0x00,
  0x00, 0xe5, 0x2e, 0x10, 0xcd, 0x0b, 0x6e, 0xe5, 0x23, 0x23, 0x7e, 0x32,
  0x39, 0xfb, 0x36, 0x80, 0x2b, 0x2b, 0x18, 0x7b, 0x30, 0xba, 0xcd, 0x0f,
  0x63, 0xb3, 0x28, 0xe2, 0xfe, 0x61, 0x30, 0xb0, 0x7b, 0x06, 0x00, 0x58,
  0xd6, 0x0c, 0x1c, 0x30, 0xfb, 0xc6, 0x0c, 0x87, 0x4f, 0x18, 0x37, 0x41,
  0x79, 0xd6, 0x40, 0x87, 0x4f, 0xcd, 0x42, 0x6c, 0x28, 0x1a, 0xfe, 0x23,
  0xc8, 0xfe, 0x2b, 0xc8, 0xfe, 0x2d, 0x28, 0x05, 0xcd, 0x68, 0x6c, 0x18,
  0x0b, 0x0d, 0x78, 0xfe, 0x43, 0x28, 0x04, 0xfe, 0x46, 0x20, 0x01, 0x0d,
  0x0d, 0xc9, 0xcd, 0xc7, 0x61, 0x2e, 0x0f, 0xcd, 0x0b, 0x6e, 0x5e, 0x06,
  0x00, 0x21, 0xe8, 0x60, 0x09, 0x4e, 0x21, 0xf7, 0x60, 0x09, 0x7b, 0x5e,
  0x23, 0x56, 0x3d, 0x28, 0x09, 0xcb, 0x3a, 0xcb, 0x1b, 0x18, 0xf7, 0xcd,
  0x7e, 0x6d, 0x8b, 0x5f, 0x8a, 0x93, 0x57, 0xd5, 0x2e, 0x10, 0xcd, 0x0b,
  0x6e, 0x4e, 0xe5, 0xcd, 0x42, 0x6c, 0x28, 0x0f, 0xcd, 0x79, 0x6c, 0x3e,
  0x40, 0xbb, 0x38, 0xe3, 0xcd, 0x0f, 0x63, 0xb3, 0x28, 0x01, 0x4b, 0xe1,
  0x23, 0xe5, 0xcd, 0x6e, 0x65, 0xeb, 0x01, 0xf7, 0xff, 0xe1, 0xe5, 0x09,
  0x72, 0x23, 0x73, 0x23, 0x0e, 0x02, 0xe3, 0x23, 0x5e, 0x7b, 0xe6, 0xbf,
  0x77, 0xe3, 0x3e, 0x80, 0xb3, 0x77, 0x23, 0x0c, 0xe3, 0x7b, 0xe6, 0x40,
  0x28, 0x0c, 0x23, 0x5e, 0x23, 0x56, 0xe1, 0x72, 0x23, 0x73, 0x23, 0x0c,
  0x0c, 0xfe, 0xe1, 0xd1, 0x7a, 0xb3, 0x28, 0x05, 0x72, 0x23, 0x73, 0x0c,
  0x0c, 0x2e, 0x07, 0xcd, 0x0b, 0x6e, 0x71, 0x79, 0xd6, 0x02, 0x0f, 0x0f,
  0x0f, 0x23, 0xb6, 0x77, 0x2b, 0x7a, 0xb3, 0x20, 0x0c, 0xe5, 0x3a, 0x39,
  0xfb, 0xf6, 0x80, 0x01, 0x0b, 0x00, 0x09, 0x77, 0xe1, 0xd1, 0x46, 0x23,
  0x5e, 0x23, 0xcd, 0x86, 0x60, 0x10, 0xf9, 0xcd, 0xa7, 0x60, 0xda, 0xf7,
  0x5f, 0xc3, 0xf0, 0x6b, 0x44, 0x4d, 0xaf, 0x67, 0x6f, 0xe5, 0xed, 0x42,
  0xeb, 0x29, 0x7c, 0x4d, 0xe1, 0x06, 0x10, 0xed, 0x6a, 0x19, 0x38, 0x02,
  0xed, 0x52, 0xcb, 0x11, 0x17, 0x10, 0xf4, 0x57, 0x59, 0xc9, 0x1e, 0x08,
  0x21, 0x00, 0x00, 0x29, 0x17, 0x30, 0x03, 0x09, 0xce, 0x00, 0x1d, 0x20,
  0xf6, 0xc9, 0x30, 0x3e, 0x7b, 0xfe, 0xc9, 0x30, 0x39, 0xcd, 0x0f, 0x63,
  0xcd, 0x42, 0x6c, 0xfe, 0x2c, 0x20, 0x2f, 0xcd, 0x76, 0x6c, 0x18, 0x27,
  0x38, 0x02, 0x1e, 0x08, 0x7b, 0xfe, 0x09, 0x30, 0x21, 0x18, 0x1c, 0x30,
  0x1d, 0x18, 0x18, 0xcd, 0x3c, 0x6c, 0xfe, 0x56, 0x28, 0x17, 0xfe, 0x57,
  0x28, 0x26, 0xcd, 0xd7, 0x63, 0x38, 0x0b, 0xcd, 0x79, 0x6c, 0x7b, 0xfe,
  0x40, 0x30, 0x03, 0x7a, 0xb7, 0xc8, 0xc3, 0x7e, 0x6d, 0xcd, 0x42, 0x6c,
  0xc8, 0xcd, 0xd7, 0x63, 0x38, 0xf4, 0xcd, 0x79, 0x6c, 0x7b, 0xfe, 0x80,
  0x30, 0xec, 0x18, 0xe7, 0xcd, 0x42, 0x6c, 0x28, 0x0e, 0xcd, 0xd7, 0x63,
  0x38, 0x06, 0xcd, 0x79, 0x6c, 0xc3, 0x8b, 0x61, 0xcd, 0x68, 0x6c, 0xc3,
  0x85, 0x61, 0x41, 0xaf, 0x64, 0x26, 0xc9, 0x65, 0x7b, 0xd2, 0x65, 0xfd,
  0x51, 0x66, 0xd9, 0xe7, 0x63, 0xcc, 0x52, 0x61, 0xd1, 0x5f, 0x64, 0xd6,
  0x26, 0x64, 0xcf, 0x78, 0x61, 0x3e, 0x6d, 0x64, 0x3c, 0x7a, 0x64, 0xda,
  0x1c, 0x64, 0x58, 0xde, 0x6c, 0xd2, 0x85, 0x64, 0xce, 0xa2, 0x64, 0xd4,
  0x6b, 0x61, 0x40, 0x78, 0x63, 0xcd, 0x50, 0x64, 0xd3, 0x57, 0x64, 0x00,
  0xcd, 0x3c, 0x6c, 0xfe, 0x56, 0x28, 0x2c, 0xfe, 0x57, 0x28, 0x48, 0xcd,
  0xd7, 0x63, 0x38, 0x4c, 0xcd, 0x79, 0x6c, 0xcd, 0x0f, 0x63, 0x7b, 0xfe,
  0x40, 0x30, 0x41, 0x4f, 0x3a, 0x38, 0xfb, 0xcd, 0x5a, 0x68, 0x30, 0x05,
  0x79, 0xfe, 0x10, 0x30, 0x33, 0x1e, 0x84, 0xcd, 0x97, 0x60, 0x59, 0xc1,
  0xc3, 0x39, 0x65, 0xcd, 0x3c, 0x6c, 0xcd, 0xd7, 0x63, 0x38, 0x21, 0xcd,
  0x79, 0x6c, 0x3e, 0x7f, 0x93, 0xfa, 0xd4, 0x63, 0x1f, 0x4f, 0xcd, 0x0f,
  0x63, 0x1e, 0x85, 0xcd, 0x97, 0x60, 0x59, 0xc1, 0xc3, 0x39, 0x65, 0xd1,
  0xcd, 0x45, 0x65, 0x1e, 0x83, 0xc3, 0x24, 0x65, 0xc3, 0x7e, 0x6d, 0xfe,
  0x2b, 0xc8, 0xfe, 0x2d, 0xc8, 0xfe, 0x3d, 0xc8, 0xfe, 0x30, 0xd8, 0xfe,
  0x3a, 0x3f, 0xc9, 0x30, 0x30, 0x7b, 0xfe, 0xc9, 0x30, 0x2b, 0xcd, 0x0f,
  0x63, 0xd5, 0xcd, 0x3c, 0x6c, 0xfe, 0x2c, 0x20, 0x20, 0xcd, 0x76, 0x6c,
  0xcd, 0x0f, 0x63, 0xd5, 0x1e, 0x82, 0x21, 0x13, 0x7b, 0xcb, 0x4e, 0x28,
  0x02, 0x1e, 0x8b, 0xcd, 0x97, 0x60, 0xe1, 0xe3, 0x5d, 0xcd, 0x97, 0x60,
  0xd1, 0xc1, 0xc3, 0x39, 0x65, 0xc3, 0x7e, 0x6d, 0x30, 0xfb, 0xcd, 0x0f,
  0x63, 0x4b, 0x1e, 0x8a, 0x18, 0x0f, 0x38, 0x02, 0x1e, 0x08, 0xcd, 0x0f,
  0x63, 0x7b, 0xfe, 0x10, 0x30, 0x22, 0x4f, 0x1e, 0x81, 0xcd, 0x97, 0x60,
  0x59, 0xc1, 0xc3, 0x39, 0x65, 0x38, 0x02, 0x1e, 0x08, 0xcd, 0x0f, 0x63,
  0x7b, 0xfe, 0x10, 0x30, 0x0b, 0x3e, 0x0f, 0x93, 0x87, 0x5f, 0x18, 0xe2,
  0xd0, 0x7b, 0xb2, 0xc0, 0xc3, 0x7e, 0x6d, 0x7b, 0xfe, 0x10, 0x30, 0xf8,
  0xc3, 0x0f, 0x63, 0x38, 0x02, 0x1e, 0x08, 0x7b, 0xfe, 0x09, 0x30, 0xec,
  0x2e, 0x26, 0xc3, 0x5d, 0x61, 0x2e, 0x0f, 0xcd, 0x0b, 0x6e, 0x7e, 0x3c,
  0xfe, 0x09, 0x30, 0xdc, 0x77, 0xc9, 0x2e, 0x0f, 0xcd, 0x0b, 0x6e, 0x7e,
  0x3d, 0x28, 0xd1, 0x77, 0xc9, 0x38, 0x02, 0x1e, 0x04, 0xcd, 0x0f, 0x63,
  0xb3, 0x28, 0xc5, 0xfe, 0x41, 0x30, 0xc1, 0xaf, 0xf5, 0x21, 0xcf, 0x64,
  0xe5, 0x2e, 0x10, 0xcd, 0x0b, 0x6e, 0xe5, 0xc3, 0x60, 0x65, 0x30, 0xb0,
  0xcd, 0x0f, 0x63, 0x7b, 0xfe, 0x61, 0x38, 0x1d, 0xc3, 0x7e, 0x6d, 0xcd,
  0xc7, 0x61, 0x2e, 0x0f, 0xcd, 0x0b, 0x6e, 0x16, 0x0c, 0x46, 0x3e, 0xf4,
  0x82, 0x10, 0xfd, 0x57, 0x06, 0x00, 0x21, 0xe8, 0x60, 0x09, 0x7e, 0x0f,
  0x82, 0xc6, 0x0c, 0xf5, 0xcd, 0x45, 0x65, 0xe5, 0xcd, 0x42, 0x6c, 0x28,
  0x09, 0xfe, 0x26, 0xf5, 0xcd, 0x68, 0x6c, 0xf1, 0x28, 0x42, 0x2e, 0x26,
  0xcd, 0x0b, 0x6e, 0x7e, 0xfe, 0x08, 0x28, 0x38, 0xd1, 0xd5, 0x47, 0x21,
  0x00, 0x00, 0x19, 0x10, 0xfd, 0xcb, 0x3c, 0xcb, 0x1d, 0xcb, 0x3c, 0xcb,
  0x1d, 0xcb, 0x3c, 0xcb, 0x1d, 0xd1, 0xeb, 0xb7, 0xed, 0x52, 0xeb, 0x28,
  0x1c, 0xf1, 0xc1, 0xd5, 0x5f, 0xcd, 0x97, 0x60, 0x5d, 0xcd, 0x97, 0x60,
  0x5c, 0xcd, 0x97, 0x60, 0x1e, 0x00, 0xcd, 0x97, 0x60, 0xd1, 0xcd, 0x97,
  0x60, 0x5a, 0x18, 0x0c, 0xe1, 0xf1, 0xd1, 0x5f, 0xcd, 0x97, 0x60, 0x5d,
  0xcd, 0x97, 0x60, 0x5c, 0xcd, 0x97, 0x60, 0xcd, 0xa7, 0x60, 0xfb, 0xda,
  0xf7, 0x5f, 0xc3, 0xf0, 0x6b, 0xcd, 0x97, 0x60, 0xcd, 0xa7, 0x60, 0xda,
  0xf7, 0x5f, 0xc3, 0xf0, 0x6b, 0x2e, 0x09, 0xcd, 0x0b, 0x6e, 0x4e, 0x79,
  0xb7, 0xf5, 0x2e, 0x10, 0xcd, 0x0b, 0x6e, 0xf1, 0x20, 0x01, 0x4e, 0xe5,
  0xcd, 0x42, 0x6c, 0x28, 0x0f, 0xcd, 0x79, 0x6c, 0x3e, 0x40, 0xbb, 0x38,
  0x6a, 0xcd, 0x0f, 0x63, 0xb3, 0x28, 0x01, 0x4b, 0xe1, 0x23, 0x7e, 0x06,
  0x00, 0xcd, 0xc2, 0x62, 0xe5, 0x11, 0x80, 0x70, 0xcd, 0xa4, 0x62, 0xeb,
  0xe3, 0x06, 0x05, 0xcb, 0x3c, 0xcb, 0x1d, 0x10, 0xfa, 0xcd, 0xa4, 0x62,
  0xcd, 0xba, 0x65, 0xdd, 0x6e, 0x00, 0x26, 0x00, 0x19, 0xdd, 0x75, 0x00,
  0x11, 0xe0, 0xff, 0x19, 0x30, 0x06, 0xdd, 0x75, 0x00, 0xe1, 0x23, 0xe5,
  0xd1, 0x62, 0x6b, 0xcd, 0x42, 0x6c, 0xc8, 0xfe, 0x2e, 0xc2, 0x68, 0x6c,
  0xcb, 0x3a, 0xcb, 0x1b, 0xed, 0x5a, 0x3e, 0xe0, 0xa4, 0x28, 0xec, 0xac,
  0x67, 0xc9, 0xc5, 0x3a, 0x38, 0xfb, 0x4f, 0x06, 0x00, 0xdd, 0x21, 0xc6,
  0x7f, 0xdd, 0x09, 0xc1, 0xc9, 0x1e, 0x87, 0xc1, 0xc3, 0x39, 0x65, 0xc3,
  0x7e, 0x6d, 0x2e, 0x09, 0xcd, 0x0b, 0x6e, 0x7e, 0x20, 0xf5, 0x0e, 0x00,
  0x2a, 0x3c, 0xfb, 0xe5, 0x3a, 0x3b, 0xfb, 0xf5, 0xcd, 0x3c, 0x6c, 0xfe,
  0x4e, 0x28, 0x0c, 0xfe, 0x52, 0x28, 0x08, 0xfe, 0x41, 0x38, 0x07, 0xfe,
  0x48, 0x30, 0x03, 0x0c, 0x18, 0xea, 0xfe, 0x7d, 0x28, 0x12, 0xfe, 0x7b,
  0x28, 0xcd, 0xfe, 0x3d, 0x20, 0xde, 0xcd, 0x3c, 0x6c, 0xcd, 0xc6, 0x6e,
  0x38, 0xf8, 0x18, 0xd7, 0x2e, 0x10, 0xcd, 0x0b, 0x6e, 0x5e, 0x16, 0x00,
  0xcd, 0x42, 0x6c, 0x28, 0x0d, 0xcd, 0x68, 0x6c, 0xcd, 0xd7, 0x63, 0x38,
  0x05, 0xc5, 0xcd, 0x76, 0x6c, 0xc1, 0x3e, 0x40, 0xbb, 0x38, 0xa0, 0xcd,
  0x0f, 0x63, 0x79, 0x42, 0x4b, 0xcd, 0xc2, 0x62, 0xb4, 0x20, 0x94, 0x7d,
  0xfe, 0x41, 0x30, 0x8f, 0xf5, 0x2e, 0x09, 0xcd, 0x0b, 0x6e, 0xf1, 0x77,
  0xf1, 0x32, 0x3b, 0xfb, 0xe1, 0x22, 0x3c, 0xfb, 0xc9, 0x2e, 0x09, 0xcd,
  0x0b, 0x6e, 0x7e, 0xb7, 0x28, 0x2f, 0x36, 0x00, 0xc9, 0x42, 0x8c, 0x66,
  0x53, 0x8c, 0x66, 0x4d, 0x8c, 0x66, 0x43, 0x8c, 0x66, 0x48, 0x8c, 0x66,
  0xd2, 0x85, 0x64, 0x40, 0xe5, 0x66, 0xd4, 0x6b, 0x61, 0xd9, 0xe7, 0x63,
  0xd6, 0x3d, 0x64, 0x58, 0xde, 0x6c, 0x00, 0x42, 0x53, 0x4d, 0x43, 0x48,
  0x10, 0x08, 0x04, 0x02, 0x01, 0xc3, 0x7e, 0x6d, 0x01, 0x00, 0x00, 0xcd,
  0x68, 0x6c, 0xcd, 0x3c, 0x6c, 0xcd, 0xd7, 0x63, 0x30, 0x24, 0xc5, 0x21,
  0x7f, 0x66, 0x01, 0x05, 0x00, 0xed, 0xb1, 0x20, 0xe4, 0x0e, 0x04, 0x09,
  0x56, 0xc1, 0xcd, 0x3c, 0x6c, 0xfe, 0x21, 0xf5, 0xc4, 0x68, 0x6c, 0xf1,
  0x20, 0x03, 0x7a, 0xb0, 0x47, 0x7a, 0xb1, 0x4f, 0x18, 0xd4, 0x0c, 0x0d,
  0x28, 0xc7, 0x3e, 0xc0, 0xb1, 0xf5, 0xc5, 0x21, 0xda, 0x66, 0xe5, 0x2e,
  0x10, 0xcd, 0x0b, 0x6e, 0xe5, 0xcd, 0x68, 0x6c, 0xcd, 0x76, 0x6c, 0xc3,
  0x60, 0x65, 0xc1, 0xf1, 0xd1, 0x5f, 0xcd, 0x97, 0x60, 0x58, 0xc3, 0x24,
  0x65, 0xcd, 0x3c, 0x6c, 0xfe, 0x56, 0xca, 0xab, 0x63, 0xfe, 0x41, 0x20,
  0x98, 0xcd, 0x3c, 0x6c, 0xcd, 0xd7, 0x63, 0x38, 0x1a, 0xcd, 0x79, 0x6c,
  0xcd, 0x0f, 0x63, 0x7b, 0xfe, 0x10, 0x30, 0x0f, 0x3e, 0x0f, 0x93, 0x87,
  0x4f, 0x1e, 0x86, 0xcd, 0x97, 0x60, 0x59, 0xc1, 0xc3, 0x39, 0x65, 0xc3,
  0x7e, 0x6d, 0xf5, 0xf3, 0x21, 0x30, 0x7b, 0x3a, 0x14, 0x7b, 0xb7, 0x20,
  0x12, 0x2f, 0x32, 0x14, 0x7b, 0xe5, 0xcd, 0x36, 0x67, 0xe1, 0xf3, 0xaf,
  0x32, 0x14, 0x7b, 0x35, 0xf2, 0x21, 0x67, 0x34, 0xf1, 0xc9, 0x3a, 0x3f,
  0xfb, 0xb7, 0x28, 0x0a, 0xcd, 0x50, 0x6a, 0x20, 0x12, 0x3a, 0x3f, 0xfb,
  0xe6, 0x7f, 0x2a, 0x26, 0x7b, 0xb5, 0xb4, 0x21, 0x28, 0x7b, 0xb6, 0xc8,
  0xc3, 0xaf, 0x6b, 0xed, 0x4b, 0x26, 0x7b, 0x78, 0xb1, 0x28, 0x2a, 0x2a,
  0x98, 0x7f, 0xe5, 0xcd, 0x5a, 0x4d, 0x2a, 0x98, 0x7f, 0xe5, 0xaf, 0xcb,
  0x38, 0xcb, 0x19, 0xf5, 0xc5, 0xdc, 0x86, 0x67, 0xc1, 0xf1, 0x3c, 0x21,
  0x22, 0x7b, 0xbe, 0x38, 0xee, 0xf3, 0xe1, 0x22, 0x98, 0x7f, 0xcd, 0x66,
  0x4d, 0xe1, 0x22, 0x98, 0x7f, 0xc9, 0x32, 0x31, 0x7b, 0xf3, 0x2e, 0x00,
  0xcd, 0x0e, 0x6e, 0x5e, 0x23, 0x56, 0x7a, 0xb3, 0x28, 0x08, 0x1b, 0x72,
  0x2b, 0x73, 0x7a, 0xb3, 0xc0, 0x23, 0x3a, 0x23, 0x7b, 0x47, 0x3a, 0x31,
  0x7b, 0xb8, 0xd2, 0x70, 0x2f, 0xcd, 0x27, 0x6a, 0xc8, 0x3c, 0xca, 0xa8,
  0x68, 0x3d, 0xfa, 0xd2, 0x68, 0xe5, 0xf5, 0x2e, 0x0d, 0xcd, 0x35, 0x6a,
  0xf1, 0x77, 0xe1, 0x57, 0xcd, 0x27, 0x6a, 0x4f, 0xcd, 0x27, 0x6a, 0x77,
  0x2b, 0x71, 0x7a, 0xb7, 0x28, 0x60, 0xcd, 0x28, 0x68, 0xcd, 0x89, 0x68,
  0x2e, 0x12, 0xcd, 0x35, 0x6a, 0x4e, 0x1e, 0x00, 0xcd, 0x73, 0x4a, 0xcd,
  0xf9, 0x67, 0xc2, 0x5c, 0x6a, 0xcd, 0x57, 0x68, 0x38, 0x38, 0xc5, 0xd5,
  0xcd, 0xca, 0x0b, 0x01, 0x40, 0x00, 0xdd, 0x09, 0xd1, 0xc1, 0x10, 0xf2,
  0xc9, 0xe5, 0x21, 0x11, 0x7b, 0xcb, 0x46, 0xe1, 0xc9, 0xcd, 0x27, 0x6a,
  0xc8, 0xb7, 0xfa, 0xad, 0x67, 0x28, 0xa2, 0xe5, 0xf5, 0x2e, 0x0d, 0xcd,
  0x35, 0x6a, 0xf1, 0xbe, 0xe1, 0x20, 0x96, 0xcd, 0x27, 0x6a, 0x4f, 0xcd,
  0x27, 0x6a, 0x77, 0x2b, 0x71, 0xc9, 0x3a, 0x12, 0x7b, 0xc3, 0xa8, 0x4b,
  0xd5, 0xcd, 0x2e, 0x68, 0xd1, 0xc9, 0xcd, 0x57, 0x68, 0x30, 0x0a, 0xc0,
  0xcd, 0xf9, 0x67, 0xc2, 0x67, 0x6a, 0xc3, 0x13, 0x4c, 0xcd, 0xf9, 0x67,
  0xc2, 0x67, 0x6a, 0xcd, 0x89, 0x68, 0xc5, 0xdd, 0xe5, 0xcd, 0x2d, 0x0c,
  0xdd, 0xe1, 0x01, 0x40, 0x00, 0xdd, 0x09, 0xc1, 0x10, 0xf0, 0xc9, 0x3a,
  0x31, 0x7b, 0x21, 0x15, 0x7b, 0xbe, 0x3f, 0xd0, 0x21, 0x1f, 0x7b, 0xcb,
  0x46, 0xc9, 0xcd, 0xf9, 0x67, 0xc2, 0x6b, 0x6a, 0xcd, 0x57, 0x68, 0x30,
  0x05, 0x79, 0x32, 0x12, 0x7b, 0xc9, 0xc5, 0xcd, 0x89, 0x68, 0xd1, 0x4b,
  0xc5, 0xcd, 0x14, 0x0d, 0x01, 0x40, 0x00, 0xdd, 0x09, 0xc1, 0x10, 0xf4,
  0xc9, 0xcd, 0x57, 0x68, 0x30, 0x09, 0x28, 0x07, 0xdd, 0x21, 0x80, 0x31,
  0x06, 0x03, 0xc9, 0x21, 0x16, 0x7b, 0xb7, 0x28, 0x06, 0x47, 0xaf, 0x86,
  0x23, 0x10, 0xfc, 0xcd, 0xa6, 0x5c, 0x46, 0xc9, 0xcd, 0x2e, 0x68, 0x2e,
  0x0d, 0xcd, 0x35, 0x6a, 0x36, 0x00, 0x3a, 0x31, 0x7b, 0x21, 0x01, 0x00,
  0x47, 0xb7, 0x28, 0x03, 0x29, 0x10, 0xfd, 0xeb, 0xf3, 0x2a, 0x26, 0x7b,
  0x7b, 0xa5, 0xad, 0x6f, 0x7a, 0xa4, 0xac, 0x67, 0x22, 0x26, 0x7b, 0xc3,
  0x5e, 0x6e, 0x5f, 0xe6, 0xc0, 0xfe, 0xc0, 0xca, 0xe1, 0x69, 0x7b, 0x87,
  0xeb, 0xc6, 0xeb, 0x6f, 0x3e, 0x00, 0xce, 0x68, 0x67, 0x4e, 0x23, 0x46,
  0xeb, 0xc5, 0xc9, 0x2e, 0x68, 0x0d, 0x69, 0x3a, 0x69, 0x47, 0x69, 0x52,
  0x69, 0x5c, 0x69, 0xb4, 0x69, 0x01, 0x68, 0x03, 0x69, 0x05, 0x69, 0x93,
  0x6a, 0x9b, 0x6a, 0xaf, 0x01, 0x3e, 0x01, 0x32, 0x11, 0x7b, 0xc3, 0xa9,
  0x67, 0xe5, 0xcd, 0x57, 0x68, 0xe1, 0x30, 0x05, 0xc2, 0x9c, 0x69, 0x18,
  0x0e, 0xe5, 0x2e, 0x12, 0xcd, 0x35, 0x6a, 0xcd, 0x27, 0x6a, 0x77, 0xe1,
  0xc3, 0xa9, 0x67, 0xe5, 0x2e, 0x12, 0xcd, 0x35, 0x6a, 0xcd, 0x27, 0x6a,
  0x77, 0x87, 0x87, 0xc6, 0x03, 0xcd, 0x93, 0x69, 0x18, 0xe9, 0xe5, 0xcd,
  0x27, 0x6a, 0x4f, 0xcd, 0x27, 0x6a, 0xcd, 0x65, 0x07, 0x18, 0xdc, 0xcd,
  0x27, 0x6a, 0x4f, 0xcd, 0x27, 0x6a, 0x77, 0x2b, 0x71, 0xc9, 0xe5, 0xcd,
  0x27, 0x6a, 0x4f, 0xcd, 0x66, 0x68, 0x18, 0xc7, 0xcd, 0xf9, 0x67, 0xc2,
  0x70, 0x6a, 0xe5, 0xcd, 0x57, 0x68, 0x30, 0x02, 0x28, 0x1d, 0xcd, 0x89,
  0x68, 0xcd, 0x27, 0x6a, 0x5f, 0x0e, 0x15, 0xcd, 0x7a, 0x69, 0x10, 0xfb,
  0x18, 0xa9, 0xc5, 0xd5, 0x3e, 0x26, 0xc7, 0x01, 0x40, 0x00, 0xdd, 0x09,
  0xd1, 0xc1, 0xc9, 0xcd, 0x27, 0x6a, 0x5f, 0x3e, 0x3f, 0x93, 0xcd, 0x93,
  0x69, 0xe1, 0xc9, 0x4f, 0x06, 0x00, 0x5f, 0x16, 0x00, 0xc3, 0xd0, 0x44,
  0xe5, 0x2e, 0x0a, 0xcd, 0x35, 0x6a, 0xcd, 0x27, 0x6a, 0x77, 0x5f, 0x2e,
  0x08, 0xcd, 0x35, 0x6a, 0x7e, 0x2f, 0xcd, 0xcb, 0x69, 0xc3, 0x23, 0x69,
  0xe5, 0x2e, 0x0c, 0xcd, 0x35, 0x6a, 0xcd, 0x27, 0x6a, 0x77, 0x5f, 0x2e,
  0x08, 0xcd, 0x35, 0x6a, 0x7e, 0xcd, 0xcb, 0x69, 0xc3, 0x23, 0x69, 0xe6,
  0x1f, 0xc8, 0xcd, 0xf9, 0x67, 0xc2, 0x83, 0x6a, 0xc5, 0xd5, 0x4f, 0x3e,
  0x2c, 0xdd, 0x21, 0x00, 0x30, 0xc7, 0xd1, 0xc1, 0xc9, 0xcd, 0x27, 0x6a,
  0x57, 0xcd, 0x27, 0x6a, 0x4f, 0xcd, 0x27, 0x6a, 0x77, 0x2b, 0x71, 0xe5,
  0x2e, 0x08, 0xcd, 0x35, 0x6a, 0x7a, 0xae, 0x28, 0x20, 0x72, 0xd5, 0xf5,
  0xa2, 0xf5, 0x2e, 0x0c, 0xcd, 0x35, 0x6a, 0x5e, 0xf1, 0xcd, 0xcb, 0x69,
  0x7a, 0x2f, 0x57, 0xf1, 0xa2, 0xf5, 0x2e, 0x0a, 0xcd, 0x35, 0x6a, 0x5e,
  0xf1, 0xcd, 0xcb, 0x69, 0xd1, 0xe1, 0x7b, 0xe6, 0x3f, 0x4f, 0xcd, 0xf9,
  0x67, 0x20, 0x6b, 0x3e, 0x15, 0xc7, 0xc9, 0xe5, 0xd5, 0xc5, 0x3a, 0x31,
  0x7b, 0xf3, 0xcd, 0x13, 0x6d, 0xc1, 0xd1, 0xe1, 0xc9, 0x3a, 0x31, 0x7b,
  0xf3, 0xc3, 0x0e, 0x6e, 0xfb, 0xcd, 0x50, 0x6a, 0x37, 0xc8, 0xf3, 0x2a,
  0x26, 0x7b, 0x7d, 0xb4, 0x21, 0x28, 0x7b, 0xb6, 0x20, 0xee, 0xfb, 0xc9,
  0x3a, 0xb1, 0xfb, 0xb7, 0xc0, 0x3a, 0x9b, 0xfc, 0xd6, 0x03, 0xb7, 0xc9,
  0x06, 0x00, 0x3a, 0x31, 0x7b, 0xe5, 0xcd, 0x00, 0x7b, 0xe1, 0xc9, 0x06,
  0x01, 0x18, 0xf3, 0x06, 0x02, 0x51, 0x18, 0xee, 0xcd, 0x27, 0x6a, 0x57,
  0xe5, 0xcd, 0x57, 0x68, 0xe1, 0x06, 0x03, 0x30, 0xe1, 0x28, 0xdf, 0x06,
  0x04, 0x18, 0xdb, 0xc5, 0xd5, 0x57, 0x06, 0x05, 0xcd, 0x5e, 0x6a, 0xd1,
  0xc1, 0xc9, 0x06, 0x06, 0x51, 0x18, 0xcb, 0xcd, 0x27, 0x6a, 0x57, 0x06,
  0x07, 0x18, 0xc3, 0xe5, 0xdd, 0xe5, 0xcd, 0x72, 0x4d, 0xcd, 0xb6, 0x82,
  0xcd, 0x8c, 0x4d, 0xdd, 0xe1, 0xe1, 0xc3, 0xa9, 0x67, 0xaf, 0x32, 0x29,
  0x7b, 0x3a, 0x15, 0x7b, 0x21, 0x1f, 0x7b, 0xcb, 0x46, 0x28, 0x01, 0x3c,
  0xcb, 0x4e, 0x28, 0x01, 0x3c, 0x32, 0x23, 0x7b, 0xc6, 0x03, 0x32, 0x22,
  0x7b, 0x47, 0xf6, 0x80, 0x32, 0x24, 0x7b, 0x21, 0x00, 0x00, 0x37, 0xed,
  0x6a, 0x10, 0xfb, 0x22, 0x20, 0x7b, 0x3a, 0x23, 0x7b, 0xc6, 0x06, 0x6f,
  0x3e, 0x00, 0xce, 0x6b, 0x67, 0x7e, 0x32, 0x25, 0x7b, 0x21, 0x34, 0x7b,
  0x22, 0x32, 0x7b, 0x3a, 0xc1, 0xfc, 0x21, 0x2b, 0x00, 0xcd, 0x0c, 0x00,
  0xe6, 0x80, 0x21, 0x40, 0x38, 0x28, 0x03, 0x21, 0xe0, 0x2e, 0x22, 0x0a,
  0x7b, 0xc9, 0x00, 0xff, 0x7f, 0x7f, 0x3f, 0x3f, 0x3f, 0x1f, 0x1f, 0x1f,
  0x1f, 0xf3, 0xaf, 0x32, 0x30, 0x7b, 0x32, 0x28, 0x7b, 0x32, 0x14, 0x7b,
  0x32, 0x0f, 0x7b, 0x32, 0x10, 0x7b, 0x32, 0x11, 0x7b, 0x32, 0x12, 0x7b,
  0x21, 0x00, 0x00, 0x22, 0x26, 0x7b, 0x3a, 0x23, 0x7b, 0xb7, 0x28, 0x39,
  0x47, 0x11, 0x70, 0x7b, 0xc5, 0xd5, 0x3a, 0x23, 0x7b, 0x90, 0x32, 0x31,
  0x7b, 0x21, 0x25, 0x7b, 0x46, 0xcd, 0x2f, 0x6d, 0xd1, 0xc1, 0x3a, 0x25,
  0x7b, 0x3c, 0x6f, 0x26, 0x00, 0x19, 0xeb, 0x10, 0xe3, 0x3a, 0x23, 0x7b,
  0x47, 0xc5, 0x78, 0x3d, 0x2e, 0x00, 0xcd, 0x0e, 0x6e, 0xeb, 0x21, 0x88,
  0x6b, 0x01, 0x27, 0x00, 0xed, 0xb0, 0xc1, 0x10, 0xec, 0xaf, 0x32, 0x3f,
  0xfb, 0xc3, 0x99, 0x6d, 0x3a, 0x1f, 0x7b, 0x0f, 0xd0, 0x3a, 0x92, 0x6b,
  0x5f, 0x3e, 0x1f, 0xcd, 0x5a, 0x4d, 0xcd, 0xcb, 0x69, 0xc3, 0x66, 0x4d,
  0x00, 0x00, 0x00, 0x00, 0x00, 0x00, 0x00, 0x00, 0x00, 0x00, 0x0e, 0x00,
  0x00, 0x00, 0x00, 0x04, 0x04, 0x78, 0x08, 0x00, 0x00, 0x00, 0x00, 0x00,
  0x00, 0x00, 0x00, 0x00, 0x00, 0x00, 0x00, 0x00, 0x00, 0x00, 0x00, 0x00,
  0x00, 0x00, 0x08, 0xcd, 0x11, 0x6b, 0xcd, 0x74, 0x6b, 0xcd, 0x5a, 0x4d,
  0x3a, 0x23, 0x7b, 0xcd, 0xc1, 0x6b, 0xc3, 0x66, 0x4d, 0x3d, 0xf8, 0x32,
  0x31, 0x7b, 0xf5, 0xcd, 0x2e, 0x68, 0xcd, 0x3f, 0x0c, 0xf1, 0x18, 0xf1,
  0xcd, 0xfc, 0x6d, 0xcd, 0x55, 0x6e, 0x41, 0x4a, 0x53, 0x78, 0xb1, 0x28,
  0x06, 0x7a, 0xb7, 0x28, 0x02, 0xc5, 0xd5, 0xf1, 0x32, 0x3b, 0xfb, 0xe1,
  0x7c, 0xb5, 0xca, 0xfd, 0x5f, 0x22, 0x3c, 0xfb, 0xcd, 0x42, 0x6c, 0x28,
  0xee, 0x2a, 0x56, 0xf9, 0xfe, 0x41, 0x38, 0x04, 0xfe, 0x48, 0x38, 0x10,
  0x87, 0x4f, 0x7e, 0x87, 0xcc, 0x7e, 0x6d, 0xb9, 0x28, 0x05, 0x23, 0x23,
  0x23, 0x18, 0xf3, 0x7e, 0x01, 0xf0, 0x6b, 0xc5, 0x4f, 0x87, 0x30, 0x1e,
  0xb7, 0x1f, 0x4f, 0xc5, 0xe5, 0xcd, 0x42, 0x6c, 0x11, 0x01, 0x00, 0x28,
  0x0e, 0xcd, 0xc6, 0x6e, 0x30, 0x06, 0xcd, 0x79, 0x6c, 0x37, 0x18, 0x04,
  0xcd, 0x68, 0x6c, 0xb7, 0xe1, 0xc1, 0x23, 0x7e, 0x23, 0x66, 0x6f, 0xe9,
  0xcd, 0x42, 0x6c, 0x28, 0xc3, 0xc9, 0xe5, 0x21, 0x3b, 0xfb, 0x7e, 0xb7,
  0x28, 0x2a, 0x35, 0x2a, 0x3c, 0xfb, 0x7e, 0x23, 0x22, 0x3c, 0xfb, 0xfe,
  0x20, 0x28, 0xec, 0xe1, 0xcd, 0x5f, 0x6c, 0x37, 0x8f, 0x1f, 0xc9, 0xfe,
  0x61, 0xd8, 0xfe, 0x7b, 0xd0, 0xd6, 0x20, 0xc9, 0xe5, 0x21, 0x3b, 0xfb,
  0x34, 0x2a, 0x3c, 0xfb, 0x2b, 0x22, 0x3c, 0xfb, 0xe1, 0xc9, 0xcd, 0x3c,
  0x6c, 0xfe, 0x3d, 0x28, 0x59, 0xfe, 0x2b, 0x28, 0xf5, 0xfe, 0x2d, 0x20,
  0x06, 0x11, 0xf1, 0x6c, 0xd5, 0x18, 0xeb, 0x11, 0x00, 0x00, 0xfe, 0x2c,
  0x28, 0xd6, 0xfe, 0x3b, 0xc8, 0xfe, 0x3a, 0x30, 0xcf, 0xfe, 0x30, 0x38,
  0xcb, 0x21, 0x00, 0x00, 0x06, 0x0a, 0x19, 0x38, 0x2a, 0x10, 0xfb, 0xd6,
  0x30, 0x5f, 0x16, 0x00, 0x19, 0x38, 0x20, 0xeb, 0xcd, 0x42, 0x6c, 0x20,
  0xd9, 0xc9, 0xcd, 0x3c, 0x6c, 0x11, 0x5e, 0xf5, 0xd5, 0x06, 0x28, 0xcd,
  0xc6, 0x6e, 0x38, 0x0b, 0x12, 0x13, 0xfe, 0x3b, 0x28, 0x08, 0xcd, 0x3c,
  0x6c, 0x10, 0xf5, 0xcd, 0x7e, 0x6d, 0xe1, 0xc3, 0xc5, 0x6d, 0xcd, 0xb6,
  0x6c, 0xcd, 0xde, 0xf5, 0xeb, 0xc9, 0xcd, 0xb6, 0x6c, 0x3a, 0x3b, 0xfb,
  0x2a, 0x3c, 0xfb, 0xe3, 0xf5, 0x0e, 0x02, 0xcd, 0xac, 0x6e, 0xc3, 0xd0,
  0x6b, 0xaf, 0x93, 0x5f, 0x9a, 0x93, 0x57, 0xc9, 0xcd, 0x4f, 0x6d, 0x78,
  0x3c, 0x23, 0xa6, 0xb9, 0xc8, 0x2b, 0x2b, 0x2b, 0x77, 0x23, 0x23, 0x23,
  0x23, 0x4f, 0x7e, 0x23, 0x66, 0x6f, 0x06, 0x00, 0x09, 0x73, 0xc9, 0xcd,
  0x4f, 0x6d, 0x79, 0xb8, 0xc8, 0x23, 0x3c, 0xa6, 0x2b, 0x2b, 0x77, 0x23,
  0x23, 0x23, 0x4f, 0x7e, 0x23, 0x66, 0x6f, 0x06, 0x00, 0x09, 0x7e, 0x37,
  0x8f, 0x1f, 0xc9, 0xc5, 0xcd, 0x57, 0x6d, 0x70, 0x23, 0x70, 0x23, 0x70,
  0x23, 0xf1, 0x77, 0x23, 0x73, 0x23, 0x72, 0xc9, 0xcd, 0x4f, 0x6d, 0x78,
  0x3c, 0x23, 0xa6, 0x47, 0x79, 0x90, 0xa6, 0x6f, 0x26, 0x00, 0xc9, 0xcd,
  0x57, 0x6d, 0x46, 0x23, 0x4e, 0x23, 0xc9, 0x4f, 0x3a, 0x22, 0x7b, 0x91,
  0xd6, 0x04, 0x2a, 0xf3, 0xf3, 0x38, 0x05, 0x2a, 0x32, 0x7b, 0x79, 0x2f,
  0x2f, 0x87, 0x47, 0x87, 0x80, 0x4f, 0x06, 0x00, 0x09, 0xc9, 0x1e, 0x33,
  0x01, 0x1e, 0x35, 0x01, 0x1e, 0x38, 0x01, 0x1e, 0x02, 0x01, 0x1e, 0x05,
  0x01, 0x1e, 0x0d, 0x01, 0x1e, 0x06, 0x01, 0x1e, 0x07, 0x3a, 0x13, 0x7b,
  0xe6, 0x01, 0xd5, 0xc4, 0xaf, 0x6b, 0xd1, 0xdd, 0x21, 0x6f, 0x40, 0x18,
  0x67, 0xdd, 0x21, 0x90, 0x00, 0xcd, 0x00, 0x6e, 0x21, 0x13, 0x7b, 0xcb,
  0x56, 0xc8, 0xdd, 0x2a, 0xf3, 0xf3, 0x2a, 0x2d, 0x74, 0xdd, 0x75, 0x04,
  0xdd, 0x74, 0x05, 0x11, 0x80, 0x00, 0x19, 0xdd, 0x75, 0x0a, 0xdd, 0x74,
  0x0b, 0x19, 0xdd, 0x75, 0x10, 0xdd, 0x74, 0x11, 0xc9, 0xdd, 0x21, 0x9b,
  0x4e, 0x18, 0x35, 0xdd, 0x21, 0x0e, 0x6a, 0x18, 0x2f, 0xdd, 0x21, 0xa4,
  0x5e, 0x18, 0x29, 0xdd, 0x21, 0x7a, 0x51, 0x18, 0x23, 0x7e, 0xe3, 0xbe,
  0x20, 0x99, 0x23, 0xe3, 0xdd, 0x21, 0x66, 0x46, 0x18, 0x16, 0xdd, 0x21,
  0x64, 0x4c, 0x18, 0x10, 0xdd, 0x21, 0x2f, 0x54, 0x18, 0x0a, 0xdd, 0x21,
  0x1c, 0x52, 0x18, 0x04, 0xdd, 0x21, 0xd0, 0x67, 0xfd, 0x2a, 0xc0, 0xfc,
  0xc3, 0x1c, 0x00, 0x2e, 0x02, 0x18, 0x03, 0x3a, 0x38, 0xfb, 0x26, 0x00,
  0xd5, 0x5f, 0x3a, 0x22, 0x7b, 0x93, 0xd6, 0x04, 0x38, 0x0d, 0x7b, 0x11,
  0xf0, 0x7c, 0x19, 0xb7, 0x28, 0x24, 0x11, 0x27, 0x00, 0x18, 0x1b, 0x2f,
  0x08, 0x7d, 0xb7, 0x20, 0x0a, 0x08, 0x21, 0x76, 0x7e, 0x87, 0x85, 0x6f,
  0xd1, 0xaf, 0xc9, 0x08, 0x11, 0x41, 0xfb, 0x19, 0xb7, 0x28, 0x07, 0x11,
  0x25, 0x00, 0x19, 0x3d, 0x20, 0xfc, 0xd1, 0xc9, 0xc5, 0xe3, 0xc1, 0xcd,
  0xdc, 0x6e, 0x7e, 0x02, 0xc8, 0x0b, 0x2b, 0x18, 0xf6, 0x5e, 0x23, 0x56,
  0x23, 0x4e, 0x23, 0x46, 0x23, 0xc9, 0xf3, 0x2a, 0x26, 0x7b, 0x7d, 0xb4,
  0xc0, 0x21, 0x40, 0xfb, 0xb6, 0x28, 0x1d, 0x35, 0x21, 0xff, 0xff, 0x22,
  0x41, 0xfb, 0x22, 0x66, 0xfb, 0x22, 0x8b, 0xfb, 0x23, 0x23, 0x22, 0x76,
  0x7e, 0x22, 0x78, 0x7e, 0x22, 0x7a, 0x7e, 0x3e, 0x87, 0x32, 0x3f, 0xfb,
  0x21, 0x28, 0x7b, 0x7e, 0xb7, 0xc8, 0x35, 0x3a, 0x23, 0x7b, 0xb7, 0x28,
  0x10, 0x47, 0x21, 0xf0, 0x7c, 0x11, 0x27, 0x00, 0x36, 0x01, 0x23, 0x36,
  0x00, 0x2b, 0x19, 0x10, 0xf7, 0x2a, 0x20, 0x7b, 0x22, 0x26, 0x7b, 0xc9,
  0xe5, 0x2a, 0xc6, 0xf6, 0x06, 0x00, 0x09, 0x09, 0x3e, 0xe5, 0x3e, 0x88,
  0x95, 0x6f, 0x3e, 0xff, 0x9c, 0x67, 0x38, 0x03, 0x39, 0xe1, 0xd8, 0xc3,
  0x87, 0x6d, 0xfe, 0x7b, 0xc8, 0xfe, 0x7d, 0xc8, 0xfe, 0x3e, 0xc8, 0xfe,
  0x3c, 0xc8, 0xfe, 0x26, 0xc8, 0xfe, 0x40, 0xd8, 0xfe, 0x5b, 0x3f, 0xc9,
  0x7c, 0xba, 0xc0, 0x7d, 0xbb, 0xc9, 0xff, 0xff, 0xff, 0xff, 0xff, 0xff,
  0xff, 0xff, 0xff, 0xff, 0xff, 0xff, 0xff, 0xff, 0xff, 0xff, 0xff, 0xff,
  0xff, 0xff, 0xff, 0xff, 0xff, 0xff, 0xff, 0xff, 0xff, 0xff, 0xff, 0xff,
  0xff, 0xff, 0xff, 0xff, 0xff, 0xff, 0xff, 0xff, 0xff, 0xff, 0xff, 0xff,
  0xff, 0xff, 0xff, 0xff, 0xff, 0xff, 0xff, 0xff, 0xff, 0xff, 0xff, 0xff,
  0xff, 0xff, 0xff, 0xff, 0xff, 0xff, 0xff, 0xff, 0xff, 0xff, 0xff, 0xff,
  0xff, 0xff, 0xff, 0xff, 0xff, 0xff, 0xff, 0xff, 0xff, 0xff, 0xff, 0xff,
  0xff, 0xff, 0xff, 0xff, 0xff, 0xff, 0xff, 0xff, 0xff, 0xff, 0xff, 0xff,
  0xff, 0xff, 0xff, 0xff, 0xff, 0xff, 0xff, 0xff, 0xff, 0xff, 0xff, 0xff,
  0xff, 0xff, 0xff, 0xff, 0xff, 0xff, 0xff, 0xff, 0xff, 0xff, 0xff, 0xff,
  0xff, 0xff, 0xff, 0xff, 0xff, 0xff, 0xff, 0xff, 0xff, 0xff, 0xff, 0xff,
  0xff, 0xff, 0xff, 0xff, 0xff, 0xff, 0xff, 0xff, 0xff, 0xff, 0xff, 0xff,
  0xff, 0xff, 0xff, 0xff, 0xff, 0xff, 0xff, 0xff, 0xff, 0xff, 0xff, 0xff,
  0xff, 0xff, 0xff, 0xff, 0xff, 0xff, 0xff, 0xff, 0xff, 0xff, 0xff, 0xff,
  0xff, 0xff, 0xff, 0xff, 0xff, 0xff, 0xff, 0xff, 0xff, 0xff, 0xff, 0xff,
  0xff, 0xff, 0xff, 0xff, 0xff, 0xff, 0xff, 0xff, 0xff, 0xff, 0xff, 0xff,
  0xff, 0xff, 0xff, 0xff, 0xff, 0xff, 0xff, 0xff, 0xff, 0xff, 0xff, 0xff,
  0xff, 0xff, 0xff, 0xff, 0xff, 0xff, 0xff, 0xff, 0xff, 0xff, 0xff, 0xff,
  0xff, 0xff, 0xff, 0xff, 0xff, 0xff, 0xff, 0xff, 0xff, 0xff, 0xff, 0xff,
  0xff, 0xff, 0xff, 0xff, 0xff, 0xff, 0xff, 0xff, 0xff, 0xff, 0xff, 0xff,
  0xff, 0xff, 0xff, 0xff, 0xff, 0xff, 0xff, 0xff, 0xff, 0xff, 0xff, 0xff,
  0xff, 0xff, 0xff, 0xff, 0xff, 0xff, 0xff, 0xff, 0xff, 0xff, 0xff, 0xff,
  0xff, 0xff, 0xff, 0xff, 0xff, 0xff, 0xff, 0xff, 0xff, 0xff, 0xff, 0xff,
  0xff, 0xff, 0xff, 0xff, 0xff, 0xff, 0xff, 0xff, 0xff, 0xff, 0xff, 0xff,
  0xff, 0xff, 0xff, 0xff, 0xff, 0xff, 0xff, 0xff, 0xff, 0xff, 0xff, 0xff,
  0xff, 0xff, 0xff, 0xff, 0xff, 0xff, 0xff, 0xff, 0xff, 0xff, 0xff, 0xff,
  0xff, 0xff, 0xff, 0xff, 0xff, 0xff, 0xff, 0xff, 0xff, 0xff, 0xff, 0xff,
  0xff, 0xff, 0xff, 0xff, 0xff, 0xff, 0xff, 0xff, 0xff, 0xff, 0xff, 0xff,
  0xff, 0xff, 0xff, 0xff, 0xff, 0xff, 0xff, 0xff, 0xff, 0xff, 0xff, 0xff,
  0xff, 0xff, 0xff, 0xff, 0xff, 0xff, 0xff, 0xff, 0xff, 0xff, 0xff, 0xff,
  0xff, 0xff, 0xff, 0xff, 0xff, 0xff, 0xff, 0xff, 0xff, 0xff, 0xff, 0xff,
  0xff, 0xff, 0xff, 0xff, 0xff, 0xff, 0xff, 0xff, 0xff, 0xff, 0xff, 0xff,
  0xff, 0xff, 0xff, 0xff, 0xff, 0xff, 0xff, 0xff, 0xff, 0xff, 0xff, 0xff,
  0xff, 0xff, 0xff, 0xff, 0xff, 0xff, 0xff, 0xff, 0xff, 0xff, 0xff, 0xff,
  0xff, 0xff, 0xff, 0xff, 0xff, 0xff, 0xff, 0xff, 0xff, 0xff, 0xff, 0xff,
  0xff, 0xff, 0xff, 0xff, 0xff, 0xff, 0xff, 0xff, 0xff, 0xff, 0xff, 0xff,
  0xff, 0xff, 0xff, 0xff, 0xff, 0xff, 0xff, 0xff, 0xff, 0xff, 0xff, 0xff,
  0xff, 0xff, 0xff, 0xff, 0xff, 0xff, 0xff, 0xff, 0xff, 0xff, 0xff, 0xff,
  0xff, 0xff, 0xff, 0xff, 0xff, 0xff, 0xff, 0xff, 0xff, 0xff, 0xff, 0xff,
  0xff, 0xff, 0xff, 0xff, 0xff, 0xff, 0xff, 0xff, 0xff, 0xff, 0xff, 0xff,
  0xff, 0xff, 0xff, 0xff, 0xff, 0xff, 0xff, 0xff, 0xff, 0xff, 0xff, 0xff,
  0xff, 0xff, 0xff, 0xff, 0xff, 0xff, 0xff, 0xff, 0xff, 0xff, 0xff, 0xff,
  0xff, 0xff, 0xff, 0xff, 0xff, 0xff, 0xff, 0xff, 0xff, 0xff, 0xff, 0xff,
  0xff, 0xff, 0xff, 0xff, 0xff, 0xff, 0xff, 0xff, 0xff, 0xff, 0xff, 0xff,
  0xff, 0xff, 0xff, 0xff, 0xff, 0xff, 0xff, 0xff, 0xff, 0xff, 0xff, 0xff,
  0xff, 0xff, 0xff, 0xff, 0xff, 0xff, 0xff, 0xff, 0xff, 0xff, 0xff, 0xff,
  0xff, 0xff, 0xff, 0xff, 0xff, 0xff, 0xff, 0xff, 0xff, 0xff, 0xff, 0xff,
  0xff, 0xff, 0xff, 0xff, 0xff, 0xff, 0xff, 0xff, 0xff, 0xff, 0xff, 0xff,
  0xff, 0xff, 0xff, 0xff, 0xff, 0xff, 0xff, 0xff, 0xff, 0xff, 0xff, 0xff,
  0xff, 0xff, 0xff, 0xff, 0xff, 0xff, 0xff, 0xff, 0xff, 0xff, 0xff, 0xff,
  0xff, 0xff, 0xff, 0xff, 0xff, 0xff, 0xff, 0xff, 0xff, 0xff, 0xff, 0xff,
  0xff, 0xff, 0xff, 0xff, 0xff, 0xff, 0xff, 0xff, 0xff, 0xff, 0xff, 0xff,
  0xff, 0xff, 0xff, 0xff, 0xff, 0xff, 0xff, 0xff, 0xff, 0xff, 0xff, 0xff,
  0xff, 0xff, 0xff, 0xff, 0xff, 0xff, 0xff, 0xff, 0xff, 0xff, 0xff, 0xff,
  0xff, 0xff, 0xff, 0xff, 0xff, 0xff, 0xff, 0xff, 0xff, 0xff, 0xff, 0xff,
  0xff, 0xff, 0xff, 0xff, 0xff, 0xff, 0xff, 0xff, 0xff, 0xff, 0xff, 0xff,
  0xff, 0xff, 0xff, 0xff, 0xff, 0xff, 0xff, 0xff, 0xff, 0xff, 0xff, 0xff,
  0xff, 0xff, 0xff, 0xff, 0xff, 0xff, 0xff, 0xff, 0xff, 0xff, 0xff, 0xff,
  0xff, 0xff, 0xff, 0xff, 0xff, 0xff, 0xff, 0xff, 0xff, 0xff, 0xff, 0xff,
  0xff, 0xff, 0xff, 0xff, 0xff, 0xff, 0xff, 0xff, 0xff, 0xff, 0xff, 0xff,
  0xff, 0xff, 0xff, 0xff, 0xff, 0xff, 0xff, 0xff, 0xff, 0xff, 0xff, 0xff,
  0xff, 0xff, 0xff, 0xff, 0xff, 0xff, 0xff, 0xff, 0xff, 0xff, 0xff, 0xff,
  0xff, 0xff, 0xff, 0xff, 0xff, 0xff, 0xff, 0xff, 0xff, 0xff, 0xff, 0xff,
  0xff, 0xff, 0xff, 0xff, 0xff, 0xff, 0xff, 0xff, 0xff, 0xff, 0xff, 0xff,
  0xff, 0xff, 0xff, 0xff, 0xff, 0xff, 0xff, 0xff, 0xff, 0xff, 0xff, 0xff,
  0xff, 0xff, 0xff, 0xff, 0xff, 0xff, 0xff, 0xff, 0xff, 0xff, 0xff, 0xff,
  0xff, 0xff, 0xff, 0xff, 0xff, 0xff, 0xff, 0xff, 0xff, 0xff, 0xff, 0xff,
  0xff, 0xff, 0xff, 0xff, 0xff, 0xff, 0xff, 0xff, 0xff, 0xff, 0xff, 0xff,
  0xff, 0xff, 0xff, 0xff, 0xff, 0xff, 0xff, 0xff, 0xff, 0xff, 0xff, 0xff,
  0xff, 0xff, 0xff, 0xff, 0xff, 0xff, 0xff, 0xff, 0xff, 0xff, 0xff, 0xff,
  0xff, 0xff, 0xff, 0xff, 0xff, 0xff, 0xff, 0xff, 0xff, 0xff, 0xff, 0xff,
  0xff, 0xff, 0xff, 0xff, 0xff, 0xff, 0xff, 0xff, 0xff, 0xff, 0xff, 0xff,
  0xff, 0xff, 0xff, 0xff, 0xff, 0xff, 0xff, 0xff, 0xff, 0xff, 0xff, 0xff,
  0xff, 0xff, 0xff, 0xff, 0xff, 0xff, 0xff, 0xff, 0xff, 0xff, 0xff, 0xff,
  0xff, 0xff, 0xff, 0xff, 0xff, 0xff, 0xff, 0xff, 0xff, 0xff, 0xff, 0xff,
  0xff, 0xff, 0xff, 0xff, 0xff, 0xff, 0xff, 0xff, 0xff, 0xff, 0xff, 0xff,
  0xff, 0xff, 0xff, 0xff, 0xff, 0xff, 0xff, 0xff, 0xff, 0xff, 0xff, 0xff,
  0xff, 0xff, 0xff, 0xff, 0xff, 0xff, 0xff, 0xff, 0xff, 0xff, 0xff, 0xff,
  0xff, 0xff, 0xff, 0xff, 0xff, 0xff, 0xff, 0xff, 0xff, 0xff, 0xff, 0xff,
  0xff, 0xff, 0xff, 0xff, 0xff, 0xff, 0xff, 0xff, 0xff, 0xff, 0xff, 0xff,
  0xff, 0xff, 0xff, 0xff, 0xff, 0xff, 0xff, 0xff, 0xff, 0xff, 0xff, 0xff,
  0xff, 0xff, 0xff, 0xff, 0xff, 0xff, 0xff, 0xff, 0xff, 0xff, 0xff, 0xff,
  0xff, 0xff, 0xff, 0xff, 0xff, 0xff, 0xff, 0xff, 0xff, 0xff, 0xff, 0xff,
  0xff, 0xff, 0xff, 0xff, 0xff, 0xff, 0xff, 0xff, 0xff, 0xff, 0xff, 0xff,
  0xff, 0xff, 0xff, 0xff, 0xff, 0xff, 0xff, 0xff, 0xff, 0xff, 0xff, 0xff,
  0xff, 0xff, 0xff, 0xff, 0xff, 0xff, 0xff, 0xff, 0xff, 0xff, 0xff, 0xff,
  0xff, 0xff, 0xff, 0xff, 0xff, 0xff, 0xff, 0xff, 0xff, 0xff, 0xff, 0xff,
  0xff, 0xff, 0xff, 0xff, 0xff, 0xff, 0xff, 0xff, 0xff, 0xff, 0xff, 0xff,
  0xff, 0xff, 0xff, 0xff, 0xff, 0xff, 0xff, 0xff, 0xff, 0xff, 0xff, 0xff,
  0xff, 0xff, 0xff, 0xff, 0xff, 0xff, 0xff, 0xff, 0xff, 0xff, 0xff, 0xff,
  0xff, 0xff, 0xff, 0xff, 0xff, 0xff, 0xff, 0xff, 0xff, 0xff, 0xff, 0xff,
  0xff, 0xff, 0xff, 0xff, 0xff, 0xff, 0xff, 0xff, 0xff, 0xff, 0xff, 0xff,
  0xff, 0xff, 0xff, 0xff, 0xff, 0xff, 0xff, 0xff, 0xff, 0xff, 0xff, 0xff,
  0xff, 0xff, 0xff, 0xff, 0xff, 0xff, 0xff, 0xff, 0xff, 0xff, 0xff, 0xff,
  0xff, 0xff, 0xff, 0xff, 0xff, 0xff, 0xff, 0xff, 0xff, 0xff, 0xff, 0xff,
  0xff, 0xff, 0xff, 0xff, 0xff, 0xff, 0xff, 0xff, 0xff, 0xff, 0xff, 0xff,
  0xff, 0xff, 0xff, 0xff, 0xff, 0xff, 0xff, 0xff, 0xff, 0xff, 0xff, 0xff,
  0xff, 0xff, 0xff, 0xff, 0xff, 0xff, 0xff, 0xff, 0xff, 0xff, 0xff, 0xff,
  0xff, 0xff, 0xff, 0xff, 0xff, 0xff, 0xff, 0xff, 0xff, 0xff, 0xff, 0xff,
  0xff, 0xff, 0xff, 0xff, 0xff, 0xff, 0xff, 0xff, 0xff, 0xff, 0xff, 0xff,
  0xff, 0xff, 0xff, 0xff, 0xff, 0xff, 0xff, 0xff, 0xff, 0xff, 0xff, 0xff,
  0xff, 0xff, 0xff, 0xff, 0xff, 0xff, 0xff, 0xff, 0xff, 0xff, 0xff, 0xff,
  0xff, 0xff, 0xff, 0xff, 0xff, 0xff, 0xff, 0xff, 0xff, 0xff, 0xff, 0xff,
  0xff, 0xff, 0xff, 0xff, 0xff, 0xff, 0xff, 0xff, 0xff, 0xff, 0xff, 0xff,
  0xff, 0xff, 0xff, 0xff, 0xff, 0xff, 0xff, 0xff, 0xff, 0xff, 0xff, 0xff,
  0xff, 0xff, 0xff, 0xff, 0xff, 0xff, 0xff, 0xff, 0xff, 0xff, 0xff, 0xff,
  0xff, 0xff, 0xff, 0xff, 0xff, 0xff, 0xff, 0xff, 0xff, 0xff, 0xff, 0xff,
  0xff, 0xff, 0xff, 0xff, 0xff, 0xff, 0xff, 0xff, 0xff, 0xff, 0xff, 0xff,
  0xff, 0xff, 0xff, 0xff, 0xff, 0xff, 0xff, 0xff, 0xff, 0xff, 0xff, 0xff,
  0xff, 0xff, 0xff, 0xff, 0xff, 0xff, 0xff, 0xff, 0xff, 0xff, 0xff, 0xff,
  0xff, 0xff, 0xff, 0xff, 0xff, 0xff, 0xff, 0xff, 0xff, 0xff, 0xff, 0xff,
  0xff, 0xff, 0xff, 0xff, 0xff, 0xff, 0xff, 0xff, 0xff, 0xff, 0xff, 0xff,
  0xff, 0xff, 0xff, 0xff, 0xff, 0xff, 0xff, 0xff, 0xff, 0xff, 0xff, 0xff,
  0xff, 0xff, 0xff, 0xff, 0xff, 0xff, 0xff, 0xff, 0xff, 0xff, 0xff, 0xff,
  0xff, 0xff, 0xff, 0xff, 0xff, 0xff, 0xff, 0xff, 0xff, 0xff, 0xff, 0xff,
  0xff, 0xff, 0xff, 0xff, 0xff, 0xff, 0xff, 0xff, 0xff, 0xff, 0xff, 0xff,
  0xff, 0xff, 0xff, 0xff, 0xff, 0xff, 0xff, 0xff, 0xff, 0xff, 0xff, 0xff,
  0xff, 0xff, 0xff, 0xff, 0xff, 0xff, 0xff, 0xff, 0xff, 0xff, 0xff, 0xff,
  0xff, 0xff, 0xff, 0xff, 0xff, 0xff, 0xff, 0xff, 0xff, 0xff, 0xff, 0xff,
  0xff, 0xff, 0xff, 0xff, 0xff, 0xff, 0xff, 0xff, 0xff, 0xff, 0xff, 0xff,
  0xff, 0xff, 0xff, 0xff, 0xff, 0xff, 0xff, 0xff, 0xff, 0xff, 0xff, 0xff,
  0xff, 0xff, 0xff, 0xff, 0xff, 0xff, 0xff, 0xff, 0xff, 0xff, 0xff, 0xff,
  0xff, 0xff, 0xff, 0xff, 0xff, 0xff, 0xff, 0xff, 0xff, 0xff, 0xff, 0xff,
  0xff, 0xff, 0xff, 0xff, 0xff, 0xff, 0xff, 0xff, 0xff, 0xff, 0xff, 0xff,
  0xff, 0xff, 0xff, 0xff, 0xff, 0xff, 0xff, 0xff, 0xff, 0xff, 0xff, 0xff,
  0xff, 0xff, 0xff, 0xff, 0xff, 0xff, 0xff, 0xff, 0xff, 0xff, 0xff, 0xff,
  0xff, 0xff, 0xff, 0xff, 0xff, 0xff, 0xff, 0xff, 0xff, 0xff, 0xff, 0xff,
  0xff, 0xff, 0xff, 0xff, 0xff, 0xff, 0xff, 0xff, 0xff, 0xff, 0xff, 0xff,
  0xff, 0xff, 0xff, 0xff, 0xff, 0xff, 0xff, 0xff, 0xff, 0xff, 0xff, 0xff,
  0xff, 0xff, 0xff, 0xff, 0xff, 0xff, 0xff, 0xff, 0xff, 0xff, 0xff, 0xff,
  0xff, 0xff, 0xff, 0xff, 0xff, 0xff, 0xff, 0xff, 0xff, 0xff, 0xff, 0xff,
  0xff, 0xff, 0xff, 0xff, 0xff, 0xff, 0xff, 0xff, 0xff, 0xff, 0xff, 0xff,
  0xff, 0xff, 0xff, 0xff, 0xff, 0xff, 0xff, 0xff, 0xff, 0xff, 0xff, 0xff,
  0xff, 0xff, 0xff, 0xff, 0xff, 0xff, 0xff, 0xff, 0xff, 0xff, 0xff, 0xff,
  0xff, 0xff, 0xff, 0xff, 0xff, 0xff, 0xff, 0xff, 0xff, 0xff, 0xff, 0xff,
  0xff, 0xff, 0xff, 0xff, 0xff, 0xff, 0xff, 0xff, 0xff, 0xff, 0xff, 0xff,
  0xff, 0xff, 0xff, 0xff, 0xff, 0xff, 0xff, 0xff, 0xff, 0xff, 0xff, 0xff,
  0xff, 0xff, 0xff, 0xff, 0xff, 0xff, 0xff, 0xff, 0xff, 0xff, 0xff, 0xff,
  0xff, 0xff, 0xff, 0xff, 0xff, 0xff, 0xff, 0xff, 0xff, 0xff, 0xff, 0xff,
  0xff, 0xff, 0xff, 0xff, 0xff, 0xff, 0xff, 0xff, 0xff, 0xff, 0xff, 0xff,
  0xff, 0xff, 0xff, 0xff, 0xff, 0xff, 0xff, 0xff, 0xff, 0xff, 0xff, 0xff,
  0xff, 0xff, 0xff, 0xff, 0xff, 0xff, 0xff, 0xff, 0xff, 0xff, 0xff, 0xff,
  0xff, 0xff, 0xff, 0xff, 0xff, 0xff, 0xff, 0xff, 0xff, 0xff, 0xff, 0xff,
  0xff, 0xff, 0xff, 0xff, 0xff, 0xff, 0xff, 0xff, 0xff, 0xff, 0xff, 0xff,
  0xff, 0xff, 0xff, 0xff, 0xff, 0xff, 0xff, 0xff, 0xff, 0xff, 0xff, 0xff,
  0xff, 0xff, 0xff, 0xff, 0xff, 0xff, 0xff, 0xff, 0xff, 0xff, 0xff, 0xff,
  0xff, 0xff, 0xff, 0xff, 0xff, 0xff, 0xff, 0xff, 0xff, 0xff, 0xff, 0xff,
  0xff, 0xff, 0xff, 0xff, 0xff, 0xff, 0xff, 0xff, 0xff, 0xff, 0xff, 0xff,
  0xff, 0xff, 0xff, 0xff, 0xff, 0xff, 0xff, 0xff, 0xff, 0xff, 0xff, 0xff,
  0xff, 0xff, 0xff, 0xff, 0xff, 0xff, 0xff, 0xff, 0xff, 0xff, 0xff, 0xff,
  0xff, 0xff, 0xff, 0xff, 0xff, 0xff, 0xff, 0xff, 0xff, 0xff, 0xff, 0xff,
  0xff, 0xff, 0xff, 0xff, 0xff, 0xff, 0xff, 0xff, 0xff, 0xff, 0xff, 0xff,
  0xff, 0xff, 0xff, 0xff, 0xff, 0xff, 0xff, 0xff, 0xff, 0xff, 0xff, 0xff,
  0xff, 0xff, 0xff, 0xff, 0xff, 0xff, 0xff, 0xff, 0xff, 0xff, 0xff, 0xff,
  0xff, 0xff, 0xff, 0xff, 0xff, 0xff, 0xff, 0xff, 0xff, 0xff, 0xff, 0xff,
  0xff, 0xff, 0xff, 0xff, 0xff, 0xff, 0xff, 0xff, 0xff, 0xff, 0xff, 0xff,
  0xff, 0xff, 0xff, 0xff, 0xff, 0xff, 0xff, 0xff, 0xff, 0xff, 0xff, 0xff,
  0xff, 0xff, 0xff, 0xff, 0xff, 0xff, 0xff, 0xff, 0xff, 0xff, 0xff, 0xff,
  0xff, 0xff, 0xff, 0xff, 0xff, 0xff, 0xff, 0xff, 0xff, 0xff, 0xff, 0xff,
  0xff, 0xff, 0xff, 0xff, 0xff, 0xff, 0xff, 0xff, 0xff, 0xff, 0xff, 0xff,
  0xff, 0xff, 0xff, 0xff, 0xff, 0xff, 0xff, 0xff, 0xff, 0xff, 0xff, 0xff,
  0xff, 0xff, 0xff, 0xff, 0xff, 0xff, 0xff, 0xff, 0xff, 0xff, 0xff, 0xff,
  0xff, 0xff, 0xff, 0xff, 0xff, 0xff, 0xff, 0xff, 0xff, 0xff, 0xff, 0xff,
  0xff, 0xff, 0xff, 0xff, 0xff, 0xff, 0xff, 0xff, 0xff, 0xff, 0xff, 0xff,
  0xff, 0xff, 0xff, 0xff, 0xff, 0xff, 0xff, 0xff, 0xff, 0xff, 0xff, 0xff,
  0xff, 0xff, 0xff, 0xff, 0xff, 0xff, 0xff, 0xff, 0xff, 0xff, 0xff, 0xff,
  0xff, 0xff, 0xff, 0xff, 0xff, 0xff, 0xff, 0xff, 0xff, 0xff, 0xff, 0xff,
  0xff, 0xff, 0xff, 0xff, 0xff, 0xff, 0xff, 0xff, 0xff, 0xff, 0xff, 0xff,
  0xff, 0xff, 0xff, 0xff, 0xff, 0xff, 0xff, 0xff, 0xff, 0xff, 0xff, 0xff,
  0xff, 0xff, 0xff, 0xff, 0xff, 0xff, 0xff, 0xff, 0xff, 0xff, 0xff, 0xff,
  0xff, 0xff, 0xff, 0xff, 0xff, 0xff, 0xff, 0xff, 0xff, 0xff, 0xff, 0xff,
  0xff, 0xff, 0xff, 0xff, 0xff, 0xff, 0xff, 0xff, 0xff, 0xff, 0xff, 0xff,
  0xff, 0xff, 0xff, 0xff, 0xff, 0xff, 0xff, 0xff, 0xff, 0xff, 0xff, 0xff,
  0xff, 0xff, 0xff, 0xff, 0xff, 0xff, 0xff, 0xff, 0xff, 0xff, 0xff, 0xff,
  0xff, 0xff, 0xff, 0xff, 0xff, 0xff, 0xff, 0xff, 0xff, 0xff, 0xff, 0xff,
  0xff, 0xff, 0xff, 0xff, 0xff, 0xff, 0xff, 0xff, 0xff, 0xff, 0xff, 0xff,
  0xff, 0xff, 0xff, 0xff, 0xff, 0xff, 0xff, 0xff, 0xff, 0xff, 0xff, 0xff,
  0xff, 0xff, 0xff, 0xff, 0xff, 0xff, 0xff, 0xff, 0xff, 0xff, 0xff, 0xff,
  0xff, 0xff, 0xff, 0xff, 0xff, 0xff, 0xff, 0xff, 0xff, 0xff, 0xff, 0xff,
  0xff, 0xff, 0xff, 0xff, 0xff, 0xff, 0xff, 0xff, 0xff, 0xff, 0xff, 0xff,
  0xff, 0xff, 0xff, 0xff, 0xff, 0xff, 0xff, 0xff, 0xff, 0xff, 0xff, 0xff,
  0xff, 0xff, 0xff, 0xff, 0xff, 0xff, 0xff, 0xff, 0xff, 0xff, 0xff, 0xff,
  0xff, 0xff, 0xff, 0xff, 0xff, 0xff, 0xff, 0xff, 0xff, 0xff, 0xff, 0xff,
  0xff, 0xff, 0xff, 0xff, 0xff, 0xff, 0xff, 0xff, 0xff, 0xff, 0xff, 0xff,
  0xff, 0xff, 0xff, 0xff, 0xff, 0xff, 0xff, 0xff, 0xff, 0xff, 0xff, 0xff,
  0xff, 0xff, 0xff, 0xff, 0xff, 0xff, 0xff, 0xff, 0xff, 0xff, 0xff, 0xff,
  0xff, 0xff, 0xff, 0xff, 0xff, 0xff, 0xff, 0xff, 0xff, 0xff, 0xff, 0xff,
  0xff, 0xff, 0xff, 0xff, 0xff, 0xff, 0xff, 0xff, 0xff, 0xff, 0xff, 0xff,
  0xff, 0xff, 0xff, 0xff, 0xff, 0xff, 0xff, 0xff, 0xff, 0xff, 0xff, 0xff,
  0xff, 0xff, 0xff, 0xff, 0xff, 0xff, 0xff, 0xff, 0xff, 0xff, 0xff, 0xff,
  0xff, 0xff, 0xff, 0xff, 0xff, 0xff, 0xff, 0xff, 0xff, 0xff, 0xff, 0xff,
  0xff, 0xff, 0xff, 0xff, 0xff, 0xff, 0xff, 0xff, 0xff, 0xff, 0xff, 0xff,
  0xff, 0xff, 0xff, 0xff, 0xff, 0xff, 0xff, 0xff, 0xff, 0xff, 0xff, 0xff,
  0xff, 0xff, 0xff, 0xff, 0xff, 0xff, 0xff, 0xff, 0xff, 0xff, 0xff, 0xff,
  0xff, 0xff, 0xff, 0xff, 0xff, 0xff, 0xff, 0xff, 0xff, 0xff, 0xff, 0xff,
  0xff, 0xff, 0xff, 0xff, 0xff, 0xff, 0xff, 0xff, 0xff, 0xff, 0xff, 0xff,
  0xff, 0xff, 0xff, 0xff, 0xff, 0xff, 0xff, 0xff, 0xff, 0xff, 0xff, 0xff,
  0xff, 0xff, 0xff, 0xff, 0xff, 0xff, 0xff, 0xff, 0xff, 0xff, 0xff, 0xff,
  0xff, 0xff, 0xff, 0xff, 0xff, 0xff, 0xff, 0xff, 0xff, 0xff, 0xff, 0xff,
  0xff, 0xff, 0xff, 0xff, 0xff, 0xff, 0xff, 0xff, 0xff, 0xff, 0xff, 0xff,
  0xff, 0xff, 0xff, 0xff, 0xff, 0xff, 0xff, 0xff, 0xff, 0xff, 0xff, 0xff,
  0xff, 0xff, 0xff, 0xff, 0xff, 0xff, 0xff, 0xff, 0xff, 0xff, 0xff, 0xff,
  0xff, 0xff, 0xff, 0xff, 0xff, 0xff, 0xff, 0xff, 0xff, 0xff, 0xff, 0xff,
  0xff, 0xff, 0xff, 0xff, 0xff, 0xff, 0xff, 0xff, 0xff, 0xff, 0xff, 0xff,
  0xff, 0xff, 0xff, 0xff, 0xff, 0xff, 0xff, 0xff, 0xff, 0xff, 0xff, 0xff,
  0xff, 0xff, 0xff, 0xff, 0xff, 0xff, 0xff, 0xff, 0xff, 0xff, 0xff, 0xff,
  0xff, 0xff, 0xff, 0xff, 0xff, 0xff, 0xff, 0xff, 0xff, 0xff, 0xff, 0xff,
  0xff, 0xff, 0xff, 0xff, 0xff, 0xff, 0xff, 0xff, 0xff, 0xff, 0xff, 0xff,
  0xff, 0xff, 0xff, 0xff, 0xff, 0xff, 0xff, 0xff, 0xff, 0xff, 0xff, 0xff,
  0xff, 0xff, 0xff, 0xff, 0xff, 0xff, 0xff, 0xff, 0xff, 0xff, 0xff, 0xff,
  0xff, 0xff, 0xff, 0xff, 0xff, 0xff, 0xff, 0xff, 0xff, 0xff, 0xff, 0xff,
  0xff, 0xff, 0xff, 0xff, 0xff, 0xff, 0xff, 0xff, 0xff, 0xff, 0xff, 0xff,
  0xff, 0xff, 0xff, 0xff, 0xff, 0xff, 0xff, 0xff, 0xff, 0xff, 0xff, 0xff,
  0xff, 0xff, 0xff, 0xff, 0xff, 0xff, 0xff, 0xff, 0xff, 0xff, 0xff, 0xff,
  0xff, 0xff, 0xff, 0xff, 0xff, 0xff, 0xff, 0xff, 0xff, 0xff, 0xff, 0xff,
  0xff, 0xff, 0xff, 0xff, 0xff, 0xff, 0xff, 0xff, 0xff, 0xff, 0xff, 0xff,
  0xff, 0xff, 0xff, 0xff, 0xff, 0xff, 0xff, 0xff, 0xff, 0xff, 0xff, 0xff,
  0xff, 0xff, 0xff, 0xff, 0xff, 0xff, 0xff, 0xff, 0xff, 0xff, 0xff, 0xff,
  0xff, 0xff, 0xff, 0xff, 0xff, 0xff, 0xff, 0xff, 0xff, 0xff, 0xff, 0xff,
  0xff, 0xff, 0xff, 0xff, 0xff, 0xff, 0xff, 0xff, 0xff, 0xff, 0xff, 0xff,
  0xff, 0xff, 0xff, 0xff, 0xff, 0xff, 0xff, 0xff, 0xff, 0xff, 0xff, 0xff,
  0xff, 0xff, 0xff, 0xff, 0xff, 0xff, 0xff, 0xff, 0xff, 0xff, 0xff, 0xff,
  0xff, 0xff, 0xff, 0xff, 0xff, 0xff, 0xff, 0xff, 0xff, 0xff, 0xff, 0xff,
  0xff, 0xff, 0xff, 0xff, 0xff, 0xff, 0xff, 0xff, 0xff, 0xff, 0xff, 0xff,
  0xff, 0xff, 0xff, 0xff, 0xff, 0xff, 0xff, 0xff, 0xff, 0xff, 0xff, 0xff,
  0xff, 0xff, 0xff, 0xff, 0xff, 0xff, 0xff, 0xff, 0xff, 0xff, 0xff, 0xff,
  0xff, 0xff, 0xff, 0xff, 0xff, 0xff, 0xff, 0xff, 0xff, 0xff, 0xff, 0xff,
  0xff, 0xff, 0xff, 0xff, 0xff, 0xff, 0xff, 0xff, 0xff, 0xff, 0xff, 0xff,
  0xff, 0xff, 0xff, 0xff, 0xff, 0xff, 0xff, 0xff, 0xff, 0xff, 0xff, 0xff,
  0xff, 0xff, 0xff, 0xff, 0xff, 0xff, 0xff, 0xff, 0xff, 0xff, 0xff, 0xff,
  0xff, 0xff, 0xff, 0xff, 0xff, 0xff, 0xff, 0xff, 0xff, 0xff, 0xff, 0xff,
  0xff, 0xff, 0xff, 0xff, 0xff, 0xff, 0xff, 0xff, 0xff, 0xff, 0xff, 0xff,
  0xff, 0xff, 0xff, 0xff, 0xff, 0xff, 0xff, 0xff, 0xff, 0xff, 0xff, 0xff,
  0xff, 0xff, 0xff, 0xff, 0xff, 0xff, 0xff, 0xff, 0xff, 0xff, 0xff, 0xff,
  0xff, 0xff, 0xff, 0xff, 0xff, 0xff, 0xff, 0xff, 0xff, 0xff, 0xff, 0xff,
  0xff, 0xff, 0xff, 0xff, 0xff, 0xff, 0xff, 0xff, 0xff, 0xff, 0xff, 0xff,
  0xff, 0xff, 0xff, 0xff, 0xff, 0xff, 0xff, 0xff, 0xff, 0xff, 0xff, 0xff,
  0xff, 0xff, 0xff, 0xff, 0xff, 0xff, 0xff, 0xff, 0xff, 0xff, 0xff, 0xff,
  0xff, 0xff, 0xff, 0xff, 0xff, 0xff, 0xff, 0xff, 0xff, 0xff, 0xff, 0xff,
  0xff, 0xff, 0xff, 0xff, 0xff, 0xff, 0xff, 0xff, 0xff, 0xff, 0xff, 0xff,
  0xff, 0xff, 0xff, 0xff, 0xff, 0xff, 0xff, 0xff, 0xff, 0xff, 0xff, 0xff,
  0xff, 0xff, 0xff, 0xff, 0xff, 0xff, 0xff, 0xff, 0xff, 0xff, 0xff, 0xff,
  0xff, 0xff, 0xff, 0xff, 0xff, 0xff, 0xff, 0xff, 0xff, 0xff, 0xff, 0xff,
  0xff, 0xff, 0xff, 0xff, 0xff, 0xff, 0xff, 0xff, 0xff, 0xff, 0xff, 0xff,
  0xff, 0xff, 0xff, 0xff, 0xff, 0xff, 0xff, 0xff, 0xff, 0xff, 0xff, 0xff,
  0xff, 0xff, 0xff, 0xff, 0xff, 0xff, 0xff, 0xff, 0xff, 0xff, 0xff, 0xff,
  0xff, 0xff, 0xff, 0xff, 0xff, 0xff, 0xff, 0xff, 0xff, 0xff, 0xff, 0xff,
  0xff, 0xff, 0xff, 0xff, 0xff, 0xff, 0xff, 0xff, 0xff, 0xff, 0xff, 0xff,
  0xff, 0xff, 0xff, 0xff, 0xff, 0xff, 0xff, 0xff, 0xff, 0xff, 0xff, 0xff,
  0xff, 0xff, 0xff, 0xff, 0xff, 0xff, 0xff, 0xff, 0xff, 0xff, 0xff, 0xff,
  0xff, 0xff, 0xff, 0xff, 0xff, 0xff, 0xff, 0xff, 0xff, 0xff, 0xff, 0xff,
  0xff, 0xff, 0xff, 0xff, 0xff, 0xff, 0xff, 0xff, 0xff, 0xff, 0xff, 0xff,
  0xff, 0xff, 0xff, 0xff, 0xff, 0xff, 0xff, 0xff, 0xff, 0xff, 0xff, 0xff,
  0xff, 0xff, 0xff, 0xff, 0xff, 0xff, 0xff, 0xff, 0xff, 0xff, 0xff, 0xff,
  0xff, 0xff, 0xff, 0xff, 0xff, 0xff, 0xff, 0xff, 0xff, 0xff, 0xff, 0xff,
  0xff, 0xff, 0xff, 0xff, 0xff, 0xff, 0xff, 0xff, 0xff, 0xff, 0xff, 0xff,
  0xff, 0xff, 0xff, 0xff, 0xff, 0xff, 0xff, 0xff, 0xff, 0xff, 0xff, 0xff,
  0xff, 0xff, 0xff, 0xff, 0xff, 0xff, 0xff, 0xff, 0xff, 0xff, 0xff, 0xff,
  0xff, 0xff, 0xff, 0xff, 0xff, 0xff, 0xff, 0xff, 0xff, 0xff, 0xff, 0xff,
  0xff, 0xff, 0xff, 0xff, 0xff, 0xff, 0xff, 0xff, 0xff, 0xff, 0xff, 0xff,
  0xff, 0xff, 0xff, 0xff, 0xff, 0xff, 0xff, 0xff, 0xff, 0xff, 0xff, 0xff,
  0xff, 0xff, 0xff, 0xff, 0xff, 0xff, 0xff, 0xff, 0xff, 0xff, 0xff, 0xff,
  0xff, 0xff, 0xff, 0xff, 0xff, 0xff, 0xff, 0xff, 0xff, 0xff, 0xff, 0xff,
  0xff, 0xff, 0xff, 0xff, 0xff, 0xff, 0xff, 0xff, 0xff, 0xff, 0xff, 0xff,
  0xff, 0xff, 0xff, 0xff, 0xff, 0xff, 0xff, 0xff, 0xff, 0xff, 0xff, 0xff,
  0xff, 0xff, 0xff, 0xff, 0xff, 0xff, 0xff, 0xff, 0xff, 0xff, 0xff, 0xff,
  0xff, 0xff, 0xff, 0xff, 0xff, 0xff, 0xff, 0xff, 0xff, 0xff, 0xff, 0xff,
  0xff, 0xff, 0xff, 0xff, 0xff, 0xff, 0xff, 0xff, 0xff, 0xff, 0xff, 0xff,
  0xff, 0xff, 0xff, 0xff, 0xff, 0xff, 0xff, 0xff, 0xff, 0xff, 0xff, 0xff,
  0xff, 0xff, 0xff, 0xff, 0xff, 0xff, 0xff, 0xff, 0xff, 0xff, 0xff, 0xff,
  0xff, 0xff, 0xff, 0xff, 0xff, 0xff, 0xff, 0xff, 0xff, 0xff, 0xff, 0xff,
  0xff, 0xff, 0xff, 0xff, 0xff, 0xff, 0xff, 0xff, 0xff, 0xff, 0xff, 0xff,
  0xff, 0xff, 0xff, 0xff, 0xff, 0xff, 0xff, 0xff, 0xff, 0xff, 0xff, 0xff,
  0xff, 0xff, 0xff, 0xff, 0xff, 0xff, 0xff, 0xff, 0xff, 0xff, 0xff, 0xff,
  0xff, 0xff, 0xff, 0xff, 0xff, 0xff, 0xff, 0xff, 0xff, 0xff, 0xff, 0xff,
  0xff, 0xff, 0xff, 0xff, 0xff, 0xff, 0xff, 0xff, 0xff, 0xff, 0xff, 0xff,
  0xff, 0xff, 0xff, 0xff, 0xff, 0xff, 0xff, 0xff, 0xff, 0xff, 0xff, 0xff,
  0xff, 0xff, 0xff, 0xff, 0xff, 0xff, 0xff, 0xff, 0xff, 0xff, 0xff, 0xff,
  0xff, 0xff, 0xff, 0xff, 0xff, 0xff, 0xff, 0xff, 0xff, 0xff, 0xff, 0xff,
  0xff, 0xff, 0xff, 0xff, 0xff, 0xff, 0xff, 0xff, 0xff, 0xff, 0xff, 0xff,
  0xff, 0xff, 0xff, 0xff, 0xff, 0xff, 0xff, 0xff, 0xff, 0xff, 0xff, 0xff,
  0xff, 0xff, 0xff, 0xff, 0xff, 0xff, 0xff, 0xff, 0xff, 0xff, 0xff, 0xff,
  0xff, 0xff, 0xff, 0xff, 0xff, 0xff, 0xff, 0xff, 0xff, 0xff, 0xff, 0xff,
  0xff, 0xff, 0xff, 0xff, 0xff, 0xff, 0xff, 0xff, 0xff, 0xff, 0xff, 0xff,
  0xff, 0xff, 0xff, 0xff, 0xff, 0xff, 0xff, 0xff, 0xff, 0xff, 0xff, 0xff,
  0xff, 0xff, 0xff, 0xff, 0xff, 0xff, 0xff, 0xff, 0xff, 0xff, 0xff, 0xff,
  0xff, 0xff, 0xff, 0xff, 0xff, 0xff, 0xff, 0xff, 0xff, 0xff, 0xff, 0xff,
  0xff, 0xff, 0xff, 0xff, 0xff, 0xff, 0xff, 0xff, 0xff, 0xff, 0xff, 0xff,
  0xff, 0xff, 0xff, 0xff, 0xff, 0xff, 0xff, 0xff, 0xff, 0xff, 0xff, 0xff,
  0xff, 0xff, 0xff, 0xff, 0xff, 0xff, 0xff, 0xff, 0xff, 0xff, 0xff, 0xff,
  0xff, 0xff, 0xff, 0xff, 0xff, 0xff, 0xff, 0xff, 0xff, 0xff, 0xff, 0xff,
  0xff, 0xff, 0xff, 0xff, 0xff, 0xff, 0xff, 0xff, 0xff, 0xff, 0xff, 0xff,
  0xff, 0xff, 0xff, 0xff, 0xff, 0xff, 0xff, 0xff, 0xff, 0xff, 0xff, 0xff,
  0xff, 0xff, 0xff, 0xff, 0xff, 0xff, 0xff, 0xff, 0xff, 0xff, 0xff, 0xff,
  0xff, 0xff, 0xff, 0xff, 0xff, 0xff, 0xff, 0xff, 0xff, 0xff, 0xff, 0xff,
  0xff, 0xff, 0xff, 0xff, 0xff, 0xff, 0xff, 0xff, 0xff, 0xff, 0xff, 0xff,
  0xff, 0xff, 0xff, 0xff, 0xff, 0xff, 0xff, 0xff, 0xff, 0xff, 0xff, 0xff,
  0xff, 0xff, 0xff, 0xff, 0xff, 0xff, 0xff, 0xff, 0xff, 0xff, 0xff, 0xff,
  0xff, 0xff, 0xff, 0xff, 0xff, 0xff, 0xff, 0xff, 0xff, 0xff, 0xff, 0xff,
  0xff, 0xff, 0xff, 0xff, 0xff, 0xff, 0xff, 0xff, 0xff, 0xff, 0xff, 0xff,
  0xff, 0xff, 0xff, 0xff, 0xff, 0xff, 0xff, 0xff, 0xff, 0xff, 0xff, 0xff,
  0xff, 0xff, 0xff, 0xff, 0xff, 0xff, 0xff, 0xff, 0xff, 0xff, 0xff, 0xff,
  0xff, 0xff, 0xff, 0xff, 0xff, 0xff, 0xff, 0xff, 0xff, 0xff, 0xff, 0xff,
  0xff, 0xff, 0xff, 0xff, 0xff, 0xff, 0xff, 0xff, 0xff, 0xff, 0xff, 0xff,
  0xff, 0xff, 0xff, 0xff, 0xff, 0xff, 0xff, 0xff, 0xff, 0xff, 0xff, 0xff,
  0xff, 0xff, 0xff, 0xff, 0xff, 0xff, 0xff, 0xff, 0xff, 0xff, 0xff, 0xff,
  0xff, 0xff, 0xff, 0xff, 0xff, 0xff, 0xff, 0xff, 0xff, 0xff, 0xff, 0xff,
  0xff, 0xff, 0xff, 0xff, 0xff, 0xff, 0xff, 0xff, 0xff, 0xff, 0xff, 0xff,
  0xff, 0xff, 0xff, 0xff, 0xff, 0xff, 0xff, 0xff, 0xff, 0xff, 0xff, 0xff,
  0xff, 0xff, 0xff, 0xff, 0xff, 0xff, 0xff, 0xff, 0xff, 0xff, 0xff, 0xff,
  0xff, 0xff, 0xff, 0xff, 0xff, 0xff, 0xff, 0xff, 0xff, 0xff, 0xff, 0xff,
  0xff, 0xff, 0xff, 0xff, 0xff, 0xff, 0xff, 0xff, 0xff, 0xff, 0xff, 0xff,
  0xff, 0xff, 0xff, 0xff, 0xff, 0xff, 0xff, 0xff, 0xff, 0xff, 0xff, 0xff,
  0xff, 0xff, 0xff, 0xff, 0xff, 0xff, 0xff, 0xff, 0xff, 0xff, 0xff, 0xff,
  0xff, 0xff, 0xff, 0xff, 0xff, 0xff, 0xff, 0xff, 0xff, 0xff, 0xff, 0xff,
  0xff, 0xff, 0xff, 0xff, 0xff, 0xff, 0xff, 0xff, 0xff, 0xff, 0xff, 0xff,
  0xff, 0xff, 0xff, 0xff, 0xff, 0xff, 0xff, 0xff, 0xff, 0xff, 0xff, 0xff,
  0xff, 0xff, 0xff, 0xff, 0xff, 0xff, 0xff, 0xff, 0xff, 0xff, 0xff, 0xff,
  0xff, 0xff, 0xff, 0xff, 0xff, 0xff, 0xff, 0xff, 0xff, 0xff, 0xff, 0xff,
  0xff, 0xff, 0xff, 0xff, 0xff, 0xff, 0xff, 0xff, 0xff, 0xff, 0xff, 0xff,
  0xff, 0xff, 0xff, 0xff, 0xff, 0xff, 0xff, 0xff, 0xff, 0xff, 0xff, 0xff,
  0xff, 0xff, 0xff, 0xff, 0xff, 0xff, 0xff, 0xff, 0xff, 0xff, 0xff, 0xff,
  0xff, 0xff, 0xff, 0xff, 0xff, 0xff, 0xff, 0xff, 0xff, 0xff, 0xff, 0xff,
  0xff, 0xff, 0xff, 0xff, 0xff, 0xff, 0xff, 0xff, 0xff, 0xff, 0xff, 0xff,
  0xff, 0xff, 0xff, 0xff, 0xff, 0xff, 0xff, 0xff, 0xff, 0xff, 0xff, 0xff,
  0xff, 0xff, 0xff, 0xff, 0xff, 0xff, 0xff, 0xff, 0xff, 0xff, 0xff, 0xff,
  0xff, 0xff, 0xff, 0xff, 0xff, 0xff, 0xff, 0xff, 0xff, 0xff, 0xff, 0xff,
  0xff, 0xff, 0xff, 0xff, 0xff, 0xff, 0xff, 0xff, 0xff, 0xff, 0xff, 0xff,
  0xff, 0xff, 0xff, 0xff, 0xff, 0xff, 0xff, 0xff, 0xff, 0xff, 0xff, 0xff,
  0xff, 0xff, 0xff, 0xff, 0xff, 0xff, 0xff, 0xff, 0xff, 0xff, 0xff, 0xff,
  0xff, 0xff, 0xff, 0xff, 0xff, 0xff, 0xff, 0xff, 0xff, 0xff, 0xff, 0xff,
  0xff, 0xff, 0xff, 0xff, 0xff, 0xff, 0xff, 0xff, 0xff, 0xff, 0xff, 0xff,
  0xff, 0xff, 0xff, 0xff, 0xff, 0xff, 0xff, 0xff, 0xff, 0xff, 0xff, 0xff,
  0xff, 0xff, 0xff, 0xff, 0xff, 0xff, 0xff, 0xff, 0xff, 0xff, 0xff, 0xff,
  0xff, 0xff, 0xff, 0xff, 0xff, 0xff, 0xff, 0xff, 0xff, 0xff, 0xff, 0xff,
  0xff, 0xff, 0xff, 0xff, 0xff, 0xff, 0xff, 0xff, 0xff, 0xff, 0xff, 0xff,
  0xff, 0xff, 0xff, 0xff, 0xff, 0xff, 0xff, 0xff, 0xff, 0xff, 0xff, 0xff,
  0xff, 0xff, 0xff, 0xff, 0xff, 0xff, 0xff, 0xff, 0xff, 0xff, 0xff, 0xff,
  0xff, 0xff, 0xff, 0xff, 0xff, 0xff, 0xff, 0xff, 0xff, 0xff, 0xff, 0xff,
  0xff, 0xff, 0xff, 0xff, 0xff, 0xff, 0xff, 0xff, 0xff, 0xff, 0xff, 0xff,
  0xff, 0xff, 0xff, 0xff, 0xff, 0xff, 0xff, 0xff, 0xff, 0xff, 0xff, 0xff,
  0xff, 0xff, 0xff, 0xff, 0xff, 0xff, 0xff, 0xff, 0xff, 0xff, 0xff, 0xff,
  0xff, 0xff, 0xff, 0xff, 0xff, 0xff, 0xff, 0xff, 0xff, 0xff, 0xff, 0xff,
  0xff, 0xff, 0xff, 0xff, 0xff, 0xff, 0xff, 0xff, 0xff, 0xff, 0xff, 0xff,
  0xff, 0xff, 0xff, 0xff, 0xff, 0xff, 0xff, 0xff, 0xff, 0xff, 0xff, 0xff,
  0xff, 0xff, 0xff, 0xff, 0xff, 0xff, 0xff, 0xff, 0xff, 0xff, 0xff, 0xff,
  0xff, 0xff, 0xff, 0xff, 0xff, 0xff, 0xff, 0xff, 0xff, 0xff, 0xff, 0xff,
  0xff, 0xff, 0xff, 0xff, 0xff, 0xff, 0xff, 0xff, 0xff, 0xff, 0xff, 0xff,
  0xff, 0xff, 0xff, 0xff, 0xff, 0xff, 0xff, 0xff, 0xff, 0xff, 0xff, 0xff,
  0xff, 0xff, 0xff, 0xff, 0xff, 0xff, 0xff, 0xff, 0xff, 0xff, 0xff, 0xff,
  0xff, 0xff, 0xff, 0xff, 0xff, 0xff, 0xff, 0xff, 0xff, 0xff, 0xff, 0xff,
  0xff, 0xff, 0xff, 0xff, 0xff, 0xff, 0xff, 0xff, 0xff, 0xff, 0xff, 0xff,
  0xff, 0xff, 0xff, 0xff, 0xff, 0xff, 0xff, 0xff, 0xff, 0xff, 0xff, 0xff,
  0xff, 0xff, 0xff, 0xff, 0xff, 0xff, 0xff, 0xff, 0xff, 0xff, 0xff, 0xff,
  0xff, 0xff, 0xff, 0xff, 0xff, 0xff, 0xff, 0xff, 0xff, 0xff, 0xff, 0xff,
  0xff, 0xff, 0xff, 0xff, 0xff, 0xff, 0xff, 0xff, 0xff, 0xff, 0xff, 0xff,
  0xff, 0xff, 0xff, 0xff, 0xff, 0xff, 0xff, 0xff, 0xff, 0xff, 0xff, 0xff,
  0xff, 0xff, 0xff, 0xff, 0xff, 0xff, 0xff, 0xff, 0xff, 0xff, 0xff, 0xff,
  0xff, 0xff, 0xff, 0xff, 0xff, 0xff, 0xff, 0xff, 0xff, 0xff, 0xff, 0xff,
  0xff, 0xff, 0xff, 0xff, 0xff, 0xff, 0xff, 0xff, 0xff, 0xff, 0xff, 0xff,
  0xff, 0xff, 0xff, 0xff, 0xff, 0xff, 0xff, 0xff, 0xff, 0xff, 0xff, 0xff,
  0xff, 0xff, 0xff, 0xff, 0xff, 0xff, 0xff, 0xff, 0xff, 0xff, 0xff, 0xff,
  0xff, 0xff, 0xff, 0xff, 0xff, 0xff, 0xff, 0xff, 0xff, 0xff, 0xff, 0xff,
  0xff, 0xff, 0xff, 0xff, 0xff, 0xff, 0xff, 0xff, 0xff, 0xff, 0xff, 0xff,
  0xff, 0xff, 0xff, 0xff, 0xff, 0xff, 0xff, 0xff, 0xff, 0xff, 0xff, 0xff,
  0xff, 0xff, 0xff, 0xff, 0xff, 0xff, 0xff, 0xff, 0xf3, 0x21, 0x5e, 0xf5,
  0x7e, 0x32, 0x15, 0x7b, 0x23, 0xe5, 0x23, 0x23, 0x11, 0x16, 0x7b, 0x01,
  0x09, 0x00, 0xed, 0xb0, 0xe1, 0x46, 0x23, 0x7e, 0x21, 0x00, 0x00, 0xb7,
  0x28, 0x08, 0x37, 0xcb, 0x1c, 0xcb, 0x1d, 0x3d, 0x18, 0xf6, 0x29, 0xcb,
  0x17, 0x6c, 0x67, 0x78, 0x32, 0x1f, 0x7b, 0x0f, 0x30, 0x0c, 0xcb, 0x3c,
  0xcb, 0x1d, 0xcb, 0x3c, 0xcb, 0x1d, 0xcb, 0x3c, 0xcb, 0x1d, 0xeb, 0xd5,
  0xcd, 0xad, 0x6a, 0xcd, 0x11, 0x6b, 0xcd, 0x9f, 0x40, 0xf3, 0xcd, 0x5a,
  0x4d, 0xcd, 0xb1, 0x05, 0x21, 0x7b, 0x4e, 0x11, 0x89, 0x7e, 0x01, 0x21,
  0x00, 0xed, 0xb0, 0x21, 0x9c, 0x4e, 0x11, 0xda, 0x7e, 0x01, 0x19, 0x00,
  0xed, 0xb0, 0x3e, 0xc3, 0x32, 0x00, 0x73, 0x21, 0x89, 0x3e, 0x22, 0x01,
  0x73, 0x21, 0x37, 0xc9, 0x22, 0x08, 0x73, 0x21, 0x16, 0x67, 0x22, 0x41,
  0x73, 0x21, 0x8f, 0x4c, 0x22, 0x45, 0x73, 0x21, 0x5b, 0x4b, 0x22, 0x70,
  0x73, 0x21, 0xb6, 0x4c, 0x22, 0x72, 0x73, 0x21, 0xb3, 0x4c, 0x22, 0x74,
  0x73, 0xfd, 0x21, 0x80, 0x32, 0xcd, 0xbe, 0x4e, 0xfd, 0x21, 0xc0, 0x32,
  0xcd, 0xbe, 0x4e, 0x11, 0xff, 0xff, 0x3a, 0xa3, 0x72, 0xcd, 0xb5, 0x4e,
  0x22, 0xe4, 0x7e, 0x3a, 0xe4, 0x32, 0xcb, 0x4f, 0x20, 0x0d, 0x3a, 0xe3,
  0x72, 0xcd, 0xb5, 0x4e, 0x22, 0xe8, 0x7e, 0xed, 0x53, 0xea, 0x7e, 0x3a,
  0xfc, 0xfa, 0x21, 0x3f, 0x00, 0xe6, 0x06, 0x28, 0x06, 0x6b, 0xfe, 0x02,
  0x28, 0x01, 0x24, 0x22, 0xee, 0x7e, 0xcd, 0x66, 0x4d, 0x21, 0x13, 0x7f,
  0x5d, 0x54, 0x13, 0xd5, 0x01, 0x7f, 0x00, 0x36, 0x00, 0xed, 0xb0, 0xe1,
  0x23, 0x23, 0x23, 0x36, 0x80, 0x23, 0x23, 0x36, 0x40, 0x23, 0x36, 0x1f,
  0x21, 0x7f, 0x00, 0x22, 0x82, 0x7e, 0x21, 0xff, 0xff, 0x22, 0x84, 0x7e,
  0xaf, 0x32, 0x88, 0x7e, 0xd1, 0xcd, 0xd0, 0x48, 0xcd, 0x5a, 0x4d, 0x3e,
  0x11, 0x0e, 0x98, 0xc7, 0x3e, 0x12, 0x0e, 0xcc, 0xc7, 0x3e, 0x10, 0x0e,
  0x03, 0xc7, 0xc3, 0x66, 0x4d, 0xe5, 0x21, 0x13, 0x7b, 0xcb, 0xd6, 0x2a,
  0x4a, 0xfc, 0x11, 0x80, 0x01, 0xb7, 0xed, 0x52, 0x22, 0x4a, 0xfc, 0x22,
  0x2d, 0x74, 0xcd, 0xa6, 0x6d, 0x3a, 0xa7, 0xff, 0xfe, 0xc9, 0x28, 0x03,
  0x22, 0x49, 0xf3, 0x2a, 0x1c, 0xf4, 0x22, 0xbe, 0xf6, 0x21, 0x75, 0x81,
  0x11, 0x06, 0xf8, 0x01, 0x1b, 0x00, 0xed, 0xb0, 0x3a, 0x5f, 0xf8, 0x32,
  0x0b, 0xf8, 0xe1, 0x7d, 0x32, 0x13, 0xf8, 0x7c, 0x32, 0x1b, 0xf8, 0xaf,
  0x32, 0x5f, 0xf8, 0x21, 0x5e, 0xf5, 0x22, 0x60, 0xf8, 0x21, 0x60, 0xf5,
  0x22, 0x5e, 0xf5, 0x77, 0xdd, 0x21, 0x01, 0x46, 0xc9, 0x3a, 0xcd, 0xb7,
  0xef, 0x0f, 0x00, 0x3a, 0x98, 0x0c, 0xc0, 0xf6, 0x2c, 0x0f, 0x00, 0x3a,
  0x98, 0x0c, 0xc1, 0xf6, 0x2c, 0x0f, 0x00, 0x3a, 0x99, 0x00, 0x00, 0x00,
  0x3a, 0x91, 0x33, 0x32, 0x05, 0xb0, 0x3e, 0xc0, 0xcd, 0x75, 0x84, 0xb7,
  0x28, 0x24, 0x79, 0xb7, 0x28, 0x20, 0x3e, 0x04, 0x32, 0xa4, 0x32, 0x3e,
  0xc2, 0xcd, 0x75, 0x84, 0xb7, 0x28, 0x0f, 0x79, 0xb7, 0x28, 0x0b, 0x3e,
  0x05, 0x32, 0xe4, 0x32, 0x3e, 0xc0, 0x32, 0x01, 0xb0, 0xc9, 0x3e, 0x07,
  0x18, 0xf3, 0x3e, 0xc2, 0xcd, 0x75, 0x84, 0xb7, 0x3e, 0x07, 0x06, 0x00,
  0x28, 0x08, 0x79, 0xb7, 0x28, 0x04, 0x3e, 0x05, 0x06, 0xc2, 0x32, 0xa4,
  0x32, 0x21, 0x91, 0x33, 0xcb, 0xc6, 0x78, 0x32, 0x01, 0xb0, 0xc9, 0x3a,
  0x01, 0xb0, 0x6f, 0x3a, 0xe4, 0x32, 0x2f, 0xe6, 0x02, 0x28, 0x03, 0x7d,
  0xc6, 0x02, 0x32, 0x02, 0xb0, 0xc9, 0xed, 0x57, 0xf5, 0x3a, 0x0e, 0x7b,
  0xf5, 0xf3, 0x21, 0xc5, 0xfc, 0x5e, 0x23, 0x56, 0x23, 0xd5, 0x5e, 0x23,
  0x56, 0xd5, 0x21, 0xca, 0xfc, 0xcb, 0x6e, 0x28, 0x1e, 0xe5, 0x11, 0xc9,
  0xfc, 0xb7, 0xed, 0x52, 0x7d, 0x0f, 0x0f, 0x0f, 0x0f, 0xe6, 0x03, 0x5f,
  0x7d, 0xe6, 0x0c, 0xb3, 0x16, 0x00, 0x21, 0xc1, 0xfc, 0x19, 0xb6, 0xe1,
  0xcd, 0x73, 0x82, 0x11, 0x04, 0x00, 0x19, 0x11, 0x09, 0xfd, 0x7c, 0xba,
  0x38, 0xd3, 0x7d, 0xbb, 0x38, 0xcf, 0xd1, 0xc1, 0x21, 0xc5, 0xfc, 0x71,
  0x23, 0x70, 0x23, 0x73, 0x23, 0x72, 0xdb, 0xa8, 0xfd, 0x67, 0xe6, 0x3f,
  0x21, 0xff, 0xff, 0xd3, 0xa8, 0x71, 0xc6, 0x40, 0xd3, 0xa8, 0x70, 0xc6,
  0x40, 0xd3, 0xa8, 0x73, 0xc6, 0x40, 0xd3, 0xa8, 0x72, 0xfd, 0x7c, 0xd3,
  0xa8, 0xf1, 0x26, 0x40, 0xcd, 0x24, 0x00, 0xf1, 0xe0, 0xfb, 0xc9, 0xe5,
  0x26, 0x40, 0xcd, 0x24, 0x00, 0x21, 0xaa, 0x82, 0x11, 0x1c, 0x40, 0xcd,
  0xa0, 0x82, 0x20, 0x1a, 0x21, 0xae, 0x82, 0x11, 0x18, 0x40, 0xcd, 0xa0,
  0x82, 0x28, 0x0b, 0x21, 0xb2, 0x82, 0x11, 0x18, 0x40, 0xcd, 0xa0, 0x82,
  0x20, 0x04, 0xe1, 0xe5, 0xaf, 0x77, 0xe1, 0xc9, 0x06, 0x04, 0x1a, 0xbe,
  0xc0, 0x13, 0x23, 0x10, 0xf9, 0xc9, 0x4f, 0x50, 0x4c, 0x4c, 0x41, 0x50,
  0x52, 0x4c, 0x50, 0x41, 0x43, 0x32, 0xcd, 0x27, 0x6a, 0x4f, 0xcd, 0x27,
  0x6a, 0x47, 0xcd, 0x57, 0x68, 0x20, 0x01, 0xd8, 0x79, 0xfe, 0x08, 0xd2,
  0x6c, 0x83, 0xc5, 0x78, 0x08, 0x69, 0xdd, 0x21, 0x00, 0x70, 0x06, 0x12,
  0x11, 0x20, 0x00, 0xdd, 0x7e, 0x1b, 0xe6, 0x14, 0x20, 0x1c, 0xdd, 0x7e,
  0x1a, 0xfe, 0x17, 0x28, 0x15, 0x30, 0x19, 0xfe, 0x07, 0x28, 0x21, 0x38,
  0x0d, 0xfe, 0x09, 0x28, 0x09, 0x38, 0x19, 0xfe, 0x11, 0x30, 0x15, 0x0f,
  0x38, 0x12, 0xdd, 0x19, 0x10, 0xd9, 0x18, 0x49, 0xfe, 0x18, 0x28, 0xf6,
  0xfe, 0x21, 0x28, 0xf2, 0xfe, 0x30, 0x28, 0xee, 0x7d, 0xe6, 0x01, 0x4f,
  0x7d, 0xe6, 0x3e, 0x07, 0x07, 0x07, 0x07, 0xc6, 0x20, 0xb1, 0xcb, 0x21,
  0xb1, 0xfe, 0x43, 0x28, 0x0c, 0x4f, 0x08, 0xcd, 0xa2, 0x07, 0x08, 0xdd,
  0x19, 0x10, 0xac, 0x18, 0x1c, 0x08, 0xf5, 0x4d, 0xc5, 0xcd, 0x26, 0x84,
  0x79, 0x0e, 0xc0, 0xcd, 0xa2, 0x07, 0x0e, 0x43, 0x78, 0xcd, 0xa2, 0x07,
  0xc1, 0x69, 0xf1, 0x08, 0x11, 0x20, 0x00, 0x18, 0xb1, 0xd1, 0x7b, 0xfe,
  0x03, 0x28, 0x0f, 0xcb, 0x3f, 0x30, 0x02, 0xc6, 0x08, 0x21, 0xf0, 0x7e,
  0x06, 0x00, 0x4f, 0x09, 0x72, 0xc9, 0xcd, 0x26, 0x84, 0xdd, 0x21, 0xe0,
  0x7e, 0xdd, 0x71, 0x0a, 0xdd, 0x70, 0x19, 0xc9, 0xfe, 0x0e, 0x20, 0x10,
  0xfd, 0x7e, 0x22, 0xe6, 0xc0, 0x4f, 0x78, 0xe6, 0x3f, 0xb1, 0x0e, 0xbd,
  0xcd, 0x65, 0x07, 0xc9, 0xe6, 0x0f, 0xfe, 0x09, 0xd0, 0xdd, 0x21, 0x00,
  0x70, 0xcd, 0xaa, 0x5c, 0x79, 0xfe, 0x39, 0xd0, 0xfe, 0x30, 0x30, 0x45,
  0xfe, 0x20, 0x30, 0x21, 0xfe, 0x10, 0x30, 0x00, 0x78, 0x87, 0xdd, 0x77,
  0x14, 0x0e, 0xa0, 0xcd, 0xa2, 0x07, 0x78, 0xe6, 0x80, 0x07, 0x67, 0xdd,
  0x7e, 0x14, 0xe6, 0xfe, 0xb4, 0xdd, 0x77, 0x14, 0x0e, 0xb0, 0xc3, 0xa2,
  0x07, 0x78, 0xe6, 0x20, 0x67, 0xdd, 0x7e, 0x1b, 0xe6, 0xdf, 0xb4, 0xdd,
  0x77, 0x1b, 0x78, 0xe6, 0x1f, 0x87, 0x67, 0xdd, 0x7e, 0x14, 0xe6, 0x01,
  0xb4, 0xdd, 0x77, 0x14, 0x0e, 0xb0, 0xc3, 0xa2, 0x07, 0x78, 0x87, 0x87,
  0x67, 0xdd, 0x7e, 0x09, 0xe6, 0xc0, 0xb4, 0xdd, 0x77, 0x09, 0x0e, 0x43,
  0xcd, 0xa2, 0x07, 0xcd, 0x57, 0x68, 0x20, 0x12, 0x21, 0x16, 0x84, 0x78,
  0x0f, 0x0f, 0x0f, 0x0f, 0xe6, 0x0f, 0x5f, 0x16, 0x00, 0x19, 0x4e, 0xc3,
  0x14, 0x0d, 0x78, 0xe6, 0xf0, 0x0f, 0x0f, 0x67, 0xdd, 0x7e, 0x01, 0xe6,
  0xc0, 0xb4, 0xdd, 0x77, 0x01, 0x0e, 0x40, 0xc3, 0xa2, 0x07, 0x3f, 0x02,
  0x0a, 0x00, 0x03, 0x04, 0x05, 0x06, 0x09, 0x30, 0x18, 0x0e, 0x10, 0x17,
  0x21, 0x0c, 0x47, 0xe6, 0x07, 0x87, 0x4f, 0xdd, 0x7e, 0x16, 0xe6, 0xf1,
  0xb1, 0x4f, 0x78, 0xe6, 0xc0, 0x57, 0xdd, 0x7e, 0x09, 0xe6, 0x3f, 0xb2,
  0x47, 0xc9, 0xb7, 0x8a, 0xbf, 0x8e, 0x21, 0x06, 0x00, 0x3a, 0xc1, 0xfc,
  0xcd, 0x0c, 0x00, 0x3c, 0x4f, 0x06, 0x05, 0x21, 0x00, 0x00, 0xfb, 0x76,
  0xf3, 0xe3, 0xe3, 0xdd, 0xe5, 0xdd, 0xe1, 0xe3, 0xe3, 0xe3, 0xe3, 0xe3,
  0xe3, 0xdd, 0xe3, 0xdd, 0xe3, 0xdd, 0xe3, 0xdd, 0xe3, 0x23, 0xed, 0x78,
  0xcb, 0x27, 0x30, 0xe5, 0x10, 0xe3, 0xfb, 0x7c, 0xc9, 0xf3, 0x32, 0x01,
  0xb0, 0xc6, 0x02, 0x32, 0x02, 0xb0, 0x21, 0x06, 0x00, 0x3a, 0xc1, 0xfc,
  0xcd, 0x0c, 0x00, 0x3c, 0x32, 0x00, 0xb0, 0x01, 0x60, 0x04, 0xcd, 0x01,
  0x85, 0x0e, 0x80, 0xcd, 0x01, 0x85, 0x3a, 0x01, 0xb0, 0x4f, 0xed, 0x78,
  0x57, 0xe6, 0x40, 0x20, 0x3d, 0x01, 0xff, 0x02, 0xcd, 0x01, 0x85, 0x01,
  0x21, 0x04, 0xcd, 0x01, 0x85, 0x3e, 0x02, 0xcd, 0xe4, 0x84, 0x3a, 0x01,
  0xb0, 0x4f, 0xed, 0x78, 0xe6, 0x40, 0x28, 0x22, 0x01, 0x78, 0x04, 0xcd,
  0x01, 0x85, 0x7a, 0xe6, 0x06, 0x28, 0x0f, 0x3e, 0x06, 0x32, 0x04, 0xb0,
  0x7a, 0xfe, 0x06, 0x3e, 0x02, 0x28, 0x05, 0x3d, 0x18, 0x02, 0x3e, 0x03,
  0xf5, 0xcd, 0xf6, 0x84, 0xf1, 0xc9, 0x3e, 0x00, 0x0e, 0x00, 0xfb, 0xc9,
  0xed, 0x4b, 0x00, 0xb0, 0x47, 0xed, 0x78, 0xf2, 0xe9, 0x84, 0xed, 0x78,
  0xfa, 0xee, 0x84, 0x10, 0xf4, 0xc9, 0xfe, 0x02, 0x0e, 0x00, 0xd0, 0x0e,
  0x01, 0xc9, 0x50, 0x4c, 0x4c, 0xed, 0x57, 0xf5, 0xc5, 0xd5, 0x50, 0x59,
  0x3a, 0x01, 0xb0, 0xc3, 0x31, 0x85, 0xed, 0x57, 0xf5, 0xc5, 0xd5, 0x50,
  0x59, 0x3a, 0x02, 0xb0, 0xc3, 0x31, 0x85, 0xed, 0x57, 0xf5, 0xc5, 0xd5,
  0x50, 0x59, 0x0e, 0x7e, 0xc3, 0x32, 0x85, 0xed, 0x57, 0xf5, 0xc5, 0xd5,
  0x50, 0x59, 0x3a, 0x03, 0xb0, 0x4f, 0xf3, 0xed, 0x51, 0x06, 0x01, 0xcd,
  0x48, 0x85, 0x0c, 0xed, 0x59, 0x06, 0x06, 0xcd, 0x48, 0x85, 0xd1, 0xc1,
  0xf1, 0xe0, 0xfb, 0xc9, 0x3a, 0x05, 0xb0, 0x07, 0xd0, 0xdb, 0xe6, 0x57,
  0xdb, 0xe6, 0x92, 0xb8, 0x38, 0xfa, 0xc9, 0x58, 0xd5, 0xc5, 0x21, 0xb0,
  0x85, 0x16, 0x00, 0x19, 0x5e, 0x21, 0xa5, 0x85, 0x16, 0x0a, 0x7a, 0xfe,
  0x07, 0x28, 0x15, 0xfe, 0x02, 0x28, 0x2c, 0xdd, 0x4e, 0x00, 0x7e, 0x83,
  0x47, 0xcd, 0x27, 0x85, 0x23, 0xdd, 0x23, 0x15, 0xc2, 0x66, 0x85, 0xc9,
  0xc1, 0x79, 0xe6, 0x0f, 0x87, 0x87, 0xdd, 0xcb, 0x07, 0x46, 0x28, 0x08,
  0xc6, 0x0c, 0xfe, 0x40, 0x38, 0x02, 0x3e, 0x3f, 0xdd, 0xb6, 0x00, 0x4f,
  0xc3, 0x72, 0x85, 0xc1, 0x79, 0xdd, 0x4e, 0x00, 0xc6, 0xc0, 0xc3, 0x74,
  0x85, 0x20, 0x23, 0x40, 0x43, 0x60, 0x63, 0x80, 0x83, 0xc0, 0xe0, 0xe3,
  0x00, 0x01, 0x02, 0x08, 0x09, 0x0a, 0x10, 0x11, 0x12, 0x32, 0x34, 0xb0,
  0x32, 0x03, 0xb0, 0x01, 0x00, 0x20, 0xcd, 0x27, 0x85, 0x04, 0x78, 0xfe,
  0xf6, 0x38, 0xf7, 0xaf, 0x21, 0x07, 0xb0, 0x11, 0x08, 0xb0, 0x01, 0x2a,
  0x00, 0x77, 0xed, 0xb0, 0x3e, 0x09, 0x32, 0x32, 0xb0, 0x01, 0x40, 0x08,
  0xcd, 0x01, 0x85, 0x01, 0xc0, 0xbd, 0xcd, 0x01, 0x85, 0x21, 0x35, 0xb0,
  0x11, 0x36, 0xb0, 0x01, 0x0a, 0x00, 0x36, 0x00, 0xed, 0xb0, 0xc9, 0xd5,
  0x59, 0x3e, 0x7c, 0xc3, 0x31, 0x85, 0xdd, 0xe5, 0x32, 0x33, 0xb0, 0x3a,
  0x32, 0xb0, 0x3d, 0x57, 0x21, 0xa5, 0x85, 0x06, 0x00, 0x4b, 0x09, 0x7e,
  0x5f, 0xfe, 0xc0, 0xdd, 0x21, 0x29, 0xb0, 0x28, 0x44, 0x21, 0xb0, 0x85,
  0xdd, 0x7e, 0x00, 0xe6, 0xf0, 0xc2, 0x53, 0x86, 0x7b, 0xfe, 0x43, 0xc2,
  0x49, 0x86, 0xdd, 0x7e, 0x00, 0xe6, 0x0f, 0x87, 0x87, 0x4f, 0x3a, 0x3f,
  0xb0, 0xe6, 0x01, 0x28, 0x09, 0xc6, 0x0c, 0xfe, 0x40, 0x38, 0x02, 0x3e,
  0x3f, 0x4f, 0x3a, 0x33, 0xb0, 0xb1, 0xc3, 0x4c, 0x86, 0x3a, 0x33, 0xb0,
  0x4f, 0x7b, 0x86, 0x47, 0xcd, 0x27, 0x85, 0xdd, 0x23, 0x23, 0x15, 0xf2,
  0x1c, 0x86, 0xdd, 0xe1, 0xc9, 0xdd, 0x7e, 0x00, 0xe6, 0xf0, 0xc2, 0x73,
  0x86, 0xed, 0x4b, 0x33, 0xb0, 0x3a, 0x32, 0xb0, 0x3d, 0x92, 0x83, 0x47,
  0xcd, 0x27, 0x85, 0xdd, 0x23, 0x15, 0xf2, 0x5d, 0x86, 0xdd, 0xe1, 0xc9,
  0x42, 0x4b, 0x3a, 0x34, 0xb0, 0x32, 0x03, 0xb0, 0x21, 0xf9, 0xaf, 0x16,
  0x00, 0x58, 0x19, 0x78, 0xe6, 0x3f, 0xfe, 0x30, 0xd2, 0x9a, 0x88, 0xfe,
  0x20, 0xd2, 0x64, 0x87, 0xfe, 0x10, 0xd2, 0x39, 0x87, 0xfe, 0x03, 0xca,
  0xb7, 0x86, 0xfe, 0x0e, 0xca, 0xf8, 0x86, 0xfe, 0x08, 0xd0, 0x79, 0x58,
  0x16, 0x00, 0x21, 0x35, 0xb0, 0x19, 0x77, 0xcd, 0xfe, 0x85, 0xc9, 0xfd,
  0xe5, 0xdd, 0xe5, 0xdd, 0x21, 0x35, 0xb0, 0x79, 0xf5, 0xe6, 0xc0, 0xdd,
  0x77, 0x03, 0x1e, 0x03, 0xcd, 0xfe, 0x85, 0xf1, 0xf5, 0xe6, 0x07, 0x87,
  0xdd, 0x77, 0x08, 0x1e, 0x08, 0xcd, 0xfe, 0x85, 0xf1, 0x0f, 0x0f, 0x0f,
  0xf5, 0xe6, 0x01, 0xdd, 0x77, 0x09, 0x1e, 0x09, 0xcd, 0xfe, 0x85, 0xf1,
  0x0f, 0xe6, 0x01, 0xdd, 0x77, 0x0a, 0x1e, 0x0a, 0xcd, 0xfe, 0x85, 0xdd,
  0xe1, 0xfd, 0xe1, 0xc9, 0x7e, 0x71, 0xa9, 0xe6, 0x20, 0x79, 0xc2, 0x09,
  0x87, 0x06, 0xbd, 0xf6, 0xc0, 0x4f, 0xc3, 0x27, 0x85, 0xe6, 0x20, 0xca,
  0x1b, 0x87, 0xdd, 0xe5, 0xcd, 0x69, 0x89, 0xdd, 0xe1, 0x3a, 0x07, 0xb0,
  0xc3, 0x01, 0x87, 0x79, 0xcd, 0x01, 0x87, 0x3e, 0x06, 0x21, 0x2f, 0xb0,
  0x4e, 0x47, 0xf5, 0xe5, 0xcd, 0xfb, 0x88, 0xe1, 0xf1, 0x3c, 0x23, 0xfe,
  0x09, 0x38, 0xf1, 0x3e, 0x09, 0x32, 0x32, 0xb0, 0xc9, 0x78, 0xe6, 0x0f,
  0xc6, 0xa0, 0x56, 0x71, 0x47, 0xcb, 0x21, 0xcd, 0x27, 0x85, 0x7a, 0xe6,
  0x80, 0x57, 0x7e, 0xe6, 0x80, 0xaa, 0xc8, 0x7e, 0xe6, 0x80, 0x07, 0x4f,
  0x11, 0x10, 0x00, 0x19, 0x78, 0x83, 0x47, 0x7e, 0xe6, 0x1f, 0x87, 0xb1,
  0x4f, 0xc3, 0x27, 0x85, 0xdd, 0xe5, 0xfd, 0xe5, 0x78, 0xe6, 0x0f, 0x5f,
  0x46, 0x71, 0xe5, 0xfd, 0xe1, 0xd5, 0xc5, 0x21, 0x29, 0xb0, 0x16, 0x00,
  0x19, 0x7e, 0x0f, 0x0f, 0x0f, 0x0f, 0xe6, 0x0f, 0xdd, 0x21, 0x35, 0xb0,
  0x28, 0x10, 0xdd, 0x21, 0x9a, 0x89, 0x3d, 0x28, 0x09, 0x47, 0xaf, 0xc6,
  0x0b, 0x10, 0xfc, 0x4f, 0xdd, 0x09, 0xc1, 0x78, 0xe6, 0x30, 0x0f, 0x0f,
  0x5f, 0x79, 0xe6, 0x30, 0xb3, 0x0f, 0x0f, 0xd1, 0x57, 0xfd, 0x7e, 0xf0,
  0x07, 0xe6, 0x01, 0xcb, 0x21, 0xb1, 0xe6, 0x3f, 0x4f, 0x7b, 0xc6, 0xb0,
  0x47, 0xc5, 0x7a, 0xb7, 0xca, 0x91, 0x88, 0x06, 0x00, 0x4b, 0x21, 0xb0,
  0x85, 0x09, 0x7e, 0xc6, 0x80, 0x47, 0x7a, 0xe6, 0x0f, 0xfe, 0x01, 0x28,
  0x04, 0xfe, 0x03, 0x20, 0x2c, 0xdd, 0x7e, 0x00, 0xe6, 0x20, 0xc2, 0xe4,
  0x87, 0xdd, 0x7e, 0x06, 0xe6, 0xf0, 0xf6, 0x07, 0x4f, 0xcd, 0x27, 0x85,
  0xdd, 0x7e, 0x01, 0xe6, 0x20, 0xc2, 0x91, 0x88, 0x04, 0x04, 0x04, 0xdd,
  0x7e, 0x07, 0xe6, 0xf0, 0xf6, 0x07, 0x4f, 0xcd, 0x27, 0x85, 0xc3, 0x91,
  0x88, 0xfe, 0x02, 0x20, 0x2b, 0xdd, 0x7e, 0x00, 0xdd, 0x4e, 0x06, 0xe6,
  0x20, 0x20, 0x06, 0x79, 0xe6, 0xf0, 0xf6, 0x07, 0x4f, 0xcd, 0x27, 0x85,
  0xdd, 0x7e, 0x01, 0xdd, 0x4e, 0x07, 0xe6, 0x20, 0x20, 0x09, 0x79, 0xe6,
  0xf0, 0xf6, 0x07, 0x4f, 0x04, 0x04, 0x04, 0xcd, 0x27, 0x85, 0x18, 0x65,
  0xfe, 0x04, 0x20, 0x1f, 0xdd, 0x7e, 0x00, 0xe6, 0x20, 0x20, 0x06, 0xdd,
  0x4e, 0x06, 0xcd, 0x27, 0x85, 0xdd, 0x7e, 0x01, 0xe6, 0x20, 0x20, 0x4d,
  0xdd, 0x4e, 0x07, 0x04, 0x04, 0x04, 0xcd, 0x27, 0x85, 0x18, 0x42, 0xfe,
  0x06, 0x28, 0x04, 0xfe, 0x07, 0x20, 0x11, 0xdd, 0x4e, 0x06, 0xcd, 0x27,
  0x85, 0x04, 0x04, 0x04, 0xdd, 0x4e, 0x07, 0xcd, 0x27, 0x85, 0x18, 0x29,
  0xfe, 0x08, 0x28, 0x0c, 0xfe, 0x09, 0x28, 0x08, 0xfe, 0x0c, 0x28, 0x04,
  0xfe, 0x0d, 0x20, 0x19, 0xdd, 0x7e, 0x06, 0xe6, 0xf0, 0xf6, 0x05, 0x4f,
  0xcd, 0x27, 0x85, 0x04, 0x04, 0x04, 0xdd, 0x7e, 0x07, 0xe6, 0xf0, 0xf6,
  0x05, 0x4f, 0xcd, 0x27, 0x85, 0xc1, 0xcd, 0x27, 0x85, 0xfd, 0xe1, 0xdd,
  0xe1, 0xc9, 0x3a, 0x32, 0xb0, 0x5f, 0x78, 0xe6, 0x0f, 0x47, 0xfe, 0x09,
  0x30, 0xeb, 0xbb, 0x38, 0x47, 0x71, 0xdd, 0xe5, 0xc5, 0xdd, 0x21, 0x3f,
  0x8a, 0x78, 0xd6, 0x06, 0x28, 0x09, 0x47, 0xaf, 0xc6, 0x0b, 0x10, 0xfc,
  0x4f, 0xdd, 0x09, 0xc1, 0x78, 0xfe, 0x06, 0x28, 0x0d, 0x79, 0xe6, 0xf0,
  0x0f, 0x0f, 0x57, 0xdd, 0x7e, 0x02, 0xe6, 0xc0, 0xb2, 0x57, 0x79, 0xe6,
  0x0f, 0x87, 0x87, 0xdd, 0xb6, 0x03, 0x5f, 0xdd, 0xe1, 0x78, 0xc6, 0x4a,
  0x47, 0xfe, 0x50, 0x28, 0x04, 0x4a, 0xcd, 0x27, 0x85, 0x04, 0x04, 0x04,
  0x4b, 0xc3, 0x27, 0x85, 0x7e, 0x71, 0xe6, 0xf0, 0x5f, 0x79, 0xe6, 0xf0,
  0xbb, 0x28, 0x27, 0xdd, 0xe5, 0xc5, 0x79, 0x0f, 0x0f, 0x0f, 0x0f, 0xe6,
  0x0f, 0xdd, 0x21, 0x35, 0xb0, 0x28, 0x10, 0xdd, 0x21, 0x9a, 0x89, 0x3d,
  0x28, 0x09, 0x47, 0xaf, 0xc6, 0x0b, 0x10, 0xfc, 0x4f, 0xdd, 0x09, 0xc1,
  0xcd, 0x57, 0x85, 0xdd, 0xe1, 0xc9, 0xdd, 0xe5, 0xc5, 0x0f, 0x0f, 0x0f,
  0x0f, 0xe6, 0x0f, 0xdd, 0x21, 0x35, 0xb0, 0x28, 0x10, 0xdd, 0x21, 0x9a,
  0x89, 0x3d, 0x28, 0x09, 0x47, 0xaf, 0xc6, 0x0b, 0x10, 0xfc, 0x4f, 0xdd,
  0x09, 0xc1, 0x79, 0xe6, 0x0f, 0x87, 0x87, 0xdd, 0xcb, 0x0a, 0x46, 0x28,
  0x08, 0xc6, 0x0c, 0xfe, 0x40, 0x38, 0x02, 0x3e, 0x3f, 0xdd, 0xb6, 0x03,
  0x4f, 0xdd, 0xe1, 0x21, 0xb0, 0x85, 0x16, 0x00, 0x58, 0x19, 0x7e, 0xc6,
  0x43, 0x47, 0xc3, 0x27, 0x85, 0xdd, 0xe5, 0x3e, 0x06, 0x32, 0x32, 0xb0,
  0x3a, 0x2f, 0xb0, 0x4f, 0x06, 0x06, 0xdd, 0x21, 0x3f, 0x8a, 0xcd, 0x57,
  0x85, 0x3a, 0x30, 0xb0, 0x4f, 0x06, 0x07, 0xdd, 0x21, 0x4a, 0x8a, 0xcd,
  0x57, 0x85, 0x3a, 0x31, 0xb0, 0x4f, 0x06, 0x08, 0xdd, 0x21, 0x55, 0x8a,
  0xcd, 0x57, 0x85, 0xdd, 0xe1, 0xc9, 0x61, 0x61, 0x1e, 0x00, 0xf0, 0x7f,
  0x00, 0x17, 0x0e, 0x00, 0x01, 0x13, 0x41, 0x16, 0x00, 0xfd, 0xf4, 0x23,
  0x23, 0x0c, 0x01, 0x00, 0x03, 0x01, 0x9a, 0x00, 0xf3, 0xf3, 0x13, 0xf3,
  0x08, 0x00, 0x00, 0x11, 0x61, 0x0e, 0x00, 0xfa, 0x64, 0x70, 0x17, 0x0e,
  0x00, 0x00, 0x22, 0x21, 0x1e, 0x00, 0xf0, 0x76, 0x00, 0x28, 0x0c, 0x00,
  0x00, 0x21, 0x22, 0x16, 0x00, 0xf0, 0x71, 0x00, 0x18, 0x0a, 0x00, 0x00,
  0x21, 0x61, 0x1d, 0x00, 0x82, 0x80, 0x17, 0x17, 0x0e, 0x00, 0x00, 0x23,
  0x21, 0x2d, 0x00, 0x90, 0x90, 0x00, 0x07, 0x0c, 0x00, 0x01, 0x21, 0x21,
  0x1b, 0x00, 0x64, 0x65, 0x10, 0x17, 0x0c, 0x00, 0x00, 0x21, 0x21, 0x0b,
  0x00, 0x85, 0xa0, 0x70, 0x07, 0x04, 0x01, 0x01, 0x23, 0x01, 0x83, 0x00,
  0xff, 0xb4, 0x10, 0xf4, 0x00, 0x00, 0x01, 0x97, 0xc1, 0x20, 0x00, 0xff,
  0xf4, 0x22, 0x22, 0x0e, 0x00, 0x00, 0x61, 0x00, 0x0c, 0x00, 0xc2, 0xf6,
  0x40, 0x44, 0x0a, 0x00, 0x00, 0x01, 0x01, 0x56, 0x00, 0x94, 0xc2, 0x03,
  0x12, 0x06, 0x00, 0x00, 0x21, 0x01, 0x89, 0x00, 0xf1, 0xe4, 0xf0, 0x23,
  0x06, 0x00, 0x00, 0x07, 0x21, 0x14, 0x00, 0xee, 0xf8, 0xff, 0xf8, 0x00,
  0x00, 0x00, 0x01, 0x31, 0x00, 0x00, 0xf8, 0xf7, 0xf8, 0xf7, 0x00, 0x00,
  0x00, 0x25, 0x11, 0x00, 0x00, 0xf8, 0xfa, 0xf8, 0x55, 0x00, 0x00, 0x00,
  0x32, 0x40, 0xb0, 0x32, 0x03, 0xb0, 0x01, 0x00, 0x20, 0xcd, 0x27, 0x85,
  0x04, 0x78, 0xfe, 0xf6, 0x38, 0xf7, 0x21, 0x41, 0xb0, 0x11, 0x42, 0xb0,
  0x01, 0x1e, 0x00, 0x36, 0x00, 0xed, 0xb0, 0x01, 0x3f, 0x00, 0x11, 0x57,
  0xb0, 0x21, 0xdb, 0x8e, 0xc5, 0xe5, 0x21, 0xe1, 0x8e, 0x78, 0xb7, 0x28,
  0x07, 0xaf, 0xc6, 0x0b, 0x10, 0xfc, 0x4f, 0x09, 0xe5, 0xdd, 0xe1, 0xe1,
  0xc1, 0xdd, 0x7e, 0x08, 0xb6, 0x12, 0xc5, 0xd5, 0xe5, 0x21, 0xdb, 0x8e,
  0xcd, 0x57, 0x85, 0xe1, 0xd1, 0xc1, 0x23, 0x13, 0x04, 0x78, 0xfe, 0x06,
  0x38, 0xd2, 0xc9, 0x4f, 0x3a, 0x40, 0xb0, 0x32, 0x03, 0xb0, 0x79, 0x21,
  0x41, 0xb0, 0x06, 0x00, 0x09, 0xfe, 0x10, 0xd0, 0xfe, 0x0e, 0xd2, 0xb5,
  0x8e, 0xfe, 0x0d, 0xca, 0xa2, 0x8d, 0xfe, 0x0b, 0xd2, 0x98, 0x8d, 0xfe,
  0x08, 0xd2, 0x2f, 0x8c, 0xfe, 0x07, 0xca, 0x08, 0x8c, 0xfe, 0x06, 0xca,
  0x82, 0x8b, 0x57, 0x7e, 0xbb, 0xc8, 0x73, 0x7a, 0xe6, 0x01, 0x7a, 0xc2,
  0xf7, 0x8a, 0x23, 0x56, 0xc3, 0xfa, 0x8a, 0x53, 0x2b, 0x5e, 0xf5, 0x7a,
  0xcb, 0x2f, 0xee, 0x07, 0xf5, 0x01, 0x00, 0x80, 0x21, 0x00, 0x00, 0x78,
  0x06, 0x08, 0x17, 0xed, 0x6a, 0xed, 0x52, 0x30, 0x01, 0x19, 0x10, 0xf6,
  0x47, 0x79, 0x48, 0x06, 0x08, 0x17, 0xed, 0x6a, 0xed, 0x52, 0x30, 0x01,
  0x19, 0x10, 0xf6, 0x17, 0x2f, 0x47, 0x79, 0x48, 0x17, 0x2f, 0x47, 0xe5,
  0x50, 0x59, 0x3e, 0x09, 0x2e, 0x00, 0x06, 0x08, 0x29, 0x87, 0x30, 0x01,
  0x19, 0x10, 0xf9, 0xd1, 0xf1, 0x4f, 0xfe, 0x03, 0x28, 0x1d, 0x38, 0x12,
  0xd6, 0x03, 0x47, 0xcb, 0x3d, 0xcb, 0x3c, 0x30, 0x04, 0x7d, 0xf6, 0x80,
  0x6f, 0x10, 0xf4, 0xc3, 0x5f, 0x8b, 0xee, 0x03, 0x47, 0x7a, 0x87, 0xed,
  0x6a, 0x10, 0xfb, 0x79, 0x87, 0x87, 0xb4, 0x57, 0x5d, 0xf1, 0x21, 0x51,
  0xb0, 0x4f, 0x06, 0x00, 0x09, 0x72, 0xcb, 0x2f, 0xc6, 0xa0, 0x47, 0x4b,
  0xcd, 0x27, 0x85, 0x78, 0xc6, 0x10, 0x47, 0x7a, 0xf6, 0x20, 0x4f, 0xc3,
  0x27, 0x85, 0x73, 0x47, 0x53, 0xcb, 0x2a, 0x7b, 0x0f, 0xe6, 0x80, 0x5f,
  0x7a, 0xcb, 0x2f, 0xee, 0x07, 0xf5, 0x01, 0x00, 0x80, 0x21, 0x00, 0x00,
  0x78, 0x06, 0x08, 0x17, 0xed, 0x6a, 0xed, 0x52, 0x30, 0x01, 0x19, 0x10,
  0xf6, 0x47, 0x79, 0x48, 0x06, 0x08, 0x17, 0xed, 0x6a, 0xed, 0x52, 0x30,
  0x01, 0x19, 0x10, 0xf6, 0x17, 0x2f, 0x47, 0x79, 0x48, 0x17, 0x2f, 0x47,
  0xe5, 0x50, 0x59, 0x3e, 0x09, 0x2e, 0x00, 0x06, 0x08, 0x29, 0x87, 0x30,
  0x01, 0x19, 0x10, 0xf9, 0xd1, 0xf1, 0x4f, 0xfe, 0x03, 0x28, 0x1d, 0x38,
  0x12, 0xd6, 0x03, 0x47, 0xcb, 0x3d, 0xcb, 0x3c, 0x30, 0x04, 0x7d, 0xf6,
  0x80, 0x6f, 0x10, 0xf4, 0xc3, 0xf0, 0x8b, 0xee, 0x03, 0x47, 0x7a, 0x87,
  0xed, 0x6a, 0x10, 0xfb, 0x79, 0x87, 0x87, 0xb4, 0x57, 0x5d, 0x21, 0x54,
  0xb0, 0x3e, 0xa3, 0xf5, 0x72, 0xcd, 0x72, 0x8b, 0xf1, 0x3c, 0x23, 0xfe,
  0xa6, 0x38, 0xf4, 0xc9, 0x7e, 0x73, 0xab, 0xc8, 0x57, 0x21, 0x57, 0xb0,
  0x06, 0xc0, 0xcb, 0x42, 0x28, 0x0c, 0x4e, 0xcb, 0x43, 0x28, 0x04, 0x79,
  0xe6, 0x0f, 0x4f, 0xcd, 0x27, 0x85, 0xcb, 0x2b, 0xcb, 0x2a, 0x23, 0x04,
  0x78, 0xfe, 0xc6, 0xda, 0x12, 0x8c, 0xc9, 0xd6, 0x08, 0x47, 0x7e, 0x73,
  0xab, 0xc8, 0xe6, 0x10, 0xc2, 0x5b, 0x8c, 0x7b, 0xe6, 0x10, 0xc0, 0x7b,
  0xee, 0x0f, 0x4f, 0x87, 0x87, 0x5f, 0x79, 0x0f, 0x0f, 0xe6, 0x03, 0xb3,
  0x4f, 0x78, 0xc6, 0x43, 0x47, 0xcd, 0x27, 0x85, 0x78, 0xc6, 0x08, 0x47,
  0xc3, 0x27, 0x85, 0x50, 0x7b, 0xe6, 0x10, 0xc2, 0x0c, 0x8d, 0x3a, 0x5d,
  0xb0, 0xb7, 0xc2, 0xf2, 0x8c, 0x21, 0xe1, 0x8e, 0x78, 0xb7, 0x28, 0x07,
  0xaf, 0xc6, 0x0b, 0x10, 0xfc, 0x4f, 0x09, 0x4e, 0x7a, 0xc6, 0x20, 0x47,
  0xcd, 0x27, 0x85, 0x23, 0x4e, 0x7a, 0xc6, 0x23, 0x47, 0xcd, 0x27, 0x85,
  0x01, 0x20, 0x00, 0x09, 0x4e, 0x7a, 0xc6, 0x28, 0x47, 0xcd, 0x27, 0x85,
  0x23, 0x4e, 0x7a, 0xc6, 0x2b, 0x47, 0xcd, 0x27, 0x85, 0x7b, 0xee, 0x0f,
  0x4f, 0x87, 0x87, 0x5f, 0x79, 0x0f, 0x0f, 0xe6, 0x03, 0xb3, 0x5f, 0x21,
  0xe5, 0x8e, 0x42, 0x78, 0xb7, 0x28, 0x07, 0xaf, 0xc6, 0x0b, 0x10, 0xfc,
  0x4f, 0x09, 0xd5, 0xe5, 0xcd, 0x55, 0x8d, 0xe1, 0xd1, 0x01, 0x21, 0x00,
  0x09, 0x7a, 0xc6, 0x08, 0x57, 0xcd, 0x55, 0x8d, 0x21, 0x51, 0xb0, 0x7a,
  0xd6, 0x08, 0x4f, 0x06, 0x00, 0x09, 0x4e, 0xc6, 0xb0, 0x47, 0xcd, 0x27,
  0x85, 0xcb, 0xe9, 0xcd, 0x27, 0x85, 0x23, 0x23, 0x23, 0x4e, 0x78, 0xc6,
  0x03, 0x47, 0xcd, 0x27, 0x85, 0xcb, 0xe9, 0xc3, 0x27, 0x85, 0xdd, 0xe5,
  0x21, 0xe1, 0x8e, 0x42, 0x78, 0xb7, 0x28, 0x07, 0xaf, 0xc6, 0x0b, 0x10,
  0xfc, 0x4f, 0x09, 0xe5, 0xdd, 0xe1, 0xcd, 0x57, 0x85, 0xdd, 0xe1, 0xc9,
  0x3a, 0x5d, 0xb0, 0xb7, 0x20, 0x6c, 0x21, 0xe1, 0x8e, 0x42, 0x78, 0xb7,
  0x28, 0x07, 0xaf, 0xc6, 0x0b, 0x10, 0xfc, 0x4f, 0x09, 0x7e, 0xe6, 0xdf,
  0x4f, 0x7a, 0xc6, 0x20, 0x47, 0xcd, 0x27, 0x85, 0x7a, 0xc6, 0x28, 0x47,
  0xcd, 0x27, 0x85, 0x23, 0x7e, 0xe6, 0xdf, 0x4f, 0x7a, 0xc6, 0x23, 0x47,
  0xcd, 0x27, 0x85, 0x7a, 0xc6, 0x2b, 0x47, 0xcd, 0x27, 0x85, 0x1e, 0x00,
  0x21, 0x5e, 0xb0, 0xcd, 0x55, 0x8d, 0x21, 0x5e, 0xb0, 0x7a, 0xc6, 0x08,
  0x57, 0x4e, 0x7a, 0xc6, 0x60, 0x47, 0xcd, 0x27, 0x85, 0x04, 0x04, 0x04,
  0x23, 0x4e, 0xcd, 0x27, 0x85, 0x23, 0x4e, 0x7a, 0xc6, 0x80, 0x47, 0xcd,
  0x27, 0x85, 0x04, 0x04, 0x04, 0x23, 0x4e, 0xcd, 0x27, 0x85, 0x4b, 0x7a,
  0xc6, 0x43, 0x47, 0xc3, 0x27, 0x85, 0xdd, 0xe5, 0x21, 0x23, 0x8f, 0x42,
  0x78, 0xb7, 0x28, 0x07, 0xaf, 0xc6, 0x0b, 0x10, 0xfc, 0x4f, 0x09, 0xe5,
  0xdd, 0xe1, 0xcd, 0x57, 0x85, 0xdd, 0xe1, 0xc9, 0x7e, 0x73, 0xbb, 0xc8,
  0x3a, 0x4e, 0xb0, 0x5f, 0x18, 0x06, 0x7e, 0x73, 0xbb, 0xca, 0x7c, 0x8e,
  0x7b, 0xe6, 0x0c, 0x28, 0x18, 0xfe, 0x04, 0x28, 0x2f, 0xcb, 0x43, 0xca,
  0x3f, 0x8e, 0x7b, 0xcb, 0x2f, 0xfe, 0x06, 0x28, 0x42, 0x30, 0x21, 0xfe,
  0x04, 0x28, 0x02, 0x18, 0x59, 0x3e, 0xff, 0x32, 0x5e, 0xb0, 0x32, 0x5f,
  0xb0, 0xcd, 0x63, 0x8e, 0xf6, 0x10, 0x32, 0x60, 0xb0, 0x32, 0x61, 0xb0,
  0xaf, 0x32, 0x5d, 0xb0, 0xcd, 0x45, 0x8e, 0xc9, 0xcd, 0x63, 0x8e, 0x87,
  0x87, 0x87, 0x87, 0xf6, 0x0f, 0x32, 0x5e, 0xb0, 0x32, 0x5f, 0xb0, 0x3e,
  0x0f, 0x32, 0x60, 0xb0, 0x32, 0x61, 0xb0, 0xaf, 0x32, 0x5d, 0xb0, 0xcd,
  0x45, 0x8e, 0xc9, 0xcd, 0x63, 0x8e, 0x87, 0x87, 0x87, 0x87, 0xf6, 0x0f,
  0x32, 0x5e, 0xb0, 0x32, 0x5f, 0xb0, 0x3e, 0x01, 0x32, 0x60, 0xb0, 0x32,
  0x61, 0xb0, 0xaf, 0x32, 0x5d, 0xb0, 0xcd, 0x45, 0x8e, 0xc9, 0x3e, 0xff,
  0x32, 0x5e, 0xb0, 0xcd, 0x63, 0x8e, 0x32, 0x60, 0xb0, 0x87, 0x87, 0x87,
  0x87, 0xf6, 0x01, 0x32, 0x5f, 0xb0, 0x3e, 0x01, 0x32, 0x61, 0xb0, 0xaf,
  0x32, 0x5d, 0xb0, 0xcd, 0x45, 0x8e, 0xc9, 0x3e, 0x01, 0x32, 0x5d, 0xb0,
  0xc9, 0xdd, 0xe5, 0xdd, 0x21, 0x49, 0xb0, 0x06, 0x00, 0xdd, 0x7e, 0x00,
  0xe6, 0x10, 0xc5, 0xc4, 0x12, 0x8d, 0xc1, 0xdd, 0x23, 0x04, 0x78, 0xfe,
  0x03, 0xda, 0x4d, 0x8e, 0xdd, 0xe1, 0xc9, 0x3a, 0x4d, 0xb0, 0xb7, 0x06,
  0x07, 0x20, 0x05, 0x06, 0xff, 0x3a, 0x4c, 0xb0, 0x04, 0xcb, 0x2f, 0xc2,
  0x70, 0x8e, 0x78, 0xed, 0x44, 0xe6, 0x0f, 0xc9, 0xdd, 0xe5, 0x11, 0x49,
  0xb0, 0xdd, 0x21, 0x51, 0xb0, 0x06, 0xb0, 0x1a, 0xe6, 0x10, 0x28, 0x1c,
  0xdd, 0x4e, 0x00, 0xcd, 0x27, 0x85, 0xcb, 0xe9, 0xcd, 0x27, 0x85, 0x04,
  0x04, 0x04, 0xdd, 0x4e, 0x03, 0xcd, 0x27, 0x85, 0xcb, 0xe9, 0xcd, 0x27,
  0x85, 0x05, 0x05, 0x05, 0xdd, 0x23, 0x13, 0x04, 0x78, 0xfe, 0xb3, 0xda,
  0x87, 0x8e, 0xdd, 0xe1, 0xc9, 0xf5, 0xf3, 0xd3, 0xa0, 0x7b, 0xd3, 0xa1,
  0xfb, 0xf1, 0xc9, 0xfe, 0x0e, 0x30, 0x0d, 0xe5, 0xc5, 0x21, 0x41, 0xb0,
  0x06, 0x00, 0x4f, 0x09, 0x7e, 0xc1, 0xe1, 0xc9, 0xfd, 0x2a, 0xc0, 0xfc,
  0xdd, 0x21, 0x96, 0x00, 0xc3, 0x1c, 0x00, 0x30, 0x30, 0x30, 0x30, 0x30,
  0x30, 0x01, 0x21, 0x00, 0x00, 0xff, 0xff, 0x0f, 0x2f, 0x01, 0x06, 0x06,
  0x01, 0x21, 0x00, 0x00, 0xff, 0xff, 0x0f, 0x2f, 0x01, 0x06, 0x06, 0x01,
  0x21, 0x00, 0x00, 0xff, 0xff, 0x0f, 0x2f, 0x01, 0x06, 0x06, 0x21, 0x21,
  0x02, 0x00, 0xff, 0xff, 0x1f, 0x2f, 0x0e, 0x00, 0x06, 0x21, 0x21, 0x02,
  0x00, 0xff, 0xff, 0x1f, 0x2f, 0x0e, 0x00, 0x06, 0x21, 0x21, 0x02, 0x00,
  0xff, 0xff, 0x1f, 0x2f, 0x0e, 0x00, 0x06, 0x13, 0x11, 0x12, 0x00, 0xf0,
  0xe0, 0xf2, 0xf3, 0x0e, 0x00, 0x00, 0x13, 0x11, 0x12, 0x00, 0xf0, 0xe0,
  0xf2, 0xf3, 0x0e, 0x00, 0x00, 0x13, 0x11, 0x12, 0x00, 0xf0, 0xe0, 0xf2,
  0xf3, 0x0e, 0x00, 0x00, 0xc9, 0xc3, 0x01, 0x85, 0xd5, 0x59, 0x3a, 0x62,
  0xb0, 0xc3, 0x31, 0x85, 0xff, 0xff, 0xff, 0xff, 0xff, 0xff, 0xff, 0xff,
  0xff, 0xff, 0xff, 0xff, 0xff, 0xff, 0xff, 0xff, 0xff, 0xff, 0xff, 0xff,
  0xff, 0xff, 0xff, 0xff, 0xff, 0xff, 0xff, 0xff, 0xff, 0xff, 0xff, 0xff,
  0xff, 0xff, 0xff, 0xff, 0xff, 0xff, 0xff, 0xff, 0xff, 0xff, 0xff, 0xff,
  0xff, 0xff, 0xff, 0xff, 0xff, 0xff, 0xff, 0xff, 0xff, 0xff, 0xff, 0xff,
  0xff, 0xff, 0xff, 0xff, 0xff, 0xff, 0xff, 0xff, 0xff, 0xff, 0xff, 0xff,
  0xff, 0xff, 0xff, 0xff, 0xff, 0xff, 0xff, 0xff, 0xff, 0xff, 0xff, 0xff,
  0xff, 0xff, 0xff, 0xff, 0xff, 0xff, 0xff, 0xff, 0xff, 0xff, 0xff, 0xff,
  0xff, 0xff, 0xff, 0xff, 0xff, 0xff, 0xff, 0xff, 0xff, 0xff, 0xff, 0xff,
  0xff, 0xff, 0xff, 0xff, 0xff, 0xff, 0xff, 0xff, 0xff, 0xff, 0xff, 0xff,
  0xff, 0xff, 0xff, 0xff, 0xff, 0xff, 0xff, 0xff, 0xff, 0xff, 0xff, 0xff,
  0xff, 0xff, 0xff, 0xff, 0xff, 0xff, 0xff, 0xff, 0xff, 0xff, 0xff, 0xff,
  0xff, 0xff, 0xff, 0xff, 0xff, 0xff, 0xff, 0xff, 0xff, 0xff, 0xff, 0xff,
  0xff, 0xff, 0xff, 0xff, 0xff, 0xff, 0xff, 0xff, 0xff, 0xff, 0xff, 0xff,
  0xff, 0xff, 0xff, 0xff, 0xff, 0xff, 0xff, 0xff, 0xff, 0xff, 0xff, 0xff,
  0xff, 0xff, 0xff, 0xff, 0xff, 0xff, 0xff, 0xff, 0xff, 0xff, 0xff, 0xff,
  0xff, 0xff, 0xff, 0xff, 0xff, 0xff, 0xff, 0xff, 0xff, 0xff, 0xff, 0xff,
  0xff, 0xff, 0xff, 0xff, 0xff, 0xff, 0xff, 0xff, 0xff, 0xff, 0xff, 0xff,
  0xff, 0xff, 0xff, 0xff, 0xff, 0xff, 0xff, 0xff, 0xff, 0xff, 0xff, 0xff,
  0xff, 0xff, 0xff, 0xff, 0xff, 0xff, 0xff, 0xff, 0xff, 0xff, 0xff, 0xff,
  0xff, 0xff, 0xff, 0xff, 0xff, 0xff, 0xff, 0xff, 0xff, 0xff, 0xff, 0xff,
  0xff, 0xff, 0xff, 0xff, 0xff, 0xff, 0xff, 0xff, 0xff, 0xff, 0xff, 0xff,
  0xff, 0xff, 0xff, 0xff, 0xff, 0xff, 0xff, 0xff, 0xff, 0xff, 0xff, 0xff,
  0xff, 0xff, 0xff, 0xff, 0xff, 0xff, 0xff, 0xff, 0xff, 0xff, 0xff, 0xff,
  0xff, 0xff, 0xff, 0xff, 0xff, 0xff, 0xff, 0xff, 0xff, 0xff, 0xff, 0xff,
  0xff, 0xff, 0xff, 0xff, 0xff, 0xff, 0xff, 0xff, 0xff, 0xff, 0xff, 0xff,
  0xff, 0xff, 0xff, 0xff, 0xff, 0xff, 0xff, 0xff, 0xff, 0xff, 0xff, 0xff,
  0xff, 0xff, 0xff, 0xff, 0xff, 0xff, 0xff, 0xff, 0xff, 0xff, 0xff, 0xff,
  0xff, 0xff, 0xff, 0xff, 0xff, 0xff, 0xff, 0xff, 0xff, 0xff, 0xff, 0xff,
  0xff, 0xff, 0xff, 0xff, 0xff, 0xff, 0xff, 0xff, 0xff, 0xff, 0xff, 0xff,
  0xff, 0xff, 0xff, 0xff, 0xff, 0xff, 0xff, 0xff, 0xff, 0xff, 0xff, 0xff,
  0xff, 0xff, 0xff, 0xff, 0xff, 0xff, 0xff, 0xff, 0xff, 0xff, 0xff, 0xff,
  0xff, 0xff, 0xff, 0xff, 0xff, 0xff, 0xff, 0xff, 0xff, 0xff, 0xff, 0xff,
  0xff, 0xff, 0xff, 0xff, 0xff, 0xff, 0xff, 0xff, 0xff, 0xff, 0xff, 0xff,
  0xff, 0xff, 0xff, 0xff, 0xff, 0xff, 0xff, 0xff, 0xff, 0xff, 0xff, 0xff,
  0xff, 0xff, 0xff, 0xff, 0xff, 0xff, 0xff, 0xff, 0xff, 0xff, 0xff, 0xff,
  0xff, 0xff, 0xff, 0xff, 0xff, 0xff, 0xff, 0xff, 0xff, 0xff, 0xff, 0xff,
  0xff, 0xff, 0xff, 0xff, 0xff, 0xff, 0xff, 0xff, 0xff, 0xff, 0xff, 0xff,
  0xff, 0xff, 0xff, 0xff, 0xff, 0xff, 0xff, 0xff, 0xff, 0xff, 0xff, 0xff,
  0xff, 0xff, 0xff, 0xff, 0xff, 0xff, 0xff, 0xff, 0xff, 0xff, 0xff, 0xff,
  0xff, 0xff, 0xff, 0xff, 0xff, 0xff, 0xff, 0xff, 0xff, 0xff, 0xff, 0xff,
  0xff, 0xff, 0xff, 0xff, 0xff, 0xff, 0xff, 0xff, 0xff, 0xff, 0xff, 0xff,
  0xff, 0xff, 0xff, 0xff, 0xff, 0xff, 0xff, 0xff, 0xff, 0xff, 0xff, 0xff,
  0xff, 0xff, 0xff, 0xff, 0xff, 0xff, 0xff, 0xff, 0xff, 0xff, 0xff, 0xff,
  0xff, 0xff, 0xff, 0xff, 0xff, 0xff, 0xff, 0xff, 0xff, 0xff, 0xff, 0xff,
  0xff, 0xff, 0xff, 0xff, 0xff, 0xff, 0xff, 0xff, 0xff, 0xff, 0xff, 0xff,
  0xff, 0xff, 0xff, 0xff, 0xff, 0xff, 0xff, 0xff, 0xff, 0xff, 0xff, 0xff,
  0xff, 0xff, 0xff, 0xff, 0xff, 0xff, 0xff, 0xff, 0xff, 0xff, 0xff, 0xff,
  0xff, 0xff, 0xff, 0xff, 0xff, 0xff, 0xff, 0xff, 0xff, 0xff, 0xff, 0xff,
  0xff, 0xff, 0xff, 0xff, 0xff, 0xff, 0xff, 0xff, 0xff, 0xff, 0xff, 0xff,
  0xff, 0xff, 0xff, 0xff, 0xff, 0xff, 0xff, 0xff, 0xff, 0xff, 0xff, 0xff,
  0xff, 0xff, 0xff, 0xff, 0xff, 0xff, 0xff, 0xff, 0xff, 0xff, 0xff, 0xff,
  0xff, 0xff, 0xff, 0xff, 0xff, 0xff, 0xff, 0xff, 0xff, 0xff, 0xff, 0xff,
  0xff, 0xff, 0xff, 0xff, 0xff, 0xff, 0xff, 0xff, 0xff, 0xff, 0xff, 0xff,
  0xff, 0xff, 0xff, 0xff, 0xff, 0xff, 0xff, 0xff, 0xff, 0xff, 0xff, 0xff,
  0xff, 0xff, 0xff, 0xff, 0xff, 0xff, 0xff, 0xff, 0xff, 0xff, 0xff, 0xff,
  0xff, 0xff, 0xff, 0xff, 0xff, 0xff, 0xff, 0xff, 0xff, 0xff, 0xff, 0xff,
  0xff, 0xff, 0xff, 0xff, 0xff, 0xff, 0xff, 0xff, 0xff, 0xff, 0xff, 0xff,
  0xff, 0xff, 0xff, 0xff, 0xff, 0xff, 0xff, 0xff, 0xff, 0xff, 0xff, 0xff,
  0xff, 0xff, 0xff, 0xff, 0xff, 0xff, 0xff, 0xff, 0xff, 0xff, 0xff, 0xff,
  0xff, 0xff, 0xff, 0xff, 0xff, 0xff, 0xff, 0xff, 0xff, 0xff, 0xff, 0xff,
  0xff, 0xff, 0xff, 0xff, 0xff, 0xff, 0xff, 0xff, 0xff, 0xff, 0xff, 0xff,
  0xff, 0xff, 0xff, 0xff, 0xff, 0xff, 0xff, 0xff, 0xff, 0xff, 0xff, 0xff,
  0xff, 0xff, 0xff, 0xff, 0xff, 0xff, 0xff, 0xff, 0xff, 0xff, 0xff, 0xff,
  0xff, 0xff, 0xff, 0xff, 0xff, 0xff, 0xff, 0xff, 0xff, 0xff, 0xff, 0xff,
  0xff, 0xff, 0xff, 0xff, 0xff, 0xff, 0xff, 0xff, 0xff, 0xff, 0xff, 0xff,
  0xff, 0xff, 0xff, 0xff, 0xff, 0xff, 0xff, 0xff, 0xff, 0xff, 0xff, 0xff,
  0xff, 0xff, 0xff, 0xff, 0xff, 0xff, 0xff, 0xff, 0xff, 0xff, 0xff, 0xff,
  0xff, 0xff, 0xff, 0xff, 0xff, 0xff, 0xff, 0xff, 0xff, 0xff, 0xff, 0xff,
  0xff, 0xff, 0xff, 0xff, 0xff, 0xff, 0xff, 0xff, 0xff, 0xff, 0xff, 0xff,
  0xff, 0xff, 0xff, 0xff, 0xff, 0xff, 0xff, 0xff, 0xff, 0xff, 0xff, 0xff,
  0xff, 0xff, 0xff, 0xff, 0xff, 0xff, 0xff, 0xff, 0xff, 0xff, 0xff, 0xff,
  0xff, 0xff, 0xff, 0xff, 0xff, 0xff, 0xff, 0xff, 0xff, 0xff, 0xff, 0xff,
  0xff, 0xff, 0xff, 0xff, 0xff, 0xff, 0xff, 0xff, 0xff, 0xff, 0xff, 0xff,
  0xff, 0xff, 0xff, 0xff, 0xff, 0xff, 0xff, 0xff, 0xff, 0xff, 0xff, 0xff,
  0xff, 0xff, 0xff, 0xff, 0xff, 0xff, 0xff, 0xff, 0xff, 0xff, 0xff, 0xff,
  0xff, 0xff, 0xff, 0xff, 0xff, 0xff, 0xff, 0xff, 0xff, 0xff, 0xff, 0xff,
  0xff, 0xff, 0xff, 0xff, 0xff, 0xff, 0xff, 0xff, 0xff, 0xff, 0xff, 0xff,
  0xff, 0xff, 0xff, 0xff, 0xff, 0xff, 0xff, 0xff, 0xff, 0xff, 0xff, 0xff,
  0xff, 0xff, 0xff, 0xff, 0xff, 0xff, 0xff, 0xff, 0xff, 0xff, 0xff, 0xff,
  0xff, 0xff, 0xff, 0xff, 0xff, 0xff, 0xff, 0xff, 0xff, 0xff, 0xff, 0xff,
  0xff, 0xff, 0xff, 0xff, 0xff, 0xff, 0xff, 0xff, 0xff, 0xff, 0xff, 0xff,
  0xff, 0xff, 0xff, 0xff, 0xff, 0xff, 0xff, 0xff, 0xff, 0xff, 0xff, 0xff,
  0xff, 0xff, 0xff, 0xff, 0xff, 0xff, 0xff, 0xff, 0xff, 0xff, 0xff, 0xff,
  0xff, 0xff, 0xff, 0xff, 0xff, 0xff, 0xff, 0xff, 0xff, 0xff, 0xff, 0xff,
  0xff, 0xff, 0xff, 0xff, 0xff, 0xff, 0xff, 0xff, 0xff, 0xff, 0xff, 0xff,
  0xff, 0xff, 0xff, 0xff, 0xff, 0xff, 0xff, 0xff, 0xff, 0xff, 0xff, 0xff,
  0xff, 0xff, 0xff, 0xff, 0xff, 0xff, 0xff, 0xff, 0xff, 0xff, 0xff, 0xff,
  0xff, 0xff, 0xff, 0xff, 0xff, 0xff, 0xff, 0xff, 0xff, 0xff, 0xff, 0xff,
  0xff, 0xff, 0xff, 0xff, 0xff, 0xff, 0xff, 0xff, 0xff, 0xff, 0xff, 0xff,
  0xff, 0xff, 0xff, 0xff, 0xff, 0xff, 0xff, 0xff, 0xff, 0xff, 0xff, 0xff,
  0xff, 0xff, 0xff, 0xff, 0xff, 0xff, 0xff, 0xff, 0xff, 0xff, 0xff, 0xff,
  0xff, 0xff, 0xff, 0xff, 0xff, 0xff, 0xff, 0xff, 0xff, 0xff, 0xff, 0xff,
  0xff, 0xff, 0xff, 0xff, 0xff, 0xff, 0xff, 0xff, 0xff, 0xff, 0xff, 0xff,
  0xff, 0xff, 0xff, 0xff, 0xff, 0xff, 0xff, 0xff, 0xff, 0xff, 0xff, 0xff,
  0xff, 0xff, 0xff, 0xff, 0xff, 0xff, 0xff, 0xff, 0xff, 0xff, 0xff, 0xff,
  0xff, 0xff, 0xff, 0xff, 0xff, 0xff, 0xff, 0xff, 0xff, 0xff, 0xff, 0xff,
  0xff, 0xff, 0xff, 0xff, 0xff, 0xff, 0xff, 0xff, 0xff, 0xff, 0xff, 0xff,
  0xff, 0xff, 0xff, 0xff, 0xff, 0xff, 0xff, 0xff, 0xff, 0xff, 0xff, 0xff,
  0xff, 0xff, 0xff, 0xff, 0xff, 0xff, 0xff, 0xff, 0xff, 0xff, 0xff, 0xff,
  0xff, 0xff, 0xff, 0xff, 0xff, 0xff, 0xff, 0xff, 0xff, 0xff, 0xff, 0xff,
  0xff, 0xff, 0xff, 0xff, 0xff, 0xff, 0xff, 0xff, 0xff, 0xff, 0xff, 0xff,
  0xff, 0xff, 0xff, 0xff, 0xff, 0xff, 0xff, 0xff, 0xff, 0xff, 0xff, 0xff,
  0xff, 0xff, 0xff, 0xff, 0xff, 0xff, 0xff, 0xff, 0xff, 0xff, 0xff, 0xff,
  0xff, 0xff, 0xff, 0xff, 0xff, 0xff, 0xff, 0xff, 0xff, 0xff, 0xff, 0xff,
  0xff, 0xff, 0xff, 0xff, 0xff, 0xff, 0xff, 0xff, 0xff, 0xff, 0xff, 0xff,
  0xff, 0xff, 0xff, 0xff, 0xff, 0xff, 0xff, 0xff, 0xff, 0xff, 0xff, 0xff,
  0xff, 0xff, 0xff, 0xff, 0xff, 0xff, 0xff, 0xff, 0xff, 0xff, 0xff, 0xff,
  0xff, 0xff, 0xff, 0xff, 0xff, 0xff, 0xff, 0xff, 0xff, 0xff, 0xff, 0xff,
  0xff, 0xff, 0xff, 0xff, 0xff, 0xff, 0xff, 0xff, 0xff, 0xff, 0xff, 0xff,
  0xff, 0xff, 0xff, 0xff, 0xff, 0xff, 0xff, 0xff, 0xff, 0xff, 0xff, 0xff,
  0xff, 0xff, 0xff, 0xff, 0xff, 0xff, 0xff, 0xff, 0xff, 0xff, 0xff, 0xff,
  0xff, 0xff, 0xff, 0xff, 0xff, 0xff, 0xff, 0xff, 0xff, 0xff, 0xff, 0xff,
  0xff, 0xff, 0xff, 0xff, 0xff, 0xff, 0xff, 0xff, 0xff, 0xff, 0xff, 0xff,
  0xff, 0xff, 0xff, 0xff, 0xff, 0xff, 0xff, 0xff, 0xff, 0xff, 0xff, 0xff,
  0xff, 0xff, 0xff, 0xff, 0xff, 0xff, 0xff, 0xff, 0xff, 0xff, 0xff, 0xff,
  0xff, 0xff, 0xff, 0xff, 0xff, 0xff, 0xff, 0xff, 0xff, 0xff, 0xff, 0xff,
  0xff, 0xff, 0xff, 0xff, 0xff, 0xff, 0xff, 0xff, 0xff, 0xff, 0xff, 0xff,
  0xff, 0xff, 0xff, 0xff, 0xff, 0xff, 0xff, 0xff, 0xff, 0xff, 0xff, 0xff,
  0xff, 0xff, 0xff, 0xff, 0xff, 0xff, 0xff, 0xff, 0xff, 0xff, 0xff, 0xff,
  0xff, 0xff, 0xff, 0xff, 0xff, 0xff, 0xff, 0xff, 0xff, 0xff, 0xff, 0xff,
  0xff, 0xff, 0xff, 0xff, 0xff, 0xff, 0xff, 0xff, 0xff, 0xff, 0xff, 0xff,
  0xff, 0xff, 0xff, 0xff, 0xff, 0xff, 0xff, 0xff, 0xff, 0xff, 0xff, 0xff,
  0xff, 0xff, 0xff, 0xff, 0xff, 0xff, 0xff, 0xff, 0xff, 0xff, 0xff, 0xff,
  0xff, 0xff, 0xff, 0xff, 0xff, 0xff, 0xff, 0xff, 0xff, 0xff, 0xff, 0xff,
  0xff, 0xff, 0xff, 0xff, 0xff, 0xff, 0xff, 0xff, 0xff, 0xff, 0xff, 0xff,
  0xff, 0xff, 0xff, 0xff, 0xff, 0xff, 0xff, 0xff, 0xff, 0xff, 0xff, 0xff,
  0xff, 0xff, 0xff, 0xff, 0xff, 0xff, 0xff, 0xff, 0xff, 0xff, 0xff, 0xff,
  0xff, 0xff, 0xff, 0xff, 0xff, 0xff, 0xff, 0xff, 0xff, 0xff, 0xff, 0xff,
  0xff, 0xff, 0xff, 0xff, 0xff, 0xff, 0xff, 0xff, 0xff, 0xff, 0xff, 0xff,
  0xff, 0xff, 0xff, 0xff, 0xff, 0xff, 0xff, 0xff, 0xff, 0xff, 0xff, 0xff,
  0xff, 0xff, 0xff, 0xff, 0xff, 0xff, 0xff, 0xff, 0xff, 0xff, 0xff, 0xff,
  0xff, 0xff, 0xff, 0xff, 0xff, 0xff, 0xff, 0xff, 0xff, 0xff, 0xff, 0xff,
  0xff, 0xff, 0xff, 0xff, 0xff, 0xff, 0xff, 0xff, 0xff, 0xff, 0xff, 0xff,
  0xff, 0xff, 0xff, 0xff, 0xff, 0xff, 0xff, 0xff, 0xff, 0xff, 0xff, 0xff,
  0xff, 0xff, 0xff, 0xff, 0xff, 0xff, 0xff, 0xff, 0xff, 0xff, 0xff, 0xff,
  0xff, 0xff, 0xff, 0xff, 0xff, 0xff, 0xff, 0xff, 0xff, 0xff, 0xff, 0xff,
  0xff, 0xff, 0xff, 0xff, 0xff, 0xff, 0xff, 0xff, 0xff, 0xff, 0xff, 0xff,
  0xff, 0xff, 0xff, 0xff, 0xff, 0xff, 0xff, 0xff, 0xff, 0xff, 0xff, 0xff,
  0xff, 0xff, 0xff, 0xff, 0xff, 0xff, 0xff, 0xff, 0xff, 0xff, 0xff, 0xff,
  0xff, 0xff, 0xff, 0xff, 0xff, 0xff, 0xff, 0xff, 0xff, 0xff, 0xff, 0xff,
  0xff, 0xff, 0xff, 0xff, 0xff, 0xff, 0xff, 0xff, 0xff, 0xff, 0xff, 0xff,
  0xff, 0xff, 0xff, 0xff, 0xff, 0xff, 0xff, 0xff, 0xff, 0xff, 0xff, 0xff,
  0xff, 0xff, 0xff, 0xff, 0xff, 0xff, 0xff, 0xff, 0xff, 0xff, 0xff, 0xff,
  0xff, 0xff, 0xff, 0xff, 0xff, 0xff, 0xff, 0xff, 0xff, 0xff, 0xff, 0xff,
  0xff, 0xff, 0xff, 0xff, 0xff, 0xff, 0xff, 0xff, 0xff, 0xff, 0xff, 0xff,
  0xff, 0xff, 0xff, 0xff, 0xff, 0xff, 0xff, 0xff, 0xff, 0xff, 0xff, 0xff,
  0xff, 0xff, 0xff, 0xff, 0xff, 0xff, 0xff, 0xff, 0xff, 0xff, 0xff, 0xff,
  0xff, 0xff, 0xff, 0xff, 0xff, 0xff, 0xff, 0xff, 0xff, 0xff, 0xff, 0xff,
  0xff, 0xff, 0xff, 0xff, 0xff, 0xff, 0xff, 0xff, 0xff, 0xff, 0xff, 0xff,
  0xff, 0xff, 0xff, 0xff, 0xff, 0xff, 0xff, 0xff, 0xff, 0xff, 0xff, 0xff,
  0xff, 0xff, 0xff, 0xff, 0xff, 0xff, 0xff, 0xff, 0xff, 0xff, 0xff, 0xff,
  0xff, 0xff, 0xff, 0xff, 0xff, 0xff, 0xff, 0xff, 0xff, 0xff, 0xff, 0xff,
  0xff, 0xff, 0xff, 0xff, 0xff, 0xff, 0xff, 0xff, 0xff, 0xff, 0xff, 0xff,
  0xff, 0xff, 0xff, 0xff, 0xff, 0xff, 0xff, 0xff, 0xff, 0xff, 0xff, 0xff,
  0xff, 0xff, 0xff, 0xff, 0xff, 0xff, 0xff, 0xff, 0xff, 0xff, 0xff, 0xff,
  0xff, 0xff, 0xff, 0xff, 0xff, 0xff, 0xff, 0xff, 0xff, 0xff, 0xff, 0xff,
  0xff, 0xff, 0xff, 0xff, 0xff, 0xff, 0xff, 0xff, 0xff, 0xff, 0xff, 0xff,
  0xff, 0xff, 0xff, 0xff, 0xff, 0xff, 0xff, 0xff, 0xff, 0xff, 0xff, 0xff,
  0xff, 0xff, 0xff, 0xff, 0xff, 0xff, 0xff, 0xff, 0xff, 0xff, 0xff, 0xff,
  0xff, 0xff, 0xff, 0xff, 0xff, 0xff, 0xff, 0xff, 0xff, 0xff, 0xff, 0xff,
  0xff, 0xff, 0xff, 0xff, 0xff, 0xff, 0xff, 0xff, 0xff, 0xff, 0xff, 0xff,
  0xff, 0xff, 0xff, 0xff, 0xff, 0xff, 0xff, 0xff, 0xff, 0xff, 0xff, 0xff,
  0xff, 0xff, 0xff, 0xff, 0xff, 0xff, 0xff, 0xff, 0xff, 0xff, 0xff, 0xff,
  0xff, 0xff, 0xff, 0xff, 0xff, 0xff, 0xff, 0xff, 0xff, 0xff, 0xff, 0xff,
  0xff, 0xff, 0xff, 0xff, 0xff, 0xff, 0xff, 0xff, 0xff, 0xff, 0xff, 0xff,
  0xff, 0xff, 0xff, 0xff, 0xff, 0xff, 0xff, 0xff, 0xff, 0xff, 0xff, 0xff,
  0xff, 0xff, 0xff, 0xff, 0xff, 0xff, 0xff, 0xff, 0xff, 0xff, 0xff, 0xff,
  0xff, 0xff, 0xff, 0xff, 0xff, 0xff, 0xff, 0xff, 0xff, 0xff, 0xff, 0xff,
  0xff, 0xff, 0xff, 0xff, 0xff, 0xff, 0xff, 0xff, 0xff, 0xff, 0xff, 0xff,
  0xff, 0xff, 0xff, 0xff, 0xff, 0xff, 0xff, 0xff, 0xff, 0xff, 0xff, 0xff,
  0xff, 0xff, 0xff, 0xff, 0xff, 0xff, 0xff, 0xff, 0xff, 0xff, 0xff, 0xff,
  0xff, 0xff, 0xff, 0xff, 0xff, 0xff, 0xff, 0xff, 0xff, 0xff, 0xff, 0xff,
  0xff, 0xff, 0xff, 0xff, 0xff, 0xff, 0xff, 0xff, 0xff, 0xff, 0xff, 0xff,
  0xff, 0xff, 0xff, 0xff, 0xff, 0xff, 0xff, 0xff, 0xff, 0xff, 0xff, 0xff,
  0xff, 0xff, 0xff, 0xff, 0xff, 0xff, 0xff, 0xff, 0xff, 0xff, 0xff, 0xff,
  0xff, 0xff, 0xff, 0xff, 0xff, 0xff, 0xff, 0xff, 0xff, 0xff, 0xff, 0xff,
  0xff, 0xff, 0xff, 0xff, 0xff, 0xff, 0xff, 0xff, 0xff, 0xff, 0xff, 0xff,
  0xff, 0xff, 0xff, 0xff, 0xff, 0xff, 0xff, 0xff, 0xff, 0xff, 0xff, 0xff,
  0xff, 0xff, 0xff, 0xff, 0xff, 0xff, 0xff, 0xff, 0xff, 0xff, 0xff, 0xff,
  0xff, 0xff, 0xff, 0xff, 0xff, 0xff, 0xff, 0xff, 0xff, 0xff, 0xff, 0xff,
  0xff, 0xff, 0xff, 0xff, 0xff, 0xff, 0xff, 0xff, 0xff, 0xff, 0xff, 0xff,
  0xff, 0xff, 0xff, 0xff, 0xff, 0xff, 0xff, 0xff, 0xff, 0xff, 0xff, 0xff,
  0xff, 0xff, 0xff, 0xff, 0xff, 0xff, 0xff, 0xff, 0xff, 0xff, 0xff, 0xff,
  0xff, 0xff, 0xff, 0xff, 0xff, 0xff, 0xff, 0xff, 0xff, 0xff, 0xff, 0xff,
  0xff, 0xff, 0xff, 0xff, 0xff, 0xff, 0xff, 0xff, 0xff, 0xff, 0xff, 0xff,
  0xff, 0xff, 0xff, 0xff, 0xff, 0xff, 0xff, 0xff, 0xff, 0xff, 0xff, 0xff,
  0xff, 0xff, 0xff, 0xff, 0xff, 0xff, 0xff, 0xff, 0xff, 0xff, 0xff, 0xff,
  0xff, 0xff, 0xff, 0xff, 0xff, 0xff, 0xff, 0xff, 0xff, 0xff, 0xff, 0xff,
  0xff, 0xff, 0xff, 0xff, 0xff, 0xff, 0xff, 0xff, 0xff, 0xff, 0xff, 0xff,
  0xff, 0xff, 0xff, 0xff, 0xff, 0xff, 0xff, 0xff, 0xff, 0xff, 0xff, 0xff,
  0xff, 0xff, 0xff, 0xff, 0xff, 0xff, 0xff, 0xff, 0xff, 0xff, 0xff, 0xff,
  0xff, 0xff, 0xff, 0xff, 0xff, 0xff, 0xff, 0xff, 0xff, 0xff, 0xff, 0xff,
  0xff, 0xff, 0xff, 0xff, 0xff, 0xff, 0xff, 0xff, 0xff, 0xff, 0xff, 0xff,
  0xff, 0xff, 0xff, 0xff, 0xff, 0xff, 0xff, 0xff, 0xff, 0xff, 0xff, 0xff,
  0xff, 0xff, 0xff, 0xff, 0xff, 0xff, 0xff, 0xff, 0xff, 0xff, 0xff, 0xff,
  0xff, 0xff, 0xff, 0xff, 0xff, 0xff, 0xff, 0xff, 0xff, 0xff, 0xff, 0xff,
  0xff, 0xff, 0xff, 0xff, 0xff, 0xff, 0xff, 0xff, 0xff, 0xff, 0xff, 0xff,
  0xff, 0xff, 0xff, 0xff, 0xff, 0xff, 0xff, 0xff, 0xff, 0xff, 0xff, 0xff,
  0xff, 0xff, 0xff, 0xff, 0xff, 0xff, 0xff, 0xff, 0xff, 0xff, 0xff, 0xff,
  0xff, 0xff, 0xff, 0xff, 0xff, 0xff, 0xff, 0xff, 0xff, 0xff, 0xff, 0xff,
  0xff, 0xff, 0xff, 0xff, 0xff, 0xff, 0xff, 0xff, 0xff, 0xff, 0xff, 0xff,
  0xff, 0xff, 0xff, 0xff, 0xff, 0xff, 0xff, 0xff, 0xff, 0xff, 0xff, 0xff,
  0xff, 0xff, 0xff, 0xff, 0xff, 0xff, 0xff, 0xff, 0xff, 0xff, 0xff, 0xff,
  0xff, 0xff, 0xff, 0xff, 0xff, 0xff, 0xff, 0xff, 0xff, 0xff, 0xff, 0xff,
  0xff, 0xff, 0xff, 0xff, 0xff, 0xff, 0xff, 0xff, 0xff, 0xff, 0xff, 0xff,
  0xff, 0xff, 0xff, 0xff, 0xff, 0xff, 0xff, 0xff, 0xff, 0xff, 0xff, 0xff,
  0xff, 0xff, 0xff, 0xff, 0xff, 0xff, 0xff, 0xff, 0xff, 0xff, 0xff, 0xff,
  0xff, 0xff, 0xff, 0xff, 0xff, 0xff, 0xff, 0xff, 0xff, 0xff, 0xff, 0xff,
  0xff, 0xff, 0xff, 0xff, 0xff, 0xff, 0xff, 0xff, 0xff, 0xff, 0xff, 0xff,
  0xff, 0xff, 0xff, 0xff, 0xff, 0xff, 0xff, 0xff, 0xff, 0xff, 0xff, 0xff,
  0xff, 0xff, 0xff, 0xff, 0xff, 0xff, 0xff, 0xff, 0xff, 0xff, 0xff, 0xff,
  0xff, 0xff, 0xff, 0xff, 0xff, 0xff, 0xff, 0xff, 0xff, 0xff, 0xff, 0xff,
  0xff, 0xff, 0xff, 0xff, 0xff, 0xff, 0xff, 0xff, 0xff, 0xff, 0xff, 0xff,
  0xff, 0xff, 0xff, 0xff, 0xff, 0xff, 0xff, 0xff, 0xff, 0xff, 0xff, 0xff,
  0xff, 0xff, 0xff, 0xff, 0xff, 0xff, 0xff, 0xff, 0xff, 0xff, 0xff, 0xff,
  0xff, 0xff, 0xff, 0xff, 0xff, 0xff, 0xff, 0xff, 0xff, 0xff, 0xff, 0xff,
  0xff, 0xff, 0xff, 0xff, 0xff, 0xff, 0xff, 0xff, 0xff, 0xff, 0xff, 0xff,
  0xff, 0xff, 0xff, 0xff, 0xff, 0xff, 0xff, 0xff, 0xff, 0xff, 0xff, 0xff,
  0xff, 0xff, 0xff, 0xff, 0xff, 0xff, 0xff, 0xff, 0xff, 0xff, 0xff, 0xff,
  0xff, 0xff, 0xff, 0xff, 0xff, 0xff, 0xff, 0xff, 0xff, 0xff, 0xff, 0xff,
  0xff, 0xff, 0xff, 0xff, 0xff, 0xff, 0xff, 0xff, 0xff, 0xff, 0xff, 0xff,
  0xff, 0xff, 0xff, 0xff, 0xff, 0xff, 0xff, 0xff, 0xff, 0xff, 0xff, 0xff,
  0xff, 0xff, 0xff, 0xff, 0xff, 0xff, 0xff, 0xff, 0xff, 0xff, 0xff, 0xff,
  0xff, 0xff, 0xff, 0xff, 0xff, 0xff, 0xff, 0xff, 0xff, 0xff, 0xff, 0xff,
  0xff, 0xff, 0xff, 0xff, 0xff, 0xff, 0xff, 0xff, 0xff, 0xff, 0xff, 0xff,
  0xff, 0xff, 0xff, 0xff, 0xff, 0xff, 0xff, 0xff, 0xff, 0xff, 0xff, 0xff,
  0xff, 0xff, 0xff, 0xff, 0xff, 0xff, 0xff, 0xff, 0xff, 0xff, 0xff, 0xff,
  0xff, 0xff, 0xff, 0xff, 0xff, 0xff, 0xff, 0xff, 0xff, 0xff, 0xff, 0xff,
  0xff, 0xff, 0xff, 0xff, 0xff, 0xff, 0xff, 0xff, 0xff, 0xff, 0xff, 0xff,
  0xff, 0xff, 0xff, 0xff, 0xff, 0xff, 0xff, 0xff, 0xff, 0xff, 0xff, 0xff,
  0xff, 0xff, 0xff, 0xff, 0xff, 0xff, 0xff, 0xff, 0xff, 0xff, 0xff, 0xff,
  0xff, 0xff, 0xff, 0xff, 0xff, 0xff, 0xff, 0xff, 0xff, 0xff, 0xff, 0xff,
  0xff, 0xff, 0xff, 0xff, 0xff, 0xff, 0xff, 0xff, 0xff, 0xff, 0xff, 0xff,
  0xff, 0xff, 0xff, 0xff, 0xff, 0xff, 0xff, 0xff, 0xff, 0xff, 0xff, 0xff,
  0xff, 0xff, 0xff, 0xff, 0xff, 0xff, 0xff, 0xff, 0xff, 0xff, 0xff, 0xff,
  0xff, 0xff, 0xff, 0xff, 0xff, 0xff, 0xff, 0xff, 0xff, 0xff, 0xff, 0xff,
  0xff, 0xff, 0xff, 0xff, 0xff, 0xff, 0xff, 0xff, 0xff, 0xff, 0xff, 0xff,
  0xff, 0xff, 0xff, 0xff, 0xff, 0xff, 0xff, 0xff, 0xff, 0xff, 0xff, 0xff,
  0xff, 0xff, 0xff, 0xff, 0xff, 0xff, 0xff, 0xff, 0xff, 0xff, 0xff, 0xff,
  0xff, 0xff, 0xff, 0xff, 0xff, 0xff, 0xff, 0xff, 0xff, 0xff, 0xff, 0xff,
  0xff, 0xff, 0xff, 0xff, 0xff, 0xff, 0xff, 0xff, 0xff, 0xff, 0xff, 0xff,
  0xff, 0xff, 0xff, 0xff, 0xff, 0xff, 0xff, 0xff, 0xff, 0xff, 0xff, 0xff,
  0xff, 0xff, 0xff, 0xff, 0xff, 0xff, 0xff, 0xff, 0xff, 0xff, 0xff, 0xff,
  0xff, 0xff, 0xff, 0xff, 0xff, 0xff, 0xff, 0xff, 0xff, 0xff, 0xff, 0xff,
  0xff, 0xff, 0xff, 0xff, 0xff, 0xff, 0xff, 0xff, 0xff, 0xff, 0xff, 0xff,
  0xff, 0xff, 0xff, 0xff, 0xff, 0xff, 0xff, 0xff, 0xff, 0xff, 0xff, 0xff,
  0xff, 0xff, 0xff, 0xff, 0xff, 0xff, 0xff, 0xff, 0xff, 0xff, 0xff, 0xff,
  0xff, 0xff, 0xff, 0xff, 0xff, 0xff, 0xff, 0xff, 0xff, 0xff, 0xff, 0xff,
  0xff, 0xff, 0xff, 0xff, 0xff, 0xff, 0xff, 0xff, 0xff, 0xff, 0xff, 0xff,
  0xff, 0xff, 0xff, 0xff, 0xff, 0xff, 0xff, 0xff, 0xff, 0xff, 0xff, 0xff,
  0xff, 0xff, 0xff, 0xff, 0xff, 0xff, 0xff, 0xff, 0xff, 0xff, 0xff, 0xff,
  0xff, 0xff, 0xff, 0xff, 0xff, 0xff, 0xff, 0xff, 0xff, 0xff, 0xff, 0xff,
  0xff, 0xff, 0xff, 0xff, 0xff, 0xff, 0xff, 0xff, 0xff, 0xff, 0xff, 0xff,
  0xff, 0xff, 0xff, 0xff, 0xff, 0xff, 0xff, 0xff, 0xff, 0xff, 0xff, 0xff,
  0xff, 0xff, 0xff, 0xff, 0xff, 0xff, 0xff, 0xff, 0xff, 0xff, 0xff, 0xff,
  0xff, 0xff, 0xff, 0xff, 0xff, 0xff, 0xff, 0xff, 0xff, 0xff, 0xff, 0xff,
  0xff, 0xff, 0xff, 0xff, 0xff, 0xff, 0xff, 0xff, 0xff, 0xff, 0xff, 0xff,
  0xff, 0xff, 0xff, 0xff, 0xff, 0xff, 0xff, 0xff, 0xff, 0xff, 0xff, 0xff,
  0xff, 0xff, 0xff, 0xff, 0xff, 0xff, 0xff, 0xff, 0xff, 0xff, 0xff, 0xff,
  0xff, 0xff, 0xff, 0xff, 0xff, 0xff, 0xff, 0xff, 0xff, 0xff, 0xff, 0xff,
  0xff, 0xff, 0xff, 0xff, 0xff, 0xff, 0xff, 0xff, 0xff, 0xff, 0xff, 0xff,
  0xff, 0xff, 0xff, 0xff, 0xff, 0xff, 0xff, 0xff, 0xff, 0xff, 0xff, 0xff,
  0xff, 0xff, 0xff, 0xff, 0xff, 0xff, 0xff, 0xff, 0xff, 0xff, 0xff, 0xff,
  0xff, 0xff, 0xff, 0xff, 0xff, 0xff, 0xff, 0xff, 0xff, 0xff, 0xff, 0xff,
  0xff, 0xff, 0xff, 0xff, 0xff, 0xff, 0xff, 0xff, 0xff, 0xff, 0xff, 0xff,
  0xff, 0xff, 0xff, 0xff, 0xff, 0xff, 0xff, 0xff, 0xff, 0xff, 0xff, 0xff,
  0xff, 0xff, 0xff, 0xff, 0xff, 0xff, 0xff, 0xff, 0xff, 0xff, 0xff, 0xff,
  0xff, 0xff, 0xff, 0xff, 0xff, 0xff, 0xff, 0xff, 0xff, 0xff, 0xff, 0xff,
  0xff, 0xff, 0xff, 0xff, 0xff, 0xff, 0xff, 0xff, 0xff, 0xff, 0xff, 0xff,
  0xff, 0xff, 0xff, 0xff, 0xff, 0xff, 0xff, 0xff, 0xff, 0xff, 0xff, 0xff,
  0xff, 0xff, 0xff, 0xff, 0xff, 0xff, 0xff, 0xff, 0xff, 0xff, 0xff, 0xff,
  0xff, 0xff, 0xff, 0xff, 0xff, 0xff, 0xff, 0xff, 0xff, 0xff, 0xff, 0xff,
  0xff, 0xff, 0xff, 0xff, 0xff, 0xff, 0xff, 0xff, 0xff, 0xff, 0xff, 0xff,
  0xff, 0xff, 0xff, 0xff, 0xff, 0xff, 0xff, 0xff, 0xff, 0xff, 0xff, 0xff,
  0xff, 0xff, 0xff, 0xff, 0xff, 0xff, 0xff, 0xff, 0xff, 0xff, 0xff, 0xff,
  0xff, 0xff, 0xff, 0xff, 0xff, 0xff, 0xff, 0xff, 0xff, 0xff, 0xff, 0xff,
  0xff, 0xff, 0xff, 0xff, 0xff, 0xff, 0xff, 0xff, 0xff, 0xff, 0xff, 0xff,
  0xff, 0xff, 0xff, 0xff, 0xff, 0xff, 0xff, 0xff, 0xff, 0xff, 0xff, 0xff,
  0xff, 0xff, 0xff, 0xff, 0xff, 0xff, 0xff, 0xff, 0xff, 0xff, 0xff, 0xff,
  0xff, 0xff, 0xff, 0xff, 0xff, 0xff, 0xff, 0xff, 0xff, 0xff, 0xff, 0xff,
  0xff, 0xff, 0xff, 0xff, 0xff, 0xff, 0xff, 0xff, 0xff, 0xff, 0xff, 0xff,
  0xff, 0xff, 0xff, 0xff, 0xff, 0xff, 0xff, 0xff, 0xff, 0xff, 0xff, 0xff,
  0xff, 0xff, 0xff, 0xff, 0xff, 0xff, 0xff, 0xff, 0xff, 0xff, 0xff, 0xff,
  0xff, 0xff, 0xff, 0xff, 0xff, 0xff, 0xff, 0xff, 0xff, 0xff, 0xff, 0xff,
  0xff, 0xff, 0xff, 0xff, 0xff, 0xff, 0xff, 0xff, 0xff, 0xff, 0xff, 0xff,
  0xff, 0xff, 0xff, 0xff, 0xff, 0xff, 0xff, 0xff, 0xff, 0xff, 0xff, 0xff,
  0xff, 0xff, 0xff, 0xff, 0xff, 0xff, 0xff, 0xff, 0xff, 0xff, 0xff, 0xff,
  0xff, 0xff, 0xff, 0xff, 0xff, 0xff, 0xff, 0xff, 0xff, 0xff, 0xff, 0xff,
  0xff, 0xff, 0xff, 0xff, 0xff, 0xff, 0xff, 0xff, 0xff, 0xff, 0xff, 0xff,
  0xff, 0xff, 0xff, 0xff, 0xff, 0xff, 0xff, 0xff, 0xff, 0xff, 0xff, 0xff,
  0xff, 0xff, 0xff, 0xff, 0xff, 0xff, 0xff, 0xff, 0xff, 0xff, 0xff, 0xff,
  0xff, 0xff, 0xff, 0xff, 0xff, 0xff, 0xff, 0xff, 0xff, 0xff, 0xff, 0xff,
  0xff, 0xff, 0xff, 0xff, 0xff, 0xff, 0xff, 0xff, 0xff, 0xff, 0xff, 0xff,
  0xff, 0xff, 0xff, 0xff, 0xff, 0xff, 0xff, 0xff, 0xff, 0xff, 0xff, 0xff,
  0xff, 0xff, 0xff, 0xff, 0xff, 0xff, 0xff, 0xff, 0xff, 0xff, 0xff, 0xff,
  0xff, 0xff, 0xff, 0xff, 0xff, 0xff, 0xff, 0xff, 0xff, 0xff, 0xff, 0xff,
  0xff, 0xff, 0xff, 0xff, 0xff, 0xff, 0xff, 0xff, 0xff, 0xff, 0xff, 0xff,
  0xff, 0xff, 0xff, 0xff, 0xff, 0xff, 0xff, 0xff, 0xff, 0xff, 0xff, 0xff,
  0xff, 0xff, 0xff, 0xff, 0xff, 0xff, 0xff, 0xff, 0xff, 0xff, 0xff, 0xff,
  0xff, 0xff, 0xff, 0xff, 0xff, 0xff, 0xff, 0xff, 0xff, 0xff, 0xff, 0xff,
  0xff, 0xff, 0xff, 0xff, 0xff, 0xff, 0xff, 0xff, 0xff, 0xff, 0xff, 0xff,
  0xff, 0xff, 0xff, 0xff, 0xff, 0xff, 0xff, 0xff, 0xff, 0xff, 0xff, 0xff,
  0xff, 0xff, 0xff, 0xff, 0xff, 0xff, 0xff, 0xff, 0xff, 0xff, 0xff, 0xff,
  0xff, 0xff, 0xff, 0xff, 0xff, 0xff, 0xff, 0xff, 0xff, 0xff, 0xff, 0xff,
  0xff, 0xff, 0xff, 0xff, 0xff, 0xff, 0xff, 0xff, 0xff, 0xff, 0xff, 0xff,
  0xff, 0xff, 0xff, 0xff, 0xff, 0xff, 0xff, 0xff, 0xff, 0xff, 0xff, 0xff,
  0xff, 0xff, 0xff, 0xff, 0xff, 0xff, 0xff, 0xff, 0xff, 0xff, 0xff, 0xff,
  0xff, 0xff, 0xff, 0xff, 0xff, 0xff, 0xff, 0xff, 0xff, 0xff, 0xff, 0xff,
  0xff, 0xff, 0xff, 0xff, 0xff, 0xff, 0xff, 0xff, 0xff, 0xff, 0xff, 0xff,
  0xff, 0xff, 0xff, 0xff, 0xff, 0xff, 0xff, 0xff, 0xff, 0xff, 0xff, 0xff,
  0xff, 0xff, 0xff, 0xff, 0xff, 0xff, 0xff, 0xff, 0xff, 0xff, 0xff, 0xff,
  0xff, 0xff, 0xff, 0xff, 0xff, 0xff, 0xff, 0xff, 0xff, 0xff, 0xff, 0xff,
  0xff, 0xff, 0xff, 0xff, 0xff, 0xff, 0xff, 0xff, 0xff, 0xff, 0xff, 0xff,
  0xff, 0xff, 0xff, 0xff, 0xff, 0xff, 0xff, 0xff, 0xff, 0xff, 0xff, 0xff,
  0xff, 0xff, 0xff, 0xff, 0xff, 0xff, 0xff, 0xff, 0xff, 0xff, 0xff, 0xff,
  0xff, 0xff, 0xff, 0xff, 0xff, 0xff, 0xff, 0xff, 0xff, 0xff, 0xff, 0xff,
  0xff, 0xff, 0xff, 0xff, 0xff, 0xff, 0xff, 0xff, 0xff, 0xff, 0xff, 0xff,
  0xff, 0xff, 0xff, 0xff, 0xff, 0xff, 0xff, 0xff, 0xff, 0xff, 0xff, 0xff,
  0xff, 0xff, 0xff, 0xff, 0xff, 0xff, 0xff, 0xff, 0xff, 0xff, 0xff, 0xff,
  0xff, 0xff, 0xff, 0xff, 0xff, 0xff, 0xff, 0xff, 0xff, 0xff, 0xff, 0xff,
  0xff, 0xff, 0xff, 0xff, 0xff, 0xff, 0xff, 0xff, 0xff, 0xff, 0xff, 0xff,
  0xff, 0xff, 0xff, 0xff, 0xff, 0xff, 0xff, 0xff, 0xff, 0xff, 0xff, 0xff,
  0xff, 0xff, 0xff, 0xff, 0xff, 0xff, 0xff, 0xff, 0xff, 0xff, 0xff, 0xff,
  0xff, 0xff, 0xff, 0xff, 0xff, 0xff, 0xff, 0xff, 0xff, 0xff, 0xff, 0xff,
  0xff, 0xff, 0xff, 0xff, 0xff, 0xff, 0xff, 0xff, 0xff, 0xff, 0xff, 0xff,
  0xff, 0xff, 0xff, 0xff, 0xff, 0xff, 0xff, 0xff, 0xff, 0xff, 0xff, 0xff,
  0xff, 0xff, 0xff, 0xff, 0xff, 0xff, 0xff, 0xff, 0xff, 0xff, 0xff, 0xff,
  0xff, 0xff, 0xff, 0xff, 0xff, 0xff, 0xff, 0xff, 0xff, 0xff, 0xff, 0xff,
  0xff, 0xff, 0xff, 0xff, 0xff, 0xff, 0xff, 0xff, 0xff, 0xff, 0xff, 0xff,
  0xff, 0xff, 0xff, 0xff, 0xff, 0xff, 0xff, 0xff, 0xff, 0xff, 0xff, 0xff,
  0xff, 0xff, 0xff, 0xff, 0xff, 0xff, 0xff, 0xff, 0xff, 0xff, 0xff, 0xff,
  0xff, 0xff, 0xff, 0xff, 0xff, 0xff, 0xff, 0xff, 0xff, 0xff, 0xff, 0xff,
  0xff, 0xff, 0xff, 0xff, 0xff, 0xff, 0xff, 0xff, 0xff, 0xff, 0xff, 0xff,
  0xff, 0xff, 0xff, 0xff, 0xff, 0xff, 0xff, 0xff, 0xff, 0xff, 0xff, 0xff,
  0xff, 0xff, 0xff, 0xff, 0xff, 0xff, 0xff, 0xff, 0xff, 0xff, 0xff, 0xff,
  0xff, 0xff, 0xff, 0xff, 0xff, 0xff, 0xff, 0xff, 0xff, 0xff, 0xff, 0xff,
  0xff, 0xff, 0xff, 0xff, 0xff, 0xff, 0xff, 0xff, 0xff, 0xff, 0xff, 0xff,
  0xff, 0xff, 0xff, 0xff, 0xff, 0xff, 0xff, 0xff, 0xff, 0xff, 0xff, 0xff,
  0xff, 0xff, 0xff, 0xff, 0xff, 0xff, 0xff, 0xff, 0xff, 0xff, 0xff, 0xff,
  0xff, 0xff, 0xff, 0xff, 0xff, 0xff, 0xff, 0xff, 0xff, 0xff, 0xff, 0xff,
  0xff, 0xff, 0xff, 0xff, 0xff, 0xff, 0xff, 0xff, 0xff, 0xff, 0xff, 0xff,
  0xff, 0xff, 0xff, 0xff, 0xff, 0xff, 0xff, 0xff, 0xff, 0xff, 0xff, 0xff,
  0xff, 0xff, 0xff, 0xff, 0xff, 0xff, 0xff, 0xff, 0xff, 0xff, 0xff, 0xff,
  0xff, 0xff, 0xff, 0xff, 0xff, 0xff, 0xff, 0xff, 0xff, 0xff, 0xff, 0xff,
  0xff, 0xff, 0xff, 0xff, 0xff, 0xff, 0xff, 0xff, 0xff, 0xff, 0xff, 0xff,
  0xff, 0xff, 0xff, 0xff, 0xff, 0xff, 0xff, 0xff, 0xff, 0xff, 0xff, 0xff,
  0xff, 0xff, 0xff, 0xff, 0xff, 0xff, 0xff, 0xff, 0xff, 0xff, 0xff, 0xff,
  0xff, 0xff, 0xff, 0xff, 0xff, 0xff, 0xff, 0xff, 0xff, 0xff, 0xff, 0xff,
  0xff, 0xff, 0xff, 0xff, 0xff, 0xff, 0xff, 0xff, 0xff, 0xff, 0xff, 0xff,
  0xff, 0xff, 0xff, 0xff, 0xff, 0xff, 0xff, 0xff, 0xff, 0xff, 0xff, 0xff,
  0xff, 0xff, 0xff, 0xff, 0xff, 0xff, 0xff, 0xff, 0xff, 0xff, 0xff, 0xff,
  0xff, 0xff, 0xff, 0xff, 0xff, 0xff, 0xff, 0xff, 0xff, 0xff, 0xff, 0xff,
  0xff, 0xff, 0xff, 0xff, 0xff, 0xff, 0xff, 0xff, 0xff, 0xff, 0xff, 0xff,
  0xff, 0xff, 0xff, 0xff, 0xff, 0xff, 0xff, 0xff, 0xff, 0xff, 0xff, 0xff,
  0xff, 0xff, 0xff, 0xff, 0xff, 0xff, 0xff, 0xff, 0xff, 0xff, 0xff, 0xff,
  0xff, 0xff, 0xff, 0xff, 0xff, 0xff, 0xff, 0xff, 0xff, 0xff, 0xff, 0xff,
  0xff, 0xff, 0xff, 0xff, 0xff, 0xff, 0xff, 0xff, 0xff, 0xff, 0xff, 0xff,
  0xff, 0xff, 0xff, 0xff, 0xff, 0xff, 0xff, 0xff, 0xff, 0xff, 0xff, 0xff,
  0xff, 0xff, 0xff, 0xff, 0xff, 0xff, 0xff, 0xff, 0xff, 0xff, 0xff, 0xff,
  0xff, 0xff, 0xff, 0xff, 0xff, 0xff, 0xff, 0xff, 0xff, 0xff, 0xff, 0xff,
  0xff, 0xff, 0xff, 0xff, 0xff, 0xff, 0xff, 0xff, 0xff, 0xff, 0xff, 0xff,
  0xff, 0xff, 0xff, 0xff, 0xff, 0xff, 0xff, 0xff, 0xff, 0xff, 0xff, 0xff,
  0xff, 0xff, 0xff, 0xff, 0xff, 0xff, 0xff, 0xff, 0xff, 0xff, 0xff, 0xff,
  0xff, 0xff, 0xff, 0xff, 0xff, 0xff, 0xff, 0xff, 0xff, 0xff, 0xff, 0xff,
  0xff, 0xff, 0xff, 0xff, 0xff, 0xff, 0xff, 0xff, 0xff, 0xff, 0xff, 0xff,
  0xff, 0xff, 0xff, 0xff, 0xff, 0xff, 0xff, 0xff, 0xff, 0xff, 0xff, 0xff,
  0xff, 0xff, 0xff, 0xff, 0xff, 0xff, 0xff, 0xff, 0xff, 0xff, 0xff, 0xff,
  0xff, 0xff, 0xff, 0xff, 0xff, 0xff, 0xff, 0xff, 0xff, 0xff, 0xff, 0xff,
  0xff, 0xff, 0xff, 0xff, 0xff, 0xff, 0xff, 0xff, 0xff, 0xff, 0xff, 0xff,
  0xff, 0xff, 0xff, 0xff, 0xff, 0xff, 0xff, 0xff, 0xff, 0xff, 0xff, 0xff,
  0xff, 0xff, 0xff, 0xff, 0xff, 0xff, 0xff, 0xff, 0xff, 0xff, 0xff, 0xff,
  0xff, 0xff, 0xff, 0xff, 0xff, 0xff, 0xff, 0xff, 0xff, 0xff, 0xff, 0xff,
  0xff, 0xff, 0xff, 0xff, 0xff, 0xff, 0xff, 0xff, 0xff, 0xff, 0xff, 0xff,
  0xff, 0xff, 0xff, 0xff, 0xff, 0xff, 0xff, 0xff, 0xff, 0xff, 0xff, 0xff,
  0xff, 0xff, 0xff, 0xff, 0xff, 0xff, 0xff, 0xff, 0xff, 0xff, 0xff, 0xff,
  0xff, 0xff, 0xff, 0xff, 0xff, 0xff, 0xff, 0xff, 0xff, 0xff, 0xff, 0xff,
  0xff, 0xff, 0xff, 0xff, 0xff, 0xff, 0xff, 0xff, 0xff, 0xff, 0xff, 0xff,
  0xff, 0xff, 0xff, 0xff, 0xff, 0xff, 0xff, 0xff, 0xff, 0xff, 0xff, 0xff,
  0xff, 0xff, 0xff, 0xff, 0xff, 0xff, 0xff, 0xff, 0xff, 0xff, 0xff, 0xff,
  0xff, 0xff, 0xff, 0xff, 0xff, 0xff, 0xff, 0xff, 0xff, 0xff, 0xff, 0xff,
  0xff, 0xff, 0xff, 0xff, 0xff, 0xff, 0xff, 0xff, 0xff, 0xff, 0xff, 0xff,
  0xff, 0xff, 0xff, 0xff, 0xff, 0xff, 0xff, 0xff, 0xff, 0xff, 0xff, 0xff,
  0xff, 0xff, 0xff, 0xff, 0xff, 0xff, 0xff, 0xff, 0xff, 0xff, 0xff, 0xff,
  0xff, 0xff, 0xff, 0xff, 0xff, 0xff, 0xff, 0xff, 0xff, 0xff, 0xff, 0xff,
  0xff, 0xff, 0xff, 0xff, 0xff, 0xff, 0xff, 0xff, 0xff, 0xff, 0xff, 0xff,
  0xff, 0xff, 0xff, 0xff, 0xff, 0xff, 0xff, 0xff, 0xff, 0xff, 0xff, 0xff,
  0xff, 0xff, 0xff, 0xff, 0xff, 0xff, 0xff, 0xff, 0xff, 0xff, 0xff, 0xff,
  0xff, 0xff, 0xff, 0xff, 0xff, 0xff, 0xff, 0xff, 0xff, 0xff, 0xff, 0xff,
  0xff, 0xff, 0xff, 0xff, 0xff, 0xff, 0xff, 0xff, 0xff, 0xff, 0xff, 0xff,
  0xff, 0xff, 0xff, 0xff, 0xff, 0xff, 0xff, 0xff, 0xff, 0xff, 0xff, 0xff,
  0xff, 0xff, 0xff, 0xff, 0xff, 0xff, 0xff, 0xff, 0xff, 0xff, 0xff, 0xff,
  0xff, 0xff, 0xff, 0xff, 0xff, 0xff, 0xff, 0xff, 0xff, 0xff, 0xff, 0xff,
  0xff, 0xff, 0xff, 0xff, 0xff, 0xff, 0xff, 0xff, 0xff, 0xff, 0xff, 0xff,
  0xff, 0xff, 0xff, 0xff, 0xff, 0xff, 0xff, 0xff, 0xff, 0xff, 0xff, 0xff,
  0xff, 0xff, 0xff, 0xff, 0xff, 0xff, 0xff, 0xff, 0xff, 0xff, 0xff, 0xff,
  0xff, 0xff, 0xff, 0xff, 0xff, 0xff, 0xff, 0xff, 0xff, 0xff, 0xff, 0xff,
  0xff, 0xff, 0xff, 0xff, 0xff, 0xff, 0xff, 0xff, 0xff, 0xff, 0xff, 0xff,
  0xff, 0xff, 0xff, 0xff, 0xff, 0xff, 0xff, 0xff, 0xff, 0xff, 0xff, 0xff,
  0xff, 0xff, 0xff, 0xff, 0xff, 0xff, 0xff, 0xff, 0xff, 0xff, 0xff, 0xff,
  0xff, 0xff, 0xff, 0xff, 0xff, 0xff, 0xff, 0xff, 0xff, 0xff, 0xff, 0xff,
  0xff, 0xff, 0xff, 0xff, 0xff, 0xff, 0xff, 0xff, 0xff, 0xff, 0xff, 0xff,
  0xff, 0xff, 0xff, 0xff, 0xff, 0xff, 0xff, 0xff, 0xff, 0xff, 0xff, 0xff,
  0xff, 0xff, 0xff, 0xff, 0xff, 0xff, 0xff, 0xff, 0xff, 0xff, 0xff, 0xff,
  0xff, 0xff, 0xff, 0xff, 0xff, 0xff, 0xff, 0xff, 0xff, 0xff, 0xff, 0xff,
  0xff, 0xff, 0xff, 0xff, 0xff, 0xff, 0xff, 0xff, 0xff, 0xff, 0xff, 0xff,
  0xff, 0xff, 0xff, 0xff, 0xff, 0xff, 0xff, 0xff, 0xff, 0xff, 0xff, 0xff,
  0xff, 0xff, 0xff, 0xff, 0xff, 0xff, 0xff, 0xff, 0xff, 0xff, 0xff, 0xff,
  0xff, 0xff, 0xff, 0xff, 0xff, 0xff, 0xff, 0xff, 0xff, 0xff, 0xff, 0xff,
  0xff, 0xff, 0xff, 0xff, 0xff, 0xff, 0xff, 0xff, 0xff, 0xff, 0xff, 0xff,
  0xff, 0xff, 0xff, 0xff, 0xff, 0xff, 0xff, 0xff, 0xff, 0xff, 0xff, 0xff,
  0xff, 0xff, 0xff, 0xff, 0xff, 0xff, 0xff, 0xff, 0xff, 0xff, 0xff, 0xff,
  0xff, 0xff, 0xff, 0xff, 0xff, 0xff, 0xff, 0xff, 0xff, 0xff, 0xff, 0xff,
  0xff, 0xff, 0xff, 0xff, 0xff, 0xff, 0xff, 0xff, 0xff, 0xff, 0xff, 0xff,
  0xff, 0xff, 0xff, 0xff, 0xff, 0xff, 0xff, 0xff, 0xff, 0xff, 0xff, 0xff,
  0xff, 0xff, 0xff, 0xff, 0xff, 0xff, 0xff, 0xff, 0xff, 0xff, 0xff, 0xff,
  0xff, 0xff, 0xff, 0xff, 0xff, 0xff, 0xff, 0xff, 0xff, 0xff, 0xff, 0xff,
  0xff, 0xff, 0xff, 0xff, 0xff, 0xff, 0xff, 0xff, 0xff, 0xff, 0xff, 0xff,
  0xff, 0xff, 0xff, 0xff, 0xff, 0xff, 0xff, 0xff, 0xff, 0xff, 0xff, 0xff,
  0xff, 0xff, 0xff, 0xff, 0xff, 0xff, 0xff, 0xff, 0xff, 0xff, 0xff, 0xff,
  0xff, 0xff, 0xff, 0xff, 0xff, 0xff, 0xff, 0xff, 0xff, 0xff, 0xff, 0xff,
  0xff, 0xff, 0xff, 0xff, 0xff, 0xff, 0xff, 0xff, 0xff, 0xff, 0xff, 0xff,
  0xff, 0xff, 0xff, 0xff, 0xff, 0xff, 0xff, 0xff, 0xff, 0xff, 0xff, 0xff,
  0xff, 0xff, 0xff, 0xff, 0xff, 0xff, 0xff, 0xff, 0xff, 0xff, 0xff, 0xff,
  0xff, 0xff, 0xff, 0xff, 0xff, 0xff, 0xff, 0xff, 0xff, 0xff, 0xff, 0xff,
  0xff, 0xff, 0xff, 0xff, 0xff, 0xff, 0xff, 0xff, 0xff, 0xff, 0xff, 0xff,
  0xff, 0xff, 0xff, 0xff, 0xff, 0xff, 0xff, 0xff, 0xff, 0xff, 0xff, 0xff,
  0xff, 0xff, 0xff, 0xff, 0xff, 0xff, 0xff, 0xff, 0xff, 0xff, 0xff, 0xff,
  0xff, 0xff, 0xff, 0xff, 0xff, 0xff, 0xff, 0xff, 0xff, 0xff, 0xff, 0xff,
  0xff, 0xff, 0xff, 0xff, 0xff, 0xff, 0xff, 0xff, 0xff, 0xff, 0xff, 0xff,
  0xff, 0xff, 0xff, 0xff, 0xff, 0xff, 0xff, 0xff, 0xff, 0xff, 0xff, 0xff,
  0xff, 0xff, 0xff, 0xff, 0xff, 0xff, 0xff, 0xff, 0xff, 0xff, 0xff, 0xff,
  0xff, 0xff, 0xff, 0xff, 0xff, 0xff, 0xff, 0xff, 0xff, 0xff, 0xff, 0xff,
  0xff, 0xff, 0xff, 0xff, 0xff, 0xff, 0xff, 0xff, 0xff, 0xff, 0xff, 0xff,
  0xff, 0xff, 0xff, 0xff, 0xff, 0xff, 0xff, 0xff, 0xff, 0xff, 0xff, 0xff,
  0xff, 0xff, 0xff, 0xff, 0xff, 0xff, 0xff, 0xff, 0xff, 0xff, 0xff, 0xff,
  0xff, 0xff, 0xff, 0xff, 0xff, 0xff, 0xff, 0xff, 0xff, 0xff, 0xff, 0xff,
  0xff, 0xff, 0xff, 0xff, 0xff, 0xff, 0xff, 0xff, 0xff, 0xff, 0xff, 0xff,
  0xff, 0xff, 0xff, 0xff, 0xff, 0xff, 0xff, 0xff, 0xff, 0xff, 0xff, 0xff,
  0xff, 0xff, 0xff, 0xff, 0xff, 0xff, 0xff, 0xff, 0xff, 0xff, 0xff, 0xff,
  0xff, 0xff, 0xff, 0xff, 0xff, 0xff, 0xff, 0xff, 0xff, 0xff, 0xff, 0xff,
  0xff, 0xff, 0xff, 0xff, 0xff, 0xff, 0xff, 0xff, 0xff, 0xff, 0xff, 0xff,
  0xff, 0xff, 0xff, 0xff, 0xff, 0xff, 0xff, 0xff, 0xff, 0xff, 0xff, 0xff,
  0xff, 0xff, 0xff, 0xff, 0xff, 0xff, 0xff, 0xff, 0xff, 0xff, 0xff, 0xff,
  0xff, 0xff, 0xff, 0xff, 0xff, 0xff, 0xff, 0xff, 0xff, 0xff, 0xff, 0xff,
  0xff, 0xff, 0xff, 0xff, 0xff, 0xff, 0xff, 0xff, 0xff, 0xff, 0xff, 0xff,
  0xff, 0xff, 0xff, 0xff, 0xff, 0xff, 0xff, 0xff, 0xff, 0xff, 0xff, 0xff,
  0xff, 0xff, 0xff, 0xff, 0xff, 0xff, 0xff, 0xff, 0xff, 0xff, 0xff, 0xff,
  0xff, 0xff, 0xff, 0xff, 0xff, 0xff, 0xff, 0xff, 0xff, 0xff, 0xff, 0xff,
  0xff, 0xff, 0xff, 0xff, 0xff, 0xff, 0xff, 0xff, 0xff, 0xff, 0xff, 0xff,
  0xff, 0xff, 0xff, 0xff, 0xff, 0xff, 0xff, 0xff, 0xff, 0xff, 0xff, 0xff,
  0xff, 0xff, 0xff, 0xff, 0xff, 0xff, 0xff, 0xff, 0xff, 0xff, 0xff, 0xff,
  0xff, 0xff, 0xff, 0xff, 0xff, 0xff, 0xff, 0xff, 0xff, 0xff, 0xff, 0xff,
  0xff, 0xff, 0xff, 0xff, 0xff, 0xff, 0xff, 0xff, 0xff, 0xff, 0xff, 0xff,
  0xff, 0xff, 0xff, 0xff, 0xff, 0xff, 0xff, 0xff, 0xff, 0xff, 0xff, 0xff,
  0xff, 0xff, 0xff, 0xff, 0xff, 0xff, 0xff, 0xff, 0xff, 0xff, 0xff, 0xff,
  0xff, 0xff, 0xff, 0xff, 0xff, 0xff, 0xff, 0xff, 0xff, 0xff, 0xff, 0xff,
  0xff, 0xff, 0xff, 0xff, 0xff, 0xff, 0xff, 0xff, 0xff, 0xff, 0xff, 0xff,
  0xff, 0xff, 0xff, 0xff, 0xff, 0xff, 0xff, 0xff, 0xff, 0xff, 0xff, 0xff,
  0xff, 0xff, 0xff, 0xff, 0xff, 0xff, 0xff, 0xff, 0xff, 0xff, 0xff, 0xff,
  0xff, 0xff, 0xff, 0xff, 0xff, 0xff, 0xff, 0xff, 0xff, 0xff, 0xff, 0xff,
  0xff, 0xff, 0xff, 0xff, 0xff, 0xff, 0xff, 0xff, 0xff, 0xff, 0xff, 0xff,
  0xff, 0xff, 0xff, 0xff, 0xff, 0xff, 0xff, 0xff, 0xff, 0xff, 0xff, 0xff,
  0xff, 0xff, 0xff, 0xff, 0xff, 0xff, 0xff, 0xff, 0xff, 0xff, 0xff, 0xff,
  0xff, 0xff, 0xff, 0xff, 0xff, 0xff, 0xff, 0xff, 0xff, 0xff, 0xff, 0xff,
  0xff, 0xff, 0xff, 0xff, 0xff, 0xff, 0xff, 0xff, 0xff, 0xff, 0xff, 0xff,
  0xff, 0xff, 0xff, 0xff, 0xff, 0xff, 0xff, 0xff, 0xff, 0xff, 0xff, 0xff,
  0xff, 0xff, 0xff, 0xff, 0xff, 0xff, 0xff, 0xff, 0xff, 0xff, 0xff, 0xff,
  0xff, 0xff, 0xff, 0xff, 0xff, 0xff, 0xff, 0xff, 0xff, 0xff, 0xff, 0xff,
  0xff, 0xff, 0xff, 0xff, 0xff, 0xff, 0xff, 0xff, 0xff, 0xff, 0xff, 0xff,
  0xff, 0xff, 0xff, 0xff, 0xff, 0xff, 0xff, 0xff, 0xff, 0xff, 0xff, 0xff,
  0xff, 0xff, 0xff, 0xff, 0xff, 0xff, 0xff, 0xff, 0xff, 0xff, 0xff, 0xff,
  0xff, 0xff, 0xff, 0xff, 0xff, 0xff, 0xff, 0xff, 0xff, 0xff, 0xff, 0xff,
  0xff, 0xff, 0xff, 0xff, 0xff, 0xff, 0xff, 0xff, 0xff, 0xff, 0xff, 0xff,
  0xff, 0xff, 0xff, 0xff, 0xff, 0xff, 0xff, 0xff, 0xff, 0xff, 0xff, 0xff,
  0xff, 0xff, 0xff, 0xff, 0xff, 0xff, 0xff, 0xff, 0xff, 0xff, 0xff, 0xff,
  0xff, 0xff, 0xff, 0xff, 0xff, 0xff, 0xff, 0xff, 0xff, 0xff, 0xff, 0xff,
  0xff, 0xff, 0xff, 0xff, 0xff, 0xff, 0xff, 0xff, 0xff, 0xff, 0xff, 0xff,
  0xff, 0xff, 0xff, 0xff, 0xff, 0xff, 0xff, 0xff, 0xff, 0xff, 0xff, 0xff,
  0xff, 0xff, 0xff, 0xff, 0xff, 0xff, 0xff, 0xff, 0xff, 0xff, 0xff, 0xff,
  0xff, 0xff, 0xff, 0xff, 0xff, 0xff, 0xff, 0xff, 0xff, 0xff, 0xff, 0xff,
  0xff, 0xff, 0xff, 0xff, 0xff, 0xff, 0xff, 0xff, 0xff, 0xff, 0xff, 0xff,
  0xff, 0xff, 0xff, 0xff, 0xff, 0xff, 0xff, 0xff, 0xff, 0xff, 0xff, 0xff,
  0xff, 0xff, 0xff, 0xff, 0xff, 0xff, 0xff, 0xff, 0xff, 0xff, 0xff, 0xff,
  0xff, 0xff, 0xff, 0xff, 0xff, 0xff, 0xff, 0xff, 0xff, 0xff, 0xff, 0xff,
  0xff, 0xff, 0xff, 0xff, 0xff, 0xff, 0xff, 0xff, 0xff, 0xff, 0xff, 0xff,
  0xff, 0xff, 0xff, 0xff, 0xff, 0xff, 0xff, 0xff, 0xff, 0xff, 0xff, 0xff,
  0xff, 0xff, 0xff, 0xff, 0xff, 0xff, 0xff, 0xff, 0xff, 0xff, 0xff, 0xff,
  0xff, 0xff, 0xff, 0xff, 0xff, 0xff, 0xff, 0xff, 0xff, 0xff, 0xff, 0xff,
  0xff, 0xff, 0xff, 0xff, 0xff, 0xff, 0xff, 0xff, 0xff, 0xff, 0xff, 0xff,
  0xff, 0xff, 0xff, 0xff, 0xff, 0xff, 0xff, 0xff, 0xff, 0xff, 0xff, 0xff,
  0xff, 0xff, 0xff, 0xff, 0xff, 0xff, 0xff, 0xff, 0xff, 0xff, 0xff, 0xff,
  0xff, 0xff, 0xff, 0xff, 0xff, 0xff, 0xff, 0xff, 0xff, 0xff, 0xff, 0xff,
  0xff, 0xff, 0xff, 0xff, 0xff, 0xff, 0xff, 0xff, 0xff, 0xff, 0xff, 0xff,
  0xff, 0xff, 0xff, 0xff, 0xff, 0xff, 0xff, 0xff, 0xff, 0xff, 0xff, 0xff,
  0xff, 0xff, 0xff, 0xff, 0xff, 0xff, 0xff, 0xff, 0xff, 0xff, 0xff, 0xff,
  0xff, 0xff, 0xff, 0xff, 0xff, 0xff, 0xff, 0xff, 0xff, 0xff, 0xff, 0xff,
  0xff, 0xff, 0xff, 0xff, 0xff, 0xff, 0xff, 0xff, 0xff, 0xff, 0xff, 0xff,
  0xff, 0xff, 0xff, 0xff, 0xff, 0xff, 0xff, 0xff, 0xff, 0xff, 0xff, 0xff,
  0xff, 0xff, 0xff, 0xff, 0xff, 0xff, 0xff, 0xff, 0xff, 0xff, 0xff, 0xff,
  0xff, 0xff, 0xff, 0xff, 0xff, 0xff, 0xff, 0xff, 0xff, 0xff, 0xff, 0xff,
  0xff, 0xff, 0xff, 0xff, 0xff, 0xff, 0xff, 0xff, 0xff, 0xff, 0xff, 0xff,
  0xff, 0xff, 0xff, 0xff, 0xff, 0xff, 0xff, 0xff, 0xff, 0xff, 0xff, 0xff,
  0xff, 0xff, 0xff, 0xff, 0xff, 0xff, 0xff, 0xff, 0xff, 0xff, 0xff, 0xff,
  0xff, 0xff, 0xff, 0xff, 0xff, 0xff, 0xff, 0xff, 0xff, 0xff, 0xff, 0xff,
  0xff, 0xff, 0xff, 0xff, 0xff, 0xff, 0xff, 0xff, 0xff, 0xff, 0xff, 0xff,
  0xff, 0xff, 0xff, 0xff, 0xff, 0xff, 0xff, 0xff, 0xff, 0xff, 0xff, 0xff,
  0xff, 0xff, 0xff, 0xff, 0xff, 0xff, 0xff, 0xff, 0xff, 0xff, 0xff, 0xff,
  0xff, 0xff, 0xff, 0xff, 0xff, 0xff, 0xff, 0xff, 0xff, 0xff, 0xff, 0xff,
  0xff, 0xff, 0xff, 0xff, 0xff, 0xff, 0xff, 0xff, 0xff, 0xff, 0xff, 0xff,
  0xff, 0xff, 0xff, 0xff, 0xff, 0xff, 0xff, 0xff, 0xff, 0xff, 0xff, 0xff,
  0xff, 0xff, 0xff, 0xff, 0xff, 0xff, 0xff, 0xff, 0xff, 0xff, 0xff, 0xff,
  0xff, 0xff, 0xff, 0xff, 0xff, 0xff, 0xff, 0xff, 0xff, 0xff, 0xff, 0xff,
  0xff, 0xff, 0xff, 0xff, 0xff, 0xff, 0xff, 0xff, 0xff, 0xff, 0xff, 0xff,
  0xff, 0xff, 0xff, 0xff, 0xff, 0xff, 0xff, 0xff, 0xff, 0xff, 0xff, 0xff,
  0xff, 0xff, 0xff, 0xff, 0xff, 0xff, 0xff, 0xff, 0xff, 0xff, 0xff, 0xff,
  0xff, 0xff, 0xff, 0xff, 0xff, 0xff, 0xff, 0xff, 0xff, 0xff, 0xff, 0xff,
  0xff, 0xff, 0xff, 0xff, 0xff, 0xff, 0xff, 0xff, 0xff, 0xff, 0xff, 0xff,
  0xff, 0xff, 0xff, 0xff, 0xff, 0xff, 0xff, 0xff, 0xff, 0xff, 0xff, 0xff,
  0xff, 0xff, 0xff, 0xff, 0xff, 0xff, 0xff, 0xff, 0xff, 0xff, 0xff, 0xff,
  0xff, 0xff, 0xff, 0xff, 0xff, 0xff, 0xff, 0xff, 0xff, 0xff, 0xff, 0xff,
  0xff, 0xff, 0xff, 0xff, 0xff, 0xff, 0xff, 0xff, 0xff, 0xff, 0xff, 0xff,
  0xff, 0xff, 0xff, 0xff, 0xff, 0xff, 0xff, 0xff, 0xff, 0xff, 0xff, 0xff,
  0xff, 0xff, 0xff, 0xff, 0xff, 0xff, 0xff, 0xff, 0xff, 0xff, 0xff, 0xff,
  0xff, 0xff, 0xff, 0xff, 0xff, 0xff, 0xff, 0xff, 0xff, 0xff, 0xff, 0xff,
  0xff, 0xff, 0xff, 0xff, 0xff, 0xff, 0xff, 0xff, 0xff, 0xff, 0xff, 0xff,
  0xff, 0xff, 0xff, 0xff, 0xff, 0xff, 0xff, 0xff, 0xff, 0xff, 0xff, 0xff,
  0xff, 0xff, 0xff, 0xff, 0xff, 0xff, 0xff, 0xff, 0xff, 0xff, 0xff, 0xff,
  0xff, 0xff, 0xff, 0xff, 0xff, 0xff, 0xff, 0xff, 0xff, 0xff, 0xff, 0xff,
  0xff, 0xff, 0xff, 0xff, 0xff, 0xff, 0xff, 0xff, 0xff, 0xff, 0xff, 0xff,
  0xff, 0xff, 0xff, 0xff, 0xff, 0xff, 0xff, 0xff, 0xff, 0xff, 0xff, 0xff,
  0xff, 0xff, 0xff, 0xff, 0xff, 0xff, 0xff, 0xff, 0xff, 0xff, 0xff, 0xff,
  0xff, 0xff, 0xff, 0xff, 0xff, 0xff, 0xff, 0xff, 0xff, 0xff, 0xff, 0xff,
  0xff, 0xff, 0xff, 0xff, 0xff, 0xff, 0xff, 0xff, 0xff, 0xff, 0xff, 0xff,
  0xff, 0xff, 0xff, 0xff, 0xff, 0xff, 0xff, 0xff, 0xff, 0xff, 0xff, 0xff,
  0xff, 0xff, 0xff, 0xff, 0xff, 0xff, 0xff, 0xff, 0xff, 0xff, 0xff, 0xff,
  0xff, 0xff, 0xff, 0xff, 0xff, 0xff, 0xff, 0xff, 0xff, 0xff, 0xff, 0xff,
  0xff, 0xff, 0xff, 0xff, 0xff, 0xff, 0xff, 0xff, 0xff, 0xff, 0xff, 0xff,
  0xff, 0xff, 0xff, 0xff, 0xff, 0xff, 0xff, 0xff, 0xff, 0xff, 0xff, 0xff,
  0xff, 0xff, 0xff, 0xff, 0xff, 0xff, 0xff, 0xff, 0xff, 0xff, 0xff, 0xff,
  0xff, 0xff, 0xff, 0xff, 0xff, 0xff, 0xff, 0xff, 0xff, 0xff, 0xff, 0xff,
  0xff, 0xff, 0xff, 0xff, 0xff, 0xff, 0xff, 0xff, 0xff, 0xff, 0xff, 0xff,
  0xff, 0xff, 0xff, 0xff, 0xff, 0xff, 0xff, 0xff, 0xff, 0xff, 0xff, 0xff,
  0xff, 0xff, 0xff, 0xff, 0xff, 0xff, 0xff, 0xff, 0xff, 0xff, 0xff, 0xff,
  0xff, 0xff, 0xff, 0xff, 0xff, 0xff, 0xff, 0xff, 0xff, 0xff, 0xff, 0xff,
  0xff, 0xff, 0xff, 0xff, 0xff, 0xff, 0xff, 0xff, 0xff, 0xff, 0xff, 0xff,
  0xff, 0xff, 0xff, 0xff, 0xff, 0xff, 0xff, 0xff, 0xff, 0xff, 0xff, 0xff,
  0xff, 0xff, 0xff, 0xff, 0xff, 0xff, 0xff, 0xff, 0xff, 0xff, 0xff, 0xff,
  0xff, 0xff, 0xff, 0xff, 0xff, 0xff, 0xff, 0xff, 0xff, 0xff, 0xff, 0xff,
  0xff, 0xff, 0xff, 0xff, 0xff, 0xff, 0xff, 0xff, 0xff, 0xff, 0xff, 0xff,
  0xff, 0xff, 0xff, 0xff, 0xff, 0xff, 0xff, 0xff, 0xff, 0xff, 0xff, 0xff,
  0xff, 0xff, 0xff, 0xff, 0xff, 0xff, 0xff, 0xff, 0xff, 0xff, 0xff, 0xff,
  0xff, 0xff, 0xff, 0xff, 0xff, 0xff, 0xff, 0xff, 0xff, 0xff, 0xff, 0xff,
  0xff, 0xff, 0xff, 0xff, 0xff, 0xff, 0xff, 0xff, 0xff, 0xff, 0xff, 0xff,
  0xff, 0xff, 0xff, 0xff, 0xff, 0xff, 0xff, 0xff, 0xff, 0xff, 0xff, 0xff,
  0xff, 0xff, 0xff, 0xff, 0xff, 0xff, 0xff, 0xff, 0xff, 0xff, 0xff, 0xff,
  0xff, 0xff, 0xff, 0xff, 0xff, 0xff, 0xff, 0xff, 0xff, 0xff, 0xff, 0xff,
  0xff, 0xff, 0xff, 0xff, 0xff, 0xff, 0xff, 0xff, 0xff, 0xff, 0xff, 0xff,
  0xff, 0xff, 0xff, 0xff, 0xff, 0xff, 0xff, 0xff, 0xff, 0xff, 0xff, 0xff,
  0xff, 0xff, 0xff, 0xff, 0xff, 0xff, 0xff, 0xff, 0xff, 0xff, 0xff, 0xff,
  0xff, 0xff, 0xff, 0xff, 0xff, 0xff, 0xff, 0xff, 0xff, 0xff, 0xff, 0xff,
  0xff, 0xff, 0xff, 0xff, 0xff, 0xff, 0xff, 0xff, 0xff, 0xff, 0xff, 0xff,
  0xff, 0xff, 0xff, 0xff, 0xff, 0xff, 0xff, 0xff, 0xff, 0xff, 0xff, 0xff,
  0xff, 0xff, 0xff, 0xff, 0xff, 0xff, 0xff, 0xff, 0xff, 0xff, 0xff, 0xff,
  0xff, 0xff, 0xff, 0xff, 0xff, 0xff, 0xff, 0xff, 0xff, 0xff, 0xff, 0xff,
  0xff, 0xff, 0xff, 0xff, 0xff, 0xff, 0xff, 0xff, 0xff, 0xff, 0xff, 0xff,
  0xff, 0xff, 0xff, 0xff, 0xff, 0xff, 0xff, 0xff, 0xff, 0xff, 0xff, 0xff,
  0xff, 0xff, 0xff, 0xff, 0xff, 0xff, 0xff, 0xff, 0xff, 0xff, 0xff, 0xff,
  0xff, 0xff, 0xff, 0xff, 0xff, 0xff, 0xff, 0xff, 0xff, 0xff, 0xff, 0xff,
  0xff, 0xff, 0xff, 0xff, 0xff, 0xff, 0xff, 0xff, 0xff, 0xff, 0xff, 0xff,
  0xff, 0xff, 0xff, 0xff, 0xff, 0xff, 0xff, 0xff, 0xff, 0xff, 0xff, 0xff,
  0xff, 0xff, 0xff, 0xff, 0xff, 0xff, 0xff, 0xff, 0xff, 0xff, 0xff, 0xff,
  0xff, 0xff, 0xff, 0xff, 0xff, 0xff, 0xff, 0xff, 0xff, 0xff, 0xff, 0xff,
  0xff, 0xff, 0xff, 0xff, 0xff, 0xff, 0xff, 0xff, 0xff, 0xff, 0xff, 0xff,
  0xff, 0xff, 0xff, 0xff, 0xff, 0xff, 0xff, 0xff, 0xff, 0xff, 0xff, 0xff,
  0xff, 0xff, 0xff, 0xff, 0xff, 0xff, 0xff, 0xff, 0xff, 0xff, 0xff, 0xff,
  0xff, 0xff, 0xff, 0xff, 0xff, 0xff, 0xff, 0xff, 0xff, 0xff, 0xff, 0xff,
  0xff, 0xff, 0xff, 0xff, 0xff, 0xff, 0xff, 0xff, 0xff, 0xff, 0xff, 0xff,
  0xff, 0xff, 0xff, 0xff, 0xff, 0xff, 0xff, 0xff, 0xff, 0xff, 0xff, 0xff,
  0xff, 0xff, 0xff, 0xff, 0xff, 0xff, 0xff, 0xff, 0xff, 0xff, 0xff, 0xff,
  0xff, 0xff, 0xff, 0xff, 0xff, 0xff, 0xff, 0xff, 0xff, 0xff, 0xff, 0xff,
  0xff, 0xff, 0xff, 0xff, 0xff, 0xff, 0xff, 0xff, 0xff, 0xff, 0xff, 0xff,
  0xff, 0xff, 0xff, 0xff, 0xff, 0xff, 0xff, 0xff, 0xff, 0xff, 0xff, 0xff,
  0xff, 0xff, 0xff, 0xff, 0xff, 0xff, 0xff, 0xff, 0xff, 0xff, 0xff, 0xff,
  0xff, 0xff, 0xff, 0xff, 0xff, 0xff, 0xff, 0xff, 0xff, 0xff, 0xff, 0xff,
  0xff, 0xff, 0xff, 0xff, 0xff, 0xff, 0xff, 0xff, 0xff, 0xff, 0xff, 0xff,
  0xff, 0xff, 0xff, 0xff, 0xff, 0xff, 0xff, 0xff, 0xff, 0xff, 0xff, 0xff,
  0xff, 0xff, 0xff, 0xff, 0xff, 0xff, 0xff, 0xff, 0xff, 0xff, 0xff, 0xff,
  0xff, 0xff, 0xff, 0xff, 0xff, 0xff, 0xff, 0xff, 0xff, 0xff, 0xff, 0xff,
  0xff, 0xff, 0xff, 0xff, 0xff, 0xff, 0xff, 0xff, 0xff, 0xff, 0xff, 0xff,
  0xff, 0xff, 0xff, 0xff, 0xff, 0xff, 0xff, 0xff, 0xff, 0xff, 0xff, 0xff,
  0xff, 0xff, 0xff, 0xff, 0xff, 0xff, 0xff, 0xff, 0xff, 0xff, 0xff, 0xff,
  0xff, 0xff, 0xff, 0xff, 0xff, 0xff, 0xff, 0xff, 0xff, 0xff, 0xff, 0xff,
  0xff, 0xff, 0xff, 0xff, 0xff, 0xff, 0xff, 0xff, 0xff, 0xff, 0xff, 0xff,
  0xff, 0xff, 0xff, 0xff, 0xff, 0xff, 0xff, 0xff, 0xff, 0xff, 0xff, 0xff,
  0xff, 0xff, 0xff, 0xff, 0xff, 0xff, 0xff, 0xff, 0xff, 0xff, 0xff, 0xff,
  0xff, 0xff, 0xff, 0xff, 0xff, 0xff, 0xff, 0xff, 0xff, 0xff, 0xff, 0xff,
  0xff, 0xff, 0xff, 0xff, 0xff, 0xff, 0xff, 0xff, 0xff, 0xff, 0xff, 0xff,
  0xff, 0xff, 0xff, 0xff, 0xff, 0xff, 0xff, 0xff, 0xff, 0xff, 0xff, 0xff,
  0xff, 0xff, 0xff, 0xff, 0xff, 0xff, 0xff, 0xff, 0xff, 0xff, 0xff, 0xff,
  0xff, 0xff, 0xff, 0xff, 0xff, 0xff, 0xff, 0xff, 0xff, 0xff, 0xff, 0xff,
  0xff, 0xff, 0xff, 0xff, 0xff, 0xff, 0xff, 0xff, 0xff, 0xff, 0xff, 0xff,
  0xff, 0xff, 0xff, 0xff, 0xff, 0xff, 0xff, 0xff, 0xff, 0xff, 0xff, 0xff,
  0xff, 0xff, 0xff, 0xff, 0xff, 0xff, 0xff, 0xff, 0xff, 0xff, 0xff, 0xff,
  0xff, 0xff, 0xff, 0xff, 0xff, 0xff, 0xff, 0xff, 0xff, 0xff, 0xff, 0xff,
  0xff, 0xff, 0xff, 0xff, 0xff, 0xff, 0xff, 0xff, 0xff, 0xff, 0xff, 0xff,
  0xff, 0xff, 0xff, 0xff, 0xff, 0xff, 0xff, 0xff, 0xff, 0xff, 0xff, 0xff,
  0xff, 0xff, 0xff, 0xff, 0xff, 0xff, 0xff, 0xff, 0xff, 0xff, 0xff, 0xff,
  0xff, 0xff, 0xff, 0xff, 0xff, 0xff, 0xff, 0xff, 0xff, 0xff, 0xff, 0xff,
  0xff, 0xff, 0xff, 0xff, 0xff, 0xff, 0xff, 0xff, 0xff, 0xff, 0xff, 0xff,
  0xff, 0xff, 0xff, 0xff, 0xff, 0xff, 0xff, 0xff, 0xff, 0xff, 0xff, 0xff,
  0xff, 0xff, 0xff, 0xff, 0xff, 0xff, 0xff, 0xff, 0xff, 0xff, 0xff, 0xff,
  0xff, 0xff, 0xff, 0xff, 0xff, 0xff, 0xff, 0xff, 0xff, 0xff, 0xff, 0xff,
  0xff, 0xff, 0xff, 0xff, 0xff, 0xff, 0xff, 0xff, 0xff, 0xff, 0xff, 0xff,
  0xff, 0xff, 0xff, 0xff, 0xff, 0xff, 0xff, 0xff, 0xff, 0xff, 0xff, 0xff,
  0xff, 0xff, 0xff, 0xff, 0xff, 0xff, 0xff, 0xff, 0xff, 0xff, 0xff, 0xff,
  0xff, 0xff, 0xff, 0xff, 0xff, 0xff, 0xff, 0xff, 0xff, 0xff, 0xff, 0xff,
  0xff, 0xff, 0xff, 0xff, 0xff, 0xff, 0xff, 0xff, 0xff, 0xff, 0xff, 0xff,
  0xff, 0xff, 0xff, 0xff, 0xff, 0xff, 0xff, 0xff, 0xff, 0xff, 0xff, 0xff,
  0xff, 0xff, 0xff, 0xff, 0xff, 0xff, 0xff, 0xff, 0xff, 0xff, 0xff, 0xff,
  0xff, 0xff, 0xff, 0xff, 0xff, 0xff, 0xff, 0xff, 0xff, 0xff, 0xff, 0xff,
  0xff, 0xff, 0xff, 0xff, 0xff, 0xff, 0xff, 0xff, 0xff, 0xff, 0xff, 0xff,
  0xff, 0xff, 0xff, 0xff, 0xff, 0xff, 0xff, 0xff, 0xff, 0xff, 0xff, 0xff,
  0xff, 0xff, 0xff, 0xff, 0xff, 0xff, 0xff, 0xff, 0xff, 0xff, 0xff, 0xff,
  0xff, 0xff, 0xff, 0xff, 0xff, 0xff, 0xff, 0xff, 0xff, 0xff, 0xff, 0xff,
  0xff, 0xff, 0xff, 0xff, 0xff, 0xff, 0xff, 0xff, 0xff, 0xff, 0xff, 0xff,
  0xff, 0xff, 0xff, 0xff, 0xff, 0xff, 0xff, 0xff, 0xff, 0xff, 0xff, 0xff,
  0xff, 0xff, 0xff, 0xff, 0xff, 0xff, 0xff, 0xff, 0xff, 0xff, 0xff, 0xff,
  0xff, 0xff, 0xff, 0xff, 0xff, 0xff, 0xff, 0xff, 0xff, 0xff, 0xff, 0xff,
  0xff, 0xff, 0xff, 0xff, 0xff, 0xff, 0xff, 0xff, 0xff, 0xff, 0xff, 0xff,
  0xff, 0xff, 0xff, 0xff, 0xff, 0xff, 0xff, 0xff, 0xff, 0xff, 0xff, 0xff,
  0xff, 0xff, 0xff, 0xff, 0xff, 0xff, 0xff, 0xff, 0xff, 0xff, 0xff, 0xff,
  0xff, 0xff, 0xff, 0xff, 0xff, 0xff, 0xff, 0xff, 0xff, 0xff, 0xff, 0xff,
  0xff, 0xff, 0xff, 0xff, 0xff, 0xff, 0xff, 0xff, 0xff, 0xff, 0xff, 0xff,
  0xff, 0xff, 0xff, 0xff, 0xff, 0xff, 0xff, 0xff, 0xff, 0xff, 0xff, 0xff,
  0xff, 0xff, 0xff, 0xff, 0xff, 0xff, 0xff, 0xff, 0xff, 0xff, 0xff, 0xff,
  0xff, 0xff, 0xff, 0xff, 0xff, 0xff, 0xff, 0xff, 0xff, 0xff, 0xff, 0xff,
  0xff, 0xff, 0xff, 0xff, 0xff, 0xff, 0xff, 0xff, 0xff, 0xff, 0xff, 0xff,
  0xff, 0xff, 0xff, 0xff, 0xff, 0xff, 0xff, 0xff, 0xff, 0xff, 0xff, 0xff,
  0xff, 0xff, 0xff, 0xff, 0xff, 0xff, 0xff, 0xff, 0xff, 0xff, 0xff, 0xff,
  0xff, 0xff, 0xff, 0xff, 0xff, 0xff, 0xff, 0xff, 0xff, 0xff, 0xff, 0xff,
  0xff, 0xff, 0xff, 0xff, 0xff, 0xff, 0xff, 0xff, 0xff, 0xff, 0xff, 0xff,
  0xff, 0xff, 0xff, 0xff, 0xff, 0xff, 0xff, 0xff, 0xff, 0xff, 0xff, 0xff,
  0xff, 0xff, 0xff, 0xff, 0xff, 0xff, 0xff, 0xff, 0xff, 0xff, 0xff, 0xff,
  0xff, 0xff, 0xff, 0xff, 0xff, 0xff, 0xff, 0xff, 0xff, 0xff, 0xff, 0xff,
  0xff, 0xff, 0xff, 0xff, 0xff, 0xff, 0xff, 0xff, 0xff, 0xff, 0xff, 0xff,
  0xff, 0xff, 0xff, 0xff, 0xff, 0xff, 0xff, 0xff, 0xff, 0xff, 0xff, 0xff,
  0xff, 0xff, 0xff, 0xff, 0xff, 0xff, 0xff, 0xff, 0xff, 0xff, 0xff, 0xff,
  0xff, 0xff, 0xff, 0xff, 0xff, 0xff, 0xff, 0xff, 0xff, 0xff, 0xff, 0xff,
  0xff, 0xff, 0xff, 0xff, 0xff, 0xff, 0xff, 0xff, 0xff, 0xff, 0xff, 0xff,
  0xff, 0xff, 0xff, 0xff, 0xff, 0xff, 0xff, 0xff, 0xff, 0xff, 0xff, 0xff,
  0xff, 0xff, 0xff, 0xff, 0xff, 0xff, 0xff, 0xff, 0xff, 0xff, 0xff, 0xff,
  0xff, 0xff, 0xff, 0xff, 0xff, 0xff, 0xff, 0xff, 0xff, 0xff, 0xff, 0xff,
  0xff, 0xff, 0xff, 0xff, 0xff, 0xff, 0xff, 0xff, 0xff, 0xff, 0xff, 0xff,
  0xff, 0xff, 0xff, 0xff, 0xff, 0xff, 0xff, 0xff, 0xff, 0xff, 0xff, 0xff,
  0xff, 0xff, 0xff, 0xff, 0xff, 0xff, 0xff, 0xff, 0xff, 0xff, 0xff, 0xff,
  0xff, 0xff, 0xff, 0xff, 0xff, 0xff, 0xff, 0xff, 0xff, 0xff, 0xff, 0xff,
  0xff, 0xff, 0xff, 0xff, 0xff, 0xff, 0xff, 0xff, 0xff, 0xff, 0xff, 0xff,
  0xff, 0xff, 0xff, 0xff, 0xff, 0xff, 0xff, 0xff, 0xff, 0xff, 0xff, 0xff,
  0xff, 0xff, 0xff, 0xff, 0xff, 0xff, 0xff, 0xff, 0xff, 0xff, 0xff, 0xff,
  0xff, 0xff, 0xff, 0xff, 0xff, 0xff, 0xff, 0xff, 0xff, 0xff, 0xff, 0xff,
  0xff, 0xff, 0xff, 0xff, 0xff, 0xff, 0xff, 0xff, 0xff, 0xff, 0xff, 0xff,
  0xff, 0xff, 0xff, 0xff, 0xff, 0xff, 0xff, 0xff, 0xff, 0xff, 0xff, 0xff,
  0xff, 0xff, 0xff, 0xff, 0xff, 0xff, 0xff, 0xff, 0xff, 0xff, 0xff, 0xff,
  0xff, 0xff, 0xff, 0xff, 0xff, 0xff, 0xff, 0xff, 0xff, 0xff, 0xff, 0xff,
  0xff, 0xff, 0xff, 0xff, 0xff, 0xff, 0xff, 0xff, 0xff, 0xff, 0xff, 0xff,
  0xff, 0xff, 0xff, 0xff, 0xff, 0xff, 0xff, 0xff, 0xff, 0xff, 0xff, 0xff,
  0xff, 0xff, 0xff, 0xff, 0xff, 0xff, 0xff, 0xff, 0xff, 0xff, 0xff, 0xff,
  0xff, 0xff, 0xff, 0xff, 0xff, 0xff, 0xff, 0xff, 0xff, 0xff, 0xff, 0xff,
  0xff, 0xff, 0xff, 0xff, 0xff, 0xff, 0xff, 0xff, 0xff, 0xff, 0xff, 0xff,
  0xff, 0xff, 0xff, 0xff, 0xff, 0xff, 0xff, 0xff, 0xff, 0xff, 0xff, 0xff,
  0xff, 0xff, 0xff, 0xff, 0xff, 0xff, 0xff, 0xff, 0xff, 0xff, 0xff, 0xff,
  0xff, 0xff, 0xff, 0xff, 0xff, 0xff, 0xff, 0xff, 0xff, 0xff, 0xff, 0xff,
  0xff, 0xff, 0xff, 0xff, 0xff, 0xff, 0xff, 0xff, 0xff, 0xff, 0xff, 0xff,
  0xff, 0xff, 0xff, 0xff, 0xff, 0xff, 0xff, 0xff, 0xff, 0xff, 0xff, 0xff,
  0xff, 0xff, 0xff, 0xff, 0xff, 0xff, 0xff, 0xff, 0xff, 0xff, 0xff, 0xff,
  0xff, 0xff, 0xff, 0xff, 0xff, 0xff, 0xff, 0xff, 0xff, 0xff, 0xff, 0xff,
  0xff, 0xff, 0xff, 0xff, 0xff, 0xff, 0xff, 0xff, 0xff, 0xff, 0xff, 0xff,
  0xff, 0xff, 0xff, 0xff, 0xff, 0xff, 0xff, 0xff, 0xff, 0xff, 0xff, 0xff,
  0xff, 0xff, 0xff, 0xff, 0xff, 0xff, 0xff, 0xff, 0xff, 0xff, 0xff, 0xff,
  0xff, 0xff, 0xff, 0xff, 0xff, 0xff, 0xff, 0xff, 0xff, 0xff, 0xff, 0xff,
  0xff, 0xff, 0xff, 0xff, 0xff, 0xff, 0xff, 0xff, 0xff, 0xff, 0xff, 0xff,
  0xff, 0xff, 0xff, 0xff, 0xff, 0xff, 0xff, 0xff, 0xff, 0xff, 0xff, 0xff,
  0xff, 0xff, 0xff, 0xff, 0xff, 0xff, 0xff, 0xff, 0xff, 0xff, 0xff, 0xff,
  0xff, 0xff, 0xff, 0xff, 0xff, 0xff, 0xff, 0xff, 0xff, 0xff, 0xff, 0xff,
  0xff, 0xff, 0xff, 0xff, 0xff, 0xff, 0xff, 0xff, 0xff, 0xff, 0xff, 0xff,
  0xff, 0xff, 0xff, 0xff, 0xff, 0xff, 0xff, 0xff, 0xff, 0xff, 0xff, 0xff,
  0xff, 0xff, 0xff, 0xff, 0xff, 0xff, 0xff, 0xff, 0xff, 0xff, 0xff, 0xff,
  0xff, 0xff, 0xff, 0xff, 0xff, 0xff, 0xff, 0xff, 0xff, 0xff, 0xff, 0xff,
  0xff, 0xff, 0xff, 0xff, 0xff, 0xff, 0xff, 0xff, 0xff, 0xff, 0xff, 0xff,
  0xff, 0xff, 0xff, 0xff, 0xff, 0xff, 0xff, 0xff, 0xff, 0xff, 0xff, 0xff,
  0xff, 0xff, 0xff, 0xff, 0xff, 0xff, 0xff, 0xff, 0xff, 0xff, 0xff, 0xff,
  0xff, 0xff, 0xff, 0xff, 0xff, 0xff, 0xff, 0xff, 0xff, 0xff, 0xff, 0xff,
  0xff, 0xff, 0xff, 0xff, 0xff, 0xff, 0xff, 0xff, 0xff, 0xff, 0xff, 0xff,
  0xff, 0xff, 0xff, 0xff, 0xff, 0xff, 0xff, 0xff, 0xff, 0xff, 0xff, 0xff,
  0xff, 0xff, 0xff, 0xff, 0xff, 0xff, 0xff, 0xff, 0xff, 0xff, 0xff, 0xff,
  0xff, 0xff, 0xff, 0xff, 0xff, 0xff, 0xff, 0xff, 0xff, 0xff, 0xff, 0xff,
  0xff, 0xff, 0xff, 0xff, 0xff, 0xff, 0xff, 0xff, 0x99, 0xc4, 0xc6, 0xc6,
  0x06, 0x00, 0x00, 0x00, 0x00, 0x00, 0x00, 0x00, 0x00, 0x00, 0x00, 0x00,
  0x00, 0x00, 0x00, 0x00, 0x00, 0x00, 0x00, 0x00, 0x00, 0x00, 0x00, 0x00,
  0x00, 0x00, 0x00, 0x00, 0x00, 0x00, 0x00, 0x00, 0x00, 0x00, 0x00, 0x00,
  0x00, 0x00, 0x00, 0x00, 0x00, 0x00, 0x00, 0x00, 0x00, 0x00, 0x09, 0x00,
  0xc4, 0x00, 0x00, 0x00, 0x00, 0x00, 0x00, 0x00, 0x00, 0x00, 0x00, 0x00,
  0xc6, 0x00, 0x00, 0x00, 0x00, 0x00, 0x00, 0x00, 0x00, 0x00, 0x00, 0x00,
  0x00, 0x00, 0x00, 0x00, 0x00, 0x00, 0x00, 0x00, 0x00, 0x00, 0x00, 0x00,
  0x00, 0x00, 0x00, 0x00, 0x00, 0x00, 0x00, 0x00, 0x00, 0x00, 0xc6, 0xff,
  0xff, 0xff, 0xff, 0xff, 0xff, 0xff, 0xff, 0xff, 0xff, 0xff, 0xff, 0xff,
  0xff, 0xff, 0xff, 0xff, 0xff, 0xff, 0xff, 0xff, 0xff, 0xff, 0xff, 0xff,
  0xff, 0xff, 0xff, 0xff, 0xff, 0xff, 0xff, 0xff, 0xff, 0xff, 0xff, 0xff,
  0xff, 0xff, 0xff, 0xff, 0xff, 0xff, 0xff, 0xff, 0xff, 0xff, 0xff, 0xff,
  0xff, 0xff, 0xff, 0xff, 0xff, 0xff, 0xff, 0xff, 0xff, 0xff, 0xff, 0xff,
  0xff, 0xff, 0xff, 0xff, 0xff, 0xff, 0xff, 0xff, 0xff, 0xff, 0xff, 0xff,
  0xff, 0xff, 0xff, 0xff, 0xff, 0xff, 0xff, 0xff, 0xff, 0xff, 0xff, 0xff,
  0xff, 0xff, 0xff, 0xff, 0xff, 0xff, 0xff, 0xff, 0xff, 0xff, 0xff, 0xff,
  0xff, 0xff, 0xff, 0xff, 0xff, 0xff, 0xff, 0xff, 0xff, 0xff, 0xff, 0xff,
  0xff, 0xff, 0xff, 0xff, 0xff, 0xff, 0xff, 0xff, 0xff, 0xff, 0xff, 0xff,
  0xff, 0xff, 0xff, 0xff, 0xff, 0xff, 0xff, 0xff, 0xff, 0xff, 0xff, 0xff,
  0xff, 0xff, 0xff, 0xff, 0xff, 0xff, 0xff, 0xff, 0xff, 0xff, 0xff, 0xff,
  0xff, 0xff, 0xff, 0xff, 0xff, 0xff, 0xff, 0xff, 0xff, 0xff, 0xff, 0xff,
  0xff, 0xff, 0xff, 0xff, 0xff, 0xff, 0xff, 0xff, 0xff, 0xff, 0xff, 0xff,
  0xff, 0xff, 0xff, 0xff, 0xff, 0xff, 0xff, 0xff, 0xff, 0xff, 0xff, 0xff,
  0xff, 0xff, 0xff, 0xff, 0xff, 0xff, 0xff, 0xff, 0xff, 0xff, 0xff, 0xff,
  0xff, 0xff, 0xff, 0xff, 0xff, 0xff, 0xff, 0xff, 0xff, 0xff, 0xff, 0xff,
  0xff, 0xff, 0xff, 0xff, 0xff, 0xff, 0xff, 0xff, 0xff, 0xff, 0xff, 0xff,
  0xff, 0xff, 0xff, 0xff, 0xff, 0xff, 0xff, 0xff, 0xff, 0xff, 0xff, 0xff,
  0xff, 0xff, 0xff, 0xff, 0xff, 0xff, 0xff, 0xff, 0xff, 0xff, 0xff, 0xff,
  0xff, 0xff, 0xff, 0xff, 0xff, 0xff, 0xff, 0xff, 0xff, 0xff, 0xff, 0xff,
  0xff, 0xff, 0xff, 0xff, 0xff, 0xff, 0xff, 0xff, 0xff, 0xff, 0xff, 0xff,
  0xff, 0xff, 0xff, 0xff, 0xff, 0xff, 0xff, 0xff, 0xff, 0xff, 0xff, 0xff,
  0xff, 0xff, 0xff, 0xff, 0xff, 0xff, 0xff, 0xff, 0xff, 0xff, 0xff, 0xff,
  0xff, 0xff, 0xff, 0xff, 0xff, 0xff, 0xff, 0xff, 0xff, 0xff, 0xff, 0xff,
  0xff, 0xff, 0xff, 0xff, 0xff, 0xff, 0xff, 0xff, 0xff, 0xff, 0xff, 0xff,
  0xff, 0xff, 0xff, 0xff, 0xff, 0xff, 0xff, 0xff, 0xff, 0xff, 0xff, 0xff,
  0xff, 0xff, 0xff, 0xff, 0xff, 0xff, 0xff, 0xff, 0xff, 0xff, 0xff, 0xff,
  0xff, 0xff, 0xff, 0xff, 0xff, 0xff, 0xff, 0xff, 0xff, 0xff, 0xff, 0xff,
  0xff, 0xff, 0xff, 0xff, 0xff, 0xff, 0xff, 0xff, 0xff, 0xff, 0xff, 0xff,
  0xff, 0xff, 0xff, 0xff, 0xff, 0xff, 0xff, 0xff, 0xff, 0xff, 0xff, 0xff,
  0xff, 0xff, 0xff, 0xff, 0xff, 0xff, 0xff, 0xff, 0xff, 0xff, 0xff, 0xff,
  0xff, 0xff, 0xff, 0xff, 0xff, 0xff, 0xff, 0xff, 0xff, 0xff, 0xff, 0xff,
  0xff, 0xff, 0xff, 0xff, 0xff, 0xff, 0xff, 0xff, 0xff, 0xff, 0xff, 0xff,
  0xff, 0xff, 0xff, 0xff, 0xff, 0xff, 0xff, 0xff, 0xff, 0xff, 0xff, 0xff,
  0xff, 0xff, 0xff, 0xff, 0xff, 0xff, 0xff, 0xff, 0xff, 0xff, 0xff, 0xff,
  0xff, 0xff, 0xff, 0xff, 0xff, 0xff, 0xff, 0xff, 0xff, 0xff, 0xff, 0xff,
  0xff, 0xff, 0xff, 0xff, 0xff, 0xff, 0xff, 0xff, 0xff, 0xff, 0xff, 0xff,
  0xff, 0xff, 0xff, 0xff, 0xff, 0xff, 0xff, 0xff, 0xff, 0xff, 0xff, 0xff,
  0xff, 0xff, 0xff, 0xff, 0xff, 0xff, 0xff, 0xff, 0xff, 0xff, 0xff, 0xff,
  0xff, 0xff, 0xff, 0xff, 0xff, 0xff, 0xff, 0xff, 0xff, 0xff, 0xff, 0xff,
  0xff, 0xff, 0xff, 0xff, 0xff, 0xff, 0xff, 0xff, 0xff, 0xff, 0xff, 0xff,
  0xff, 0xff, 0xff, 0xff, 0xff, 0xff, 0xff, 0xff, 0xff, 0xff, 0xff, 0xff,
  0xff, 0xff, 0xff, 0xff, 0xff, 0xff, 0xff, 0xff, 0xff, 0xff, 0xff, 0xff,
  0xff, 0xff, 0xff, 0xff, 0xff, 0xff, 0xff, 0xff, 0xff, 0xff, 0xff, 0xff,
  0xff, 0xff, 0xff, 0xff, 0xff, 0xff, 0xff, 0xff, 0xff, 0xff, 0xff, 0xff,
  0xff, 0xff, 0xff, 0xff, 0xff, 0xff, 0xff, 0xff, 0xff, 0xff, 0xff, 0xff,
  0xff, 0xff, 0xff, 0xff, 0xff, 0xff, 0xff, 0xff, 0xff, 0xff, 0xff, 0xff,
  0xff, 0xff, 0xff, 0xff, 0xff, 0xff, 0xff, 0xff, 0xff, 0xff, 0xff, 0xff,
  0xff, 0xff, 0xff, 0xff, 0xff, 0xff, 0xff, 0xff, 0xff, 0xff, 0xff, 0xff,
  0xff, 0xff, 0xff, 0xff, 0xff, 0xff, 0xff, 0xff, 0xff, 0xff, 0xff, 0xff,
  0xff, 0xff, 0xff, 0xff, 0xff, 0xff, 0xff, 0xff, 0xff, 0xff, 0xff, 0xff,
  0xff, 0xff, 0xff, 0xff, 0xff, 0xff, 0xff, 0xff, 0xff, 0xff, 0xff, 0xff,
  0xff, 0xff, 0xff, 0xff, 0xff, 0xff, 0xff, 0xff, 0xff, 0xff, 0xff, 0xff,
  0xff, 0xff, 0xff, 0xff, 0xff, 0xff, 0xff, 0xff, 0xff, 0xff, 0xff, 0xff,
  0xff, 0xff, 0xff, 0xff, 0xff, 0xff, 0xff, 0xff, 0xff, 0xff, 0xff, 0xff,
  0xff, 0xff, 0xff, 0xff, 0xff, 0xff, 0xff, 0xff, 0xff, 0xff, 0xff, 0xff,
  0xff, 0xff, 0xff, 0xff, 0xff, 0xff, 0xff, 0xff, 0xff, 0xff, 0xff, 0xff,
  0xff, 0xff, 0xff, 0xff, 0xff, 0xff, 0xff, 0xff, 0xff, 0xff, 0xff, 0xff,
  0xff, 0xff, 0xff, 0xff, 0xff, 0xff, 0xff, 0xff, 0xff, 0xff, 0xff, 0xff,
  0xff, 0xff, 0xff, 0xff, 0xff, 0xff, 0xff, 0xff, 0xff, 0xff, 0xff, 0xff,
  0xff, 0xff, 0xff, 0xff, 0xff, 0xff, 0xff, 0xff, 0xff, 0xff, 0xff, 0xff,
  0xff, 0xff, 0xff, 0xff, 0xff, 0xff, 0xff, 0xff, 0xff, 0xff, 0xff, 0xff,
  0xff, 0xff, 0xff, 0xff, 0xff, 0xff, 0xff, 0xff, 0xff, 0xff, 0xff, 0xff,
  0xff, 0xff, 0xff, 0xff, 0xff, 0xff, 0xff, 0xff, 0xff, 0xff, 0xff, 0xff,
  0xff, 0xff, 0xff, 0xff, 0xff, 0xff, 0xff, 0xff, 0xff, 0xff, 0xff, 0xff,
  0xff, 0xff, 0xff, 0xff, 0xff, 0xff, 0xff, 0xff, 0xff, 0xff, 0xff, 0xff,
  0xff, 0xff, 0xff, 0xff, 0xff, 0xff, 0xff, 0xff, 0xff, 0xff, 0xff, 0xff,
  0xff, 0xff, 0xff, 0xff, 0xff, 0xff, 0xff, 0xff, 0xff, 0xff, 0xff, 0xff,
  0xff, 0xff, 0xff, 0xff, 0xff, 0xff, 0xff, 0xff, 0xff, 0xff, 0xff, 0xff,
  0xff, 0xff, 0xff, 0xff, 0xff, 0xff, 0xff, 0xff, 0xff, 0xff, 0xff, 0xff,
  0xff, 0xff, 0xff, 0xff, 0xff, 0xff, 0xff, 0xff, 0xff, 0xff, 0xff, 0xff,
  0xff, 0xff, 0xff, 0xff, 0xff, 0xff, 0xff, 0xff, 0xff, 0xff, 0xff, 0xff,
  0xff, 0xff, 0xff, 0xff, 0xff, 0xff, 0xff, 0xff, 0xff, 0xff, 0xff, 0xff,
  0xff, 0xff, 0xff, 0xff, 0xff, 0xff, 0xff, 0xff, 0xff, 0xff, 0xff, 0xff,
  0xff, 0xff, 0xff, 0xff, 0xff, 0xff, 0xff, 0xff, 0xff, 0xff, 0xff, 0xff,
  0xff, 0xff, 0xff, 0xff, 0xff, 0xff, 0xff, 0xff, 0xff, 0xff, 0xff, 0xff,
  0xff, 0xff, 0xff, 0xff, 0xff, 0xff, 0xff, 0xff, 0xff, 0xff, 0xff, 0xff,
  0xff, 0xff, 0xff, 0xff, 0xff, 0xff, 0xff, 0xff, 0xff, 0xff, 0xff, 0xff,
  0xff, 0xff, 0xff, 0xff, 0xff, 0xff, 0xff, 0xff, 0xff, 0xff, 0xff, 0xff,
  0xff, 0xff, 0xff, 0xff, 0xff, 0xff, 0xff, 0xff, 0xff, 0xff, 0xff, 0xff,
  0xff, 0xff, 0xff, 0xff, 0xff, 0xff, 0xff, 0xff, 0xff, 0xff, 0xff, 0xff,
  0xff, 0xff, 0xff, 0xff, 0xff, 0xff, 0xff, 0xff, 0xff, 0xff, 0xff, 0xff,
  0xff, 0xff, 0xff, 0xff, 0xff, 0xff, 0xff, 0xff, 0xff, 0xff, 0xff, 0xff,
  0xff, 0xff, 0xff, 0xff, 0xff, 0xff, 0xff, 0xff, 0xff, 0xff, 0xff, 0xff,
  0xff, 0xff, 0xff, 0xff, 0xff, 0xff, 0xff, 0xff, 0xff, 0xff, 0xff, 0xff,
  0xff, 0xff, 0xff, 0xff, 0xff, 0xff, 0xff, 0xff, 0xff, 0xff, 0xff, 0xff,
  0xff, 0xff, 0xff, 0xff, 0xff, 0xff, 0xff, 0xff, 0xff, 0xff, 0xff, 0xff,
  0xff, 0xff, 0xff, 0xff, 0xff, 0xff, 0xff, 0xff, 0xff, 0xff, 0xff, 0xff,
  0xff, 0xff, 0xff, 0xff, 0xff, 0xff, 0xff, 0xff, 0xff, 0xff, 0xff, 0xff,
  0xff, 0xff, 0xff, 0xff, 0xff, 0xff, 0xff, 0xff, 0xff, 0xff, 0xff, 0xff,
  0xff, 0xff, 0xff, 0xff, 0xff, 0xff, 0xff, 0xff, 0xff, 0xff, 0xff, 0xff,
  0xff, 0xff, 0xff, 0xff, 0xff, 0xff, 0xff, 0xff, 0xff, 0xff, 0xff, 0xff,
  0xff, 0xff, 0xff, 0xff, 0xff, 0xff, 0xff, 0xff, 0xff, 0xff, 0xff, 0xff,
  0xff, 0xff, 0xff, 0xff, 0xff, 0xff, 0xff, 0xff, 0xff, 0xff, 0xff, 0xff,
  0xff, 0xff, 0xff, 0xff, 0xff, 0xff, 0xff, 0xff, 0xff, 0xff, 0xff, 0xff,
  0xff, 0xff, 0xff, 0xff, 0xff, 0xff, 0xff, 0xff, 0xff, 0xff, 0xff, 0xff,
  0xff, 0xff, 0xff, 0xff, 0xff, 0xff, 0xff, 0xff, 0xff, 0xff, 0xff, 0xff,
  0xff, 0xff, 0xff, 0xff, 0xff, 0xff, 0xff, 0xff, 0xff, 0xff, 0xff, 0xff,
  0xff, 0xff, 0xff, 0xff, 0xff, 0xff, 0xff, 0xff, 0xff, 0xff, 0xff, 0xff,
  0xff, 0xff, 0xff, 0xff, 0xff, 0xff, 0xff, 0xff, 0xff, 0xff, 0xff, 0xff,
  0xff, 0xff, 0xff, 0xff, 0xff, 0xff, 0xff, 0xff, 0xff, 0xff, 0xff, 0xff,
  0xff, 0xff, 0xff, 0xff, 0xff, 0xff, 0xff, 0xff, 0xff, 0xff, 0xff, 0xff,
  0xff, 0xff, 0xff, 0xff, 0xff, 0xff, 0xff, 0xff, 0xff, 0xff, 0xff, 0xff,
  0xff, 0xff, 0xff, 0xff, 0xff, 0xff, 0xff, 0xff, 0xff, 0xff, 0xff, 0xff,
  0xff, 0xff, 0xff, 0xff, 0xff, 0xff, 0xff, 0xff, 0xff, 0xff, 0xff, 0xff,
  0xff, 0xff, 0xff, 0xff, 0xff, 0xff, 0xff, 0xff, 0xff, 0xff, 0xff, 0xff,
  0xff, 0xff, 0xff, 0xff, 0xff, 0xff, 0xff, 0xff, 0xff, 0xff, 0xff, 0xff,
  0xff, 0xff, 0xff, 0xff, 0xff, 0xff, 0xff, 0xff, 0xff, 0xff, 0xff, 0xff,
  0xff, 0xff, 0xff, 0xff, 0xff, 0xff, 0xff, 0xff, 0xff, 0xff, 0xff, 0xff,
  0xff, 0xff, 0xff, 0xff, 0xff, 0xff, 0xff, 0xff, 0xff, 0xff, 0xff, 0xff,
  0xff, 0xff, 0xff, 0xff, 0xff, 0xff, 0xff, 0xff, 0xff, 0xff, 0xff, 0xff,
  0xff, 0xff, 0xff, 0xff, 0xff, 0xff, 0xff, 0xff, 0xff, 0xff, 0xff, 0xff,
  0xff, 0xff, 0xff, 0xff, 0xff, 0xff, 0xff, 0xff, 0xff, 0xff, 0xff, 0xff,
  0xff, 0xff, 0xff, 0xff, 0xff, 0xff, 0xff, 0xff, 0xff, 0xff, 0xff, 0xff,
  0xff, 0xff, 0xff, 0xff, 0xff, 0xff, 0xff, 0xff, 0xff, 0xff, 0xff, 0xff,
  0xff, 0xff, 0xff, 0xff, 0xff, 0xff, 0xff, 0xff, 0xff, 0xff, 0xff, 0xff,
  0xff, 0xff, 0xff, 0xff, 0xff, 0xff, 0xff, 0xff, 0xff, 0xff, 0xff, 0xff,
  0xff, 0xff, 0xff, 0xff, 0xff, 0xff, 0xff, 0xff, 0xff, 0xff, 0xff, 0xff,
  0xff, 0xff, 0xff, 0xff, 0xff, 0xff, 0xff, 0xff, 0xff, 0xff, 0xff, 0xff,
  0xff, 0xff, 0xff, 0xff, 0xff, 0xff, 0xff, 0xff, 0xff, 0xff, 0xff, 0xff,
  0xff, 0xff, 0xff, 0xff, 0xff, 0xff, 0xff, 0xff, 0xff, 0xff, 0xff, 0xff,
  0xff, 0xff, 0xff, 0xff, 0xff, 0xff, 0xff, 0xff, 0xff, 0xff, 0xff, 0xff,
  0xff, 0xff, 0xff, 0xff, 0xff, 0xff, 0xff, 0xff, 0xff, 0xff, 0xff, 0xff,
  0xff, 0xff, 0xff, 0xff, 0xff, 0xff, 0xff, 0xff, 0xff, 0xff, 0xff, 0xff,
  0xff, 0xff, 0xff, 0xff, 0xff, 0xff, 0xff, 0xff, 0xff, 0xff, 0xff, 0xff,
  0xff, 0xff, 0xff, 0xff, 0xff, 0xff, 0xff, 0xff, 0xff, 0xff, 0xff, 0xff,
  0xff, 0xff, 0xff, 0xff, 0xff, 0xff, 0xff, 0xff, 0xff, 0xff, 0xff, 0xff,
  0xff, 0xff, 0xff, 0xff, 0xff, 0xff, 0xff, 0xff, 0xff, 0xff, 0xff, 0xff,
  0xff, 0xff, 0xff, 0xff, 0xff, 0xff, 0xff, 0xff, 0xff, 0xff, 0xff, 0xff,
  0xff, 0xff, 0xff, 0xff, 0xff, 0xff, 0xff, 0xff, 0xff, 0xff, 0xff, 0xff,
  0xff, 0xff, 0xff, 0xff, 0xff, 0xff, 0xff, 0xff, 0xff, 0xff, 0xff, 0xff,
  0xff, 0xff, 0xff, 0xff, 0xff, 0xff, 0xff, 0xff, 0xff, 0xff, 0xff, 0xff,
  0xff, 0xff, 0xff, 0xff, 0xff, 0xff, 0xff, 0xff, 0xff, 0xff, 0xff, 0xff,
  0xff, 0xff, 0xff, 0xff, 0xff, 0xff, 0xff, 0xff, 0xff, 0xff, 0xff, 0xff,
  0xff, 0xff, 0xff, 0xff, 0xff, 0xff, 0xff, 0xff, 0xff, 0xff, 0xff, 0xff,
  0xff, 0xff, 0xff, 0xff, 0xff, 0xff, 0xff, 0xff, 0xff, 0xff, 0xff, 0xff,
  0xff, 0xff, 0xff, 0xff, 0xff, 0xff, 0xff, 0xff, 0xff, 0xff, 0xff, 0xff,
  0xff, 0xff, 0xff, 0xff, 0xff, 0xff, 0xff, 0xff, 0xff, 0xff, 0xff, 0xff,
  0xff, 0xff, 0xff, 0xff, 0xff, 0xff, 0xff, 0xff, 0xff, 0xff, 0xff, 0xff,
  0xff, 0xff, 0xff, 0xff, 0xff, 0xff, 0xff, 0xff, 0xff, 0xff, 0xff, 0xff,
  0xff, 0xff, 0xff, 0xff, 0xff, 0xff, 0xff, 0xff, 0xff, 0xff, 0xff, 0xff,
  0xff, 0xff, 0xff, 0xff, 0xff, 0xff, 0xff, 0xff, 0xff, 0xff, 0xff, 0xff,
  0xff, 0xff, 0xff, 0xff, 0xff, 0xff, 0xff, 0xff, 0xff, 0xff, 0xff, 0xff,
  0xff, 0xff, 0xff, 0xff, 0xff, 0xff, 0xff, 0xff, 0xff, 0xff, 0xff, 0xff,
  0xff, 0xff, 0xff, 0xff, 0xff, 0xff, 0xff, 0xff, 0xff, 0xff, 0xff, 0xff,
  0xff, 0xff, 0xff, 0xff, 0xff, 0xff, 0xff, 0xff, 0xff, 0xff, 0xff, 0xff,
  0xff, 0xff, 0xff, 0xff, 0xff, 0xff, 0xff, 0xff, 0xff, 0xff, 0xff, 0xff,
  0xff, 0xff, 0xff, 0xff, 0xff, 0xff, 0xff, 0xff, 0xff, 0xff, 0xff, 0xff,
  0xff, 0xff, 0xff, 0xff, 0xff, 0xff, 0xff, 0xff, 0xff, 0xff, 0xff, 0xff,
  0xff, 0xff, 0xff, 0xff, 0xff, 0xff, 0xff, 0xff, 0xff, 0xff, 0xff, 0xff,
  0xff, 0xff, 0xff, 0xff, 0xff, 0xff, 0xff, 0xff, 0xff, 0xff, 0xff, 0xff,
  0xff, 0xff, 0xff, 0xff, 0xff, 0xff, 0xff, 0xff, 0xff, 0xff, 0xff, 0xff,
  0xff, 0xff, 0xff, 0xff, 0xff, 0xff, 0xff, 0xff, 0xff, 0xff, 0xff, 0xff,
  0xff, 0xff, 0xff, 0xff, 0xff, 0xff, 0xff, 0xff, 0xff, 0xff, 0xff, 0xff,
  0xff, 0xff, 0xff, 0xff, 0xff, 0xff, 0xff, 0xff, 0xff, 0xff, 0xff, 0xff,
  0xff, 0xff, 0xff, 0xff, 0xff, 0xff, 0xff, 0xff, 0xff, 0xff, 0xff, 0xff,
  0xff, 0xff, 0xff, 0xff, 0xff, 0xff, 0xff, 0xff, 0xff, 0xff, 0xff, 0xff,
  0xff, 0xff, 0xff, 0xff, 0xff, 0xff, 0xff, 0xff, 0xff, 0xff, 0xff, 0xff,
  0xff, 0xff, 0xff, 0xff, 0xff, 0xff, 0xff, 0xff, 0xff, 0xff, 0xff, 0xff,
  0xff, 0xff, 0xff, 0xff, 0xff, 0xff, 0xff, 0xff, 0xff, 0xff, 0xff, 0xff,
  0xff, 0xff, 0xff, 0xff, 0xff, 0xff, 0xff, 0xff, 0xff, 0xff, 0xff, 0xff,
  0xff, 0xff, 0xff, 0xff, 0xff, 0xff, 0xff, 0xff, 0xff, 0xff, 0xff, 0xff,
  0xff, 0xff, 0xff, 0xff, 0xff, 0xff, 0xff, 0xff, 0xff, 0xff, 0xff, 0xff,
  0xff, 0xff, 0xff, 0xff, 0xff, 0xff, 0xff, 0xff, 0xff, 0xff, 0xff, 0xff,
  0xff, 0xff, 0xff, 0xff, 0xff, 0xff, 0xff, 0xff, 0xff, 0xff, 0xff, 0xff,
  0xff, 0xff, 0xff, 0xff, 0xff, 0xff, 0xff, 0xff, 0xff, 0xff, 0xff, 0xff,
  0xff, 0xff, 0xff, 0xff, 0xff, 0xff, 0xff, 0xff, 0xff, 0xff, 0xff, 0xff,
  0xff, 0xff, 0xff, 0xff, 0xff, 0xff, 0xff, 0xff, 0xff, 0xff, 0xff, 0xff,
  0xff, 0xff, 0xff, 0xff, 0xff, 0xff, 0xff, 0xff, 0xff, 0xff, 0xff, 0xff,
  0xff, 0xff, 0xff, 0xff, 0xff, 0xff, 0xff, 0xff, 0xff, 0xff, 0xff, 0xff,
  0xff, 0xff, 0xff, 0xff, 0xff, 0xff, 0xff, 0xff, 0xff, 0xff, 0xff, 0xff,
  0xff, 0xff, 0xff, 0xff, 0xff, 0xff, 0xff, 0xff, 0xff, 0xff, 0xff, 0xff,
  0xff, 0xff, 0xff, 0xff, 0xff, 0xff, 0xff, 0xff, 0xff, 0xff, 0xff, 0xff,
  0xff, 0xff, 0xff, 0xff, 0xff, 0xff, 0xff, 0xff, 0xff, 0xff, 0xff, 0xff,
  0xff, 0xff, 0xff, 0xff, 0xff, 0xff, 0xff, 0xff, 0xff, 0xff, 0xff, 0xff,
  0xff, 0xff, 0xff, 0xff, 0xff, 0xff, 0xff, 0xff, 0xff, 0xff, 0xff, 0xff,
  0xff, 0xff, 0xff, 0xff, 0xff, 0xff, 0xff, 0xff, 0xff, 0xff, 0xff, 0xff,
  0xff, 0xff, 0xff, 0xff, 0xff, 0xff, 0xff, 0xff, 0xff, 0xff, 0xff, 0xff,
  0xff, 0xff, 0xff, 0xff, 0xff, 0xff, 0xff, 0xff, 0xff, 0xff, 0xff, 0xff,
  0xff, 0xff, 0xff, 0xff, 0xff, 0xff, 0xff, 0xff, 0xff, 0xff, 0xff, 0xff,
  0xff, 0xff, 0xff, 0xff, 0xff, 0xff, 0xff, 0xff, 0xff, 0xff, 0xff, 0xff,
  0xff, 0xff, 0xff, 0xff, 0xff, 0xff, 0xff, 0xff, 0xff, 0xff, 0xff, 0xff,
  0xff, 0xff, 0xff, 0xff, 0xff, 0xff, 0xff, 0xff, 0xff, 0xff, 0xff, 0xff,
  0xff, 0xff, 0xff, 0xff, 0xff, 0xff, 0xff, 0xff, 0xff, 0xff, 0xff, 0xff,
  0xff, 0xff, 0xff, 0xff, 0xff, 0xff, 0xff, 0xff, 0xff, 0xff, 0xff, 0xff,
  0xff, 0xff, 0xff, 0xff, 0xff, 0xff, 0xff, 0xff, 0xff, 0xff, 0xff, 0xff,
  0xff, 0xff, 0xff, 0xff, 0xff, 0xff, 0xff, 0xff, 0xff, 0xff, 0xff, 0xff,
  0xff, 0xff, 0xff, 0xff, 0xff, 0xff, 0xff, 0xff, 0xff, 0xff, 0xff, 0xff,
  0xff, 0xff, 0xff, 0xff, 0xff, 0xff, 0xff, 0xff, 0xff, 0xff, 0xff, 0xff,
  0xff, 0xff, 0xff, 0xff, 0xff, 0xff, 0xff, 0xff, 0xff, 0xff, 0xff, 0xff,
  0xff, 0xff, 0xff, 0xff, 0xff, 0xff, 0xff, 0xff, 0xff, 0xff, 0xff, 0xff,
  0xff, 0xff, 0xff, 0xff, 0xff, 0xff, 0xff, 0xff, 0xff, 0xff, 0xff, 0xff,
  0xff, 0xff, 0xff, 0xff, 0xff, 0xff, 0xff, 0xff, 0xff, 0xff, 0xff, 0xff,
  0xff, 0xff, 0xff, 0xff, 0xff, 0xff, 0xff, 0xff, 0xff, 0xff, 0xff, 0xff,
  0xff, 0xff, 0xff, 0xff, 0xff, 0xff, 0xff, 0xff, 0xff, 0xff, 0xff, 0xff,
  0xff, 0xff, 0xff, 0xff, 0xff, 0xff, 0xff, 0xff, 0xff, 0xff, 0xff, 0xff,
  0xff, 0xff, 0xff, 0xff, 0xff, 0xff, 0xff, 0xff, 0xff, 0xff, 0xff, 0xff,
  0xff, 0xff, 0xff, 0xff, 0xff, 0xff, 0xff, 0xff, 0xff, 0xff, 0xff, 0xff,
  0xff, 0xff, 0xff, 0xff, 0xff, 0xff, 0xff, 0xff, 0xff, 0xff, 0xff, 0xff,
  0xff, 0xff, 0xff, 0xff, 0xff, 0xff, 0xff, 0xff, 0xff, 0xff, 0xff, 0xff,
  0xff, 0xff, 0xff, 0xff, 0xff, 0xff, 0xff, 0xff, 0xff, 0xff, 0xff, 0xff,
  0xff, 0xff, 0xff, 0xff, 0xff, 0xff, 0xff, 0xff, 0xff, 0xff, 0xff, 0xff,
  0xff, 0xff, 0xff, 0xff, 0xff, 0xff, 0xff, 0xff, 0xff, 0xff, 0xff, 0xff,
  0xff, 0xff, 0xff, 0xff, 0xff, 0xff, 0xff, 0xff, 0xff, 0xff, 0xff, 0xff,
  0xff, 0xff, 0xff, 0xff, 0xff, 0xff, 0xff, 0xff, 0xff, 0xff, 0xff, 0xff,
  0xff, 0xff, 0xff, 0xff, 0xff, 0xff, 0xff, 0xff, 0xff, 0xff, 0xff, 0xff,
  0xff, 0xff, 0xff, 0xff, 0xff, 0xff, 0xff, 0xff, 0xff, 0xff, 0xff, 0xff,
  0xff, 0xff, 0xff, 0xff, 0xff, 0xff, 0xff, 0xff, 0xff, 0xff, 0xff, 0xff,
  0xff, 0xff, 0xff, 0xff, 0xff, 0xff, 0xff, 0xff, 0xff, 0xff, 0xff, 0xff,
  0xff, 0xff, 0xff, 0xff, 0xff, 0xff, 0xff, 0xff, 0xff, 0xff, 0xff, 0xff,
  0xff, 0xff, 0xff, 0xff, 0xff, 0xff, 0xff, 0xff, 0xff, 0xff, 0xff, 0xff,
  0xff, 0xff, 0xff, 0xff, 0xff, 0xff, 0xff, 0xff, 0xff, 0xff, 0xff, 0xff,
  0xff, 0xff, 0xff, 0xff, 0xff, 0xff, 0xff, 0xff, 0xff, 0xff, 0xff, 0xff,
  0xff, 0xff, 0xff, 0xff, 0xff, 0xff, 0xff, 0xff, 0xff, 0xff, 0xff, 0xff,
  0xff, 0xff, 0xff, 0xff, 0xff, 0xff, 0xff, 0xff, 0xff, 0xff, 0xff, 0xff,
  0xff, 0xff, 0xff, 0xff, 0xff, 0xff, 0xff, 0xff, 0xff, 0xff, 0xff, 0xff,
  0xff, 0xff, 0xff, 0xff, 0xff, 0xff, 0xff, 0xff, 0xff, 0xff, 0xff, 0xff,
  0xff, 0xff, 0xff, 0xff, 0xff, 0xff, 0xff, 0xff, 0xff, 0xff, 0xff, 0xff,
  0xff, 0xff, 0xff, 0xff, 0xff, 0xff, 0xff, 0xff, 0xff, 0xff, 0xff, 0xff,
  0xff, 0xff, 0xff, 0xff, 0xff, 0xff, 0xff, 0xff, 0xff, 0xff, 0xff, 0xff,
  0xff, 0xff, 0xff, 0xff, 0xff, 0xff, 0xff, 0xff, 0xff, 0xff, 0xff, 0xff,
  0xff, 0xff, 0xff, 0xff, 0xff, 0xff, 0xff, 0xff, 0xff, 0xff, 0xff, 0xff,
  0xff, 0xff, 0xff, 0xff, 0xff, 0xff, 0xff, 0xff, 0xff, 0xff, 0xff, 0xff,
  0xff, 0xff, 0xff, 0xff, 0xff, 0xff, 0xff, 0xff, 0xff, 0xff, 0xff, 0xff,
  0xff, 0xff, 0xff, 0xff, 0xff, 0xff, 0xff, 0xff, 0xff, 0xff, 0xff, 0xff,
  0xff, 0xff, 0xff, 0xff, 0xff, 0xff, 0xff, 0xff, 0xff, 0xff, 0xff, 0xff,
  0xff, 0xff, 0xff, 0xff, 0xff, 0xff, 0xff, 0xff, 0xff, 0xff, 0xff, 0xff,
  0xff, 0xff, 0xff, 0xff, 0xff, 0xff, 0xff, 0xff, 0xff, 0xff, 0xff, 0xff,
  0xff, 0xff, 0xff, 0xff, 0xff, 0xff, 0xff, 0xff, 0xff, 0xff, 0xff, 0xff,
  0xff, 0xff, 0xff, 0xff, 0xff, 0xff, 0xff, 0xff, 0xff, 0xff, 0xff, 0xff,
  0xff, 0xff, 0xff, 0xff, 0xff, 0xff, 0xff, 0xff, 0xff, 0xff, 0xff, 0xff,
  0xff, 0xff, 0xff, 0xff, 0xff, 0xff, 0xff, 0xff, 0xff, 0xff, 0xff, 0xff,
  0xff, 0xff, 0xff, 0xff, 0xff, 0xff, 0xff, 0xff, 0xff, 0xff, 0xff, 0xff,
  0xff, 0xff, 0xff, 0xff, 0xff, 0xff, 0xff, 0xff, 0xff, 0xff, 0xff, 0xff,
  0xff, 0xff, 0xff, 0xff, 0xff, 0xff, 0xff, 0xff, 0xff, 0xff, 0xff, 0xff,
  0xff, 0xff, 0xff, 0xff, 0xff, 0xff, 0xff, 0xff, 0xff, 0xff, 0xff, 0xff,
  0xff, 0xff, 0xff, 0xff, 0xff, 0xff, 0xff, 0xff, 0xff, 0xff, 0xff, 0xff,
  0xff, 0xff, 0xff, 0xff, 0xff, 0xff, 0xff, 0xff, 0xff, 0xff, 0xff, 0xff,
  0xff, 0xff, 0xff, 0xff, 0xff, 0xff, 0xff, 0xff, 0xff, 0xff, 0xff, 0xff,
  0xff, 0xff, 0xff, 0xff, 0xff, 0xff, 0xff, 0xff, 0xff, 0xff, 0xff, 0xff,
  0xff, 0xff, 0xff, 0xff, 0xff, 0xff, 0xff, 0xff, 0xff, 0xff, 0xff, 0xff,
  0xff, 0xff, 0xff, 0xff, 0xff, 0xff, 0xff, 0xff, 0xff, 0xff, 0xff, 0xff,
  0xff, 0xff, 0xff, 0xff, 0xff, 0xff, 0xff, 0xff, 0xff, 0xff, 0xff, 0xff,
  0xff, 0xff, 0xff, 0xff, 0xff, 0xff, 0xff, 0xff, 0xff, 0xff, 0xff, 0xff,
  0xff, 0xff, 0xff, 0xff, 0xff, 0xff, 0xff, 0xff, 0xff, 0xff, 0xff, 0xff,
  0xff, 0xff, 0xff, 0xff, 0xff, 0xff, 0xff, 0xff, 0xff, 0xff, 0xff, 0xff,
  0xff, 0xff, 0xff, 0xff, 0xff, 0xff, 0xff, 0xff, 0xff, 0xff, 0xff, 0xff,
  0xff, 0xff, 0xff, 0xff, 0xff, 0xff, 0xff, 0xff, 0xff, 0xff, 0xff, 0xff,
  0xff, 0xff, 0xff, 0xff, 0xff, 0xff, 0xff, 0xff, 0xff, 0xff, 0xff, 0xff,
  0xff, 0xff, 0xff, 0xff, 0xff, 0xff, 0xff, 0xff, 0xff, 0xff, 0xff, 0xff,
  0xff, 0xff, 0xff, 0xff, 0xff, 0xff, 0xff, 0xff, 0xff, 0xff, 0xff, 0xff,
  0xff, 0xff, 0xff, 0xff, 0xff, 0xff, 0xff, 0xff, 0xff, 0xff, 0xff, 0xff,
  0xff, 0xff, 0xff, 0xff, 0xff, 0xff, 0xff, 0xff, 0xff, 0xff, 0xff, 0xff,
  0xff, 0xff, 0xff, 0xff, 0xff, 0xff, 0xff, 0xff, 0xff, 0xff, 0xff, 0xff,
  0xff, 0xff, 0xff, 0xff, 0xff, 0xff, 0xff, 0xff, 0xff, 0xff, 0xff, 0xff,
  0xff, 0xff, 0xff, 0xff, 0xff, 0xff, 0xff, 0xff, 0xff, 0xff, 0xff, 0xff,
  0xff, 0xff, 0xff, 0xff, 0xff, 0xff, 0xff, 0xff, 0xff, 0xff, 0xff, 0xff,
  0xff, 0xff, 0xff, 0xff, 0xff, 0xff, 0xff, 0xff, 0xff, 0xff, 0xff, 0xff,
  0xff, 0xff, 0xff, 0xff, 0xff, 0xff, 0xff, 0xff, 0xff, 0xff, 0xff, 0xff,
  0xff, 0xff, 0xff, 0xff, 0xff, 0xff, 0xff, 0xff, 0xff, 0xff, 0xff, 0xff,
  0xff, 0xff, 0xff, 0xff, 0xff, 0xff, 0xff, 0xff, 0xff, 0xff, 0xff, 0xff,
  0xff, 0xff, 0xff, 0xff, 0xff, 0xff, 0xff, 0xff, 0xff, 0xff, 0xff, 0xff,
  0xff, 0xff, 0xff, 0xff, 0xff, 0xff, 0xff, 0xff, 0xff, 0xff, 0xff, 0xff,
  0xff, 0xff, 0xff, 0xff, 0xff, 0xff, 0xff, 0xff, 0xff, 0xff, 0xff, 0xff,
  0xff, 0xff, 0xff, 0xff, 0xff, 0xff, 0xff, 0xff, 0xff, 0xff, 0xff, 0xff,
  0xff, 0xff, 0xff, 0xff, 0xff, 0xff, 0xff, 0xff, 0xff, 0xff, 0xff, 0xff,
  0xff, 0xff, 0xff, 0xff, 0xff, 0xff, 0xff, 0xff, 0xff, 0xff, 0xff, 0xff,
  0xff, 0xff, 0xff, 0xff, 0xff, 0xff, 0xff, 0xff, 0xff, 0xff, 0xff, 0xff,
  0xff, 0xff, 0xff, 0xff, 0xff, 0xff, 0xff, 0xff, 0xff, 0xff, 0xff, 0xff,
  0xff, 0xff, 0xff, 0xff, 0xff, 0xff, 0xff, 0xff, 0xff, 0xff, 0xff, 0xff,
  0xff, 0xff, 0xff, 0xff, 0xff, 0xff, 0xff, 0xff, 0xff, 0xff, 0xff, 0xff,
  0xff, 0xff, 0xff, 0xff, 0xff, 0xff, 0xff, 0xff, 0xff, 0xff, 0xff, 0xff,
  0xff, 0xff, 0xff, 0xff, 0xff, 0xff, 0xff, 0xff, 0xff, 0xff, 0xff, 0xff,
  0xff, 0xff, 0xff, 0xff, 0xff, 0xff, 0xff, 0xff, 0xff, 0xff, 0xff, 0xff,
  0xff, 0xff, 0xff, 0xff, 0xff, 0xff, 0xff, 0xff, 0xff, 0xff, 0xff, 0xff,
  0xff, 0xff, 0xff, 0xff, 0xff, 0xff, 0xff, 0xff, 0xff, 0xff, 0xff, 0xff,
  0xff, 0xff, 0xff, 0xff, 0xff, 0xff, 0xff, 0xff, 0xff, 0xff, 0xff, 0xff,
  0xff, 0xff, 0xff, 0xff, 0xff, 0xff, 0xff, 0xff, 0xff, 0xff, 0xff, 0xff,
  0xff, 0xff, 0xff, 0xff, 0xff, 0xff, 0xff, 0xff, 0xff, 0xff, 0xff, 0xff,
  0xff, 0xff, 0xff, 0xff, 0xff, 0xff, 0xff, 0xff, 0xff, 0xff, 0xff, 0xff,
  0xff, 0xff, 0xff, 0xff, 0xff, 0xff, 0xff, 0xff, 0xff, 0xff, 0xff, 0xff,
  0xff, 0xff, 0xff, 0xff, 0xff, 0xff, 0xff, 0xff, 0xff, 0xff, 0xff, 0xff,
  0xff, 0xff, 0xff, 0xff, 0xff, 0xff, 0xff, 0xff, 0xff, 0xff, 0xff, 0xff,
  0xff, 0xff, 0xff, 0xff, 0xff, 0xff, 0xff, 0xff, 0xff, 0xff, 0xff, 0xff,
  0xff, 0xff, 0xff, 0xff, 0xff, 0xff, 0xff, 0xff, 0xff, 0xff, 0xff, 0xff,
  0xff, 0xff, 0xff, 0xff, 0xff, 0xff, 0xff, 0xff, 0xff, 0xff, 0xff, 0xff,
  0xff, 0xff, 0xff, 0xff, 0xff, 0xff, 0xff, 0xff, 0xff, 0xff, 0xff, 0xff,
  0xff, 0xff, 0xff, 0xff, 0xff, 0xff, 0xff, 0xff, 0xff, 0xff, 0xff, 0xff,
  0xff, 0xff, 0xff, 0xff, 0xff, 0xff, 0xff, 0xff, 0xff, 0xff, 0xff, 0xff,
  0xff, 0xff, 0xff, 0xff, 0xff, 0xff, 0xff, 0xff, 0xff, 0xff, 0xff, 0xff,
  0xff, 0xff, 0xff, 0xff, 0xff, 0xff, 0xff, 0xff, 0xff, 0xff, 0xff, 0xff,
  0xff, 0xff, 0xff, 0xff, 0xff, 0xff, 0xff, 0xff, 0xff, 0xff, 0xff, 0xff,
  0xff, 0xff, 0xff, 0xff, 0xff, 0xff, 0xff, 0xff, 0xff, 0xff, 0xff, 0xff,
  0xff, 0xff, 0xff, 0xff, 0xff, 0xff, 0xff, 0xff, 0xff, 0xff, 0xff, 0xff,
  0xff, 0xff, 0xff, 0xff, 0xff, 0xff, 0xff, 0xff, 0xff, 0xff, 0xff, 0xff,
  0xff, 0xff, 0xff, 0xff, 0xff, 0xff, 0xff, 0xff, 0xff, 0xff, 0xff, 0xff,
  0xff, 0xff, 0xff, 0xff, 0xff, 0xff, 0xff, 0xff, 0xff, 0xff, 0xff, 0xff,
  0xff, 0xff, 0xff, 0xff, 0xff, 0xff, 0xff, 0xff, 0xff, 0xff, 0xff, 0xff,
  0xff, 0xff, 0xff, 0xff, 0xff, 0xff, 0xff, 0xff, 0xff, 0xff, 0xff, 0xff,
  0xff, 0xff, 0xff, 0xff, 0xff, 0xff, 0xff, 0xff, 0xff, 0xff, 0xff, 0xff,
  0xff, 0xff, 0xff, 0xff, 0xff, 0xff, 0xff, 0xff, 0xff, 0xff, 0xff, 0xff,
  0xff, 0xff, 0xff, 0xff, 0xff, 0xff, 0xff, 0xff, 0xff, 0xff, 0xff, 0xff,
  0xff, 0xff, 0xff, 0xff, 0xff, 0xff, 0xff, 0xff, 0xff, 0xff, 0xff, 0xff,
  0xff, 0xff, 0xff, 0xff, 0xff, 0xff, 0xff, 0xff, 0xff, 0xff, 0xff, 0xff,
  0xff, 0xff, 0xff, 0xff, 0xff, 0xff, 0xff, 0xff, 0xff, 0xff, 0xff, 0xff,
  0xff, 0xff, 0xff, 0xff, 0xff, 0xff, 0xff, 0xff, 0xff, 0xff, 0xff, 0xff,
  0xff, 0xff, 0xff, 0xff, 0xff, 0xff, 0xff, 0xff, 0xff, 0xff, 0xff, 0xff,
  0xff, 0xff, 0xff, 0xff, 0xff, 0xff, 0xff, 0xff, 0xff, 0xff, 0xff, 0xff,
  0xff, 0xff, 0xff, 0xff, 0xff, 0xff, 0xff, 0xff, 0xff, 0xff, 0xff, 0xff,
  0xff, 0xff, 0xff, 0xff, 0xff, 0xff, 0xff, 0xff, 0xff, 0xff, 0xff, 0xff,
  0xff, 0xff, 0xff, 0xff, 0xff, 0xff, 0xff, 0xff, 0xff, 0xff, 0xff, 0xff,
  0xff, 0xff, 0xff, 0xff, 0xff, 0xff, 0xff, 0xff, 0xff, 0xff, 0xff, 0xff,
  0xff, 0xff, 0xff, 0xff, 0xff, 0xff, 0xff, 0xff, 0xff, 0xff, 0xff, 0xff,
  0xff, 0xff, 0xff, 0xff, 0xff, 0xff, 0xff, 0xff, 0xff, 0xff, 0xff, 0xff,
  0xff, 0xff, 0xff, 0xff, 0xff, 0xff, 0xff, 0xff, 0xff, 0xff, 0xff, 0xff,
  0xff, 0xff, 0xff, 0xff, 0xff, 0xff, 0xff, 0xff, 0xff, 0xff, 0xff, 0xff,
  0xff, 0xff, 0xff, 0xff, 0xff, 0xff, 0xff, 0xff, 0xff, 0xff, 0xff, 0xff,
  0xff, 0xff, 0xff, 0xff, 0xff, 0xff, 0xff, 0xff, 0xff, 0xff, 0xff, 0xff,
  0xff, 0xff, 0xff, 0xff, 0xff, 0xff, 0xff, 0xff, 0xff, 0xff, 0xff, 0xff,
  0xff, 0xff, 0xff, 0xff, 0xff, 0xff, 0xff, 0xff, 0xff, 0xff, 0xff, 0xff,
  0xff, 0xff, 0xff, 0xff, 0xff, 0xff, 0xff, 0xff, 0xff, 0xff, 0xff, 0xff,
  0xff, 0xff, 0xff, 0xff, 0xff, 0xff, 0xff, 0xff, 0xff, 0xff, 0xff, 0xff,
  0xff, 0xff, 0xff, 0xff, 0xff, 0xff, 0xff, 0xff, 0xff, 0xff, 0xff, 0xff,
  0xff, 0xff, 0xff, 0xff, 0xff, 0xff, 0xff, 0xff, 0xff, 0xff, 0xff, 0xff,
  0xff, 0xff, 0xff, 0xff, 0xff, 0xff, 0xff, 0xff, 0xff, 0xff, 0xff, 0xff,
  0xff, 0xff, 0xff, 0xff, 0xff, 0xff, 0xff, 0xff, 0xff, 0xff, 0xff, 0xff,
  0xff, 0xff, 0xff, 0xff, 0xff, 0xff, 0xff, 0xff, 0xff, 0xff, 0xff, 0xff,
  0xff, 0xff, 0xff, 0xff, 0xff, 0xff, 0xff, 0xff, 0xff, 0xff, 0xff, 0xff,
  0xff, 0xff, 0xff, 0xff, 0xff, 0xff, 0xff, 0xff, 0xff, 0xff, 0xff, 0xff,
  0xff, 0xff, 0xff, 0xff, 0xff, 0xff, 0xff, 0xff, 0xff, 0xff, 0xff, 0xff,
  0xff, 0xff, 0xff, 0xff, 0xff, 0xff, 0xff, 0xff, 0xff, 0xff, 0xff, 0xff,
  0xff, 0xff, 0xff, 0xff, 0xff, 0xff, 0xff, 0xff, 0xff, 0xff, 0xff, 0xff
};
unsigned int ___resources_MSXAUDIO_NMS1205_ROM_len = 49152;
